T1_K,T2_K,actual_t1_s,actual_t2_s,loss,panel,pred_t2_s,source,t2_factor_error,t2_log10_abs_error,targets,top1_near_factor3,variant
348.0,383.0,0.1,0.1,0.36594632228620494,a,0.1,paper,1.0,0.0,"delta_h_kj_mol,delta_h_peak_kj_mol",True,fig2_only
348.0,383.0,0.2,0.1,0.3166556651215741,a,0.1,paper,1.0,0.0,"delta_h_kj_mol,delta_h_peak_kj_mol",True,fig2_only
348.0,383.0,0.5,0.1,0.3239992658946923,a,0.1,paper,1.0,0.0,"delta_h_kj_mol,delta_h_peak_kj_mol",True,fig2_only
348.0,383.0,1.0,0.1,0.25612320599193794,a,0.1,paper,1.0,0.0,"delta_h_kj_mol,delta_h_peak_kj_mol",True,fig2_only
348.0,383.0,2.0,0.1,0.2799864865226213,a,0.1,paper,1.0,0.0,"delta_h_kj_mol,delta_h_peak_kj_mol",True,fig2_only
348.0,383.0,5.0,0.1,0.22915544391812426,a,0.1,paper,1.0,0.0,"delta_h_kj_mol,delta_h_peak_kj_mol",True,fig2_only
348.0,383.0,10.0,0.1,0.2534457241380552,a,0.1,paper,1.0,0.0,"delta_h_kj_mol,delta_h_peak_kj_mol",True,fig2_only
348.0,383.0,20.0,0.1,0.16856282938103992,a,0.1,paper,1.0,0.0,"delta_h_kj_mol,delta_h_peak_kj_mol",True,fig2_only
348.0,383.0,50.0,0.1,0.1848650424924353,a,0.1,paper,1.0,0.0,"delta_h_kj_mol,delta_h_peak_kj_mol",True,fig2_only
348.0,383.0,100.0,0.1,0.04029947451722552,a,0.5,paper,5.0,0.6989700043360189,"delta_h_kj_mol,delta_h_peak_kj_mol",False,fig2_only
348.0,383.0,0.1,0.2,0.19679179141462247,a,0.1,paper,2.0,0.3010299956639812,"delta_h_kj_mol,delta_h_peak_kj_mol",True,fig2_only
348.0,383.0,0.2,0.2,0.20072740676314252,a,0.1,paper,2.0,0.3010299956639812,"delta_h_kj_mol,delta_h_peak_kj_mol",True,fig2_only
348.0,383.0,0.5,0.2,0.1333613260770551,a,0.1,paper,2.0,0.3010299956639812,"delta_h_kj_mol,delta_h_peak_kj_mol",True,fig2_only
348.0,383.0,1.0,0.2,0.14353527199859065,a,0.1,paper,2.0,0.3010299956639812,"delta_h_kj_mol,delta_h_peak_kj_mol",True,fig2_only
348.0,383.0,2.0,0.2,0.13126601478958322,a,0.1,paper,2.0,0.3010299956639812,"delta_h_kj_mol,delta_h_peak_kj_mol",True,fig2_only
348.0,383.0,5.0,0.2,0.18891891469393565,a,0.1,paper,2.0,0.3010299956639812,"delta_h_kj_mol,delta_h_peak_kj_mol",True,fig2_only
348.0,383.0,10.0,0.2,0.15367689659431816,a,0.1,paper,2.0,0.3010299956639812,"delta_h_kj_mol,delta_h_peak_kj_mol",True,fig2_only
348.0,383.0,20.0,0.2,0.16233669632230974,a,0.1,paper,2.0,0.3010299956639812,"delta_h_kj_mol,delta_h_peak_kj_mol",True,fig2_only
348.0,383.0,50.0,0.2,0.046683012117122655,a,0.1,paper,2.0,0.3010299956639812,"delta_h_kj_mol,delta_h_peak_kj_mol",True,fig2_only
348.0,383.0,100.0,0.2,0.062420786049523475,a,0.1,paper,2.0,0.3010299956639812,"delta_h_kj_mol,delta_h_peak_kj_mol",True,fig2_only
348.0,383.0,0.1,0.5,0.09974855417108625,a,0.1,paper,5.0,0.6989700043360187,"delta_h_kj_mol,delta_h_peak_kj_mol",False,fig2_only
348.0,383.0,0.2,0.5,0.10450223051530219,a,0.1,paper,5.0,0.6989700043360187,"delta_h_kj_mol,delta_h_peak_kj_mol",False,fig2_only
348.0,383.0,0.5,0.5,0.06877540808285976,a,0.2,paper,2.5,0.3979400086720376,"delta_h_kj_mol,delta_h_peak_kj_mol",True,fig2_only
348.0,383.0,1.0,0.5,0.06967063689686717,a,0.1,paper,5.0,0.6989700043360187,"delta_h_kj_mol,delta_h_peak_kj_mol",False,fig2_only
348.0,383.0,2.0,0.5,0.07912302328059397,a,0.1,paper,5.0,0.6989700043360187,"delta_h_kj_mol,delta_h_peak_kj_mol",False,fig2_only
348.0,383.0,5.0,0.5,0.05310950188230745,a,0.1,paper,5.0,0.6989700043360187,"delta_h_kj_mol,delta_h_peak_kj_mol",False,fig2_only
348.0,383.0,10.0,0.5,0.07761433393748947,a,0.1,paper,5.0,0.6989700043360187,"delta_h_kj_mol,delta_h_peak_kj_mol",False,fig2_only
348.0,383.0,20.0,0.5,0.08625971188077389,a,0.1,paper,5.0,0.6989700043360187,"delta_h_kj_mol,delta_h_peak_kj_mol",False,fig2_only
348.0,383.0,50.0,0.5,0.03942994126692471,a,0.2,paper,2.5,0.3979400086720376,"delta_h_kj_mol,delta_h_peak_kj_mol",True,fig2_only
348.0,383.0,100.0,0.5,0.04330990506896361,a,0.1,paper,5.0,0.6989700043360187,"delta_h_kj_mol,delta_h_peak_kj_mol",False,fig2_only
348.0,383.0,0.1,1.0,0.06951134350459091,a,2.0,paper,2.0,0.3010299956639812,"delta_h_kj_mol,delta_h_peak_kj_mol",True,fig2_only
348.0,383.0,0.2,1.0,0.06540224940297343,a,2.0,paper,2.0,0.3010299956639812,"delta_h_kj_mol,delta_h_peak_kj_mol",True,fig2_only
348.0,383.0,0.5,1.0,0.0588714277137762,a,2.0,paper,2.0,0.3010299956639812,"delta_h_kj_mol,delta_h_peak_kj_mol",True,fig2_only
348.0,383.0,1.0,1.0,0.05029755370256618,a,2.0,paper,2.0,0.3010299956639812,"delta_h_kj_mol,delta_h_peak_kj_mol",True,fig2_only
348.0,383.0,2.0,1.0,0.058810827068590386,a,2.0,paper,2.0,0.3010299956639812,"delta_h_kj_mol,delta_h_peak_kj_mol",True,fig2_only
348.0,383.0,5.0,1.0,0.0426321146132925,a,2.0,paper,2.0,0.3010299956639812,"delta_h_kj_mol,delta_h_peak_kj_mol",True,fig2_only
348.0,383.0,10.0,1.0,0.026670973402408142,a,2.0,paper,2.0,0.3010299956639812,"delta_h_kj_mol,delta_h_peak_kj_mol",True,fig2_only
348.0,383.0,20.0,1.0,0.03087149580016465,a,2.0,paper,2.0,0.3010299956639812,"delta_h_kj_mol,delta_h_peak_kj_mol",True,fig2_only
348.0,383.0,50.0,1.0,0.03968614317967095,a,2.0,paper,2.0,0.3010299956639812,"delta_h_kj_mol,delta_h_peak_kj_mol",True,fig2_only
348.0,383.0,100.0,1.0,0.04963118300432044,a,2.0,paper,2.0,0.3010299956639812,"delta_h_kj_mol,delta_h_peak_kj_mol",True,fig2_only
348.0,383.0,0.1,2.0,0.2405471156213943,a,2.0,paper,1.0,0.0,"delta_h_kj_mol,delta_h_peak_kj_mol",True,fig2_only
348.0,383.0,0.2,2.0,0.23471186224081064,a,2.0,paper,1.0,0.0,"delta_h_kj_mol,delta_h_peak_kj_mol",True,fig2_only
348.0,383.0,0.5,2.0,0.22717843206746452,a,2.0,paper,1.0,0.0,"delta_h_kj_mol,delta_h_peak_kj_mol",True,fig2_only
348.0,383.0,1.0,2.0,0.29030746623424275,a,2.0,paper,1.0,0.0,"delta_h_kj_mol,delta_h_peak_kj_mol",True,fig2_only
348.0,383.0,2.0,2.0,0.2665761817106698,a,2.0,paper,1.0,0.0,"delta_h_kj_mol,delta_h_peak_kj_mol",True,fig2_only
348.0,383.0,5.0,2.0,0.1958073524392579,a,2.0,paper,1.0,0.0,"delta_h_kj_mol,delta_h_peak_kj_mol",True,fig2_only
348.0,383.0,10.0,2.0,0.17383784335775193,a,2.0,paper,1.0,0.0,"delta_h_kj_mol,delta_h_peak_kj_mol",True,fig2_only
348.0,383.0,20.0,2.0,0.24454637751848662,a,2.0,paper,1.0,0.0,"delta_h_kj_mol,delta_h_peak_kj_mol",True,fig2_only
348.0,383.0,50.0,2.0,0.2321450430319801,a,2.0,paper,1.0,0.0,"delta_h_kj_mol,delta_h_peak_kj_mol",True,fig2_only
348.0,383.0,100.0,2.0,0.2269412997017701,a,2.0,paper,1.0,0.0,"delta_h_kj_mol,delta_h_peak_kj_mol",True,fig2_only
348.0,383.0,0.1,5.0,0.45506777446009766,a,2.0,paper,2.5,0.3979400086720376,"delta_h_kj_mol,delta_h_peak_kj_mol",True,fig2_only
348.0,383.0,0.2,5.0,0.45081529523608715,a,2.0,paper,2.5,0.3979400086720376,"delta_h_kj_mol,delta_h_peak_kj_mol",True,fig2_only
348.0,383.0,0.5,5.0,0.44433361144434325,a,2.0,paper,2.5,0.3979400086720376,"delta_h_kj_mol,delta_h_peak_kj_mol",True,fig2_only
348.0,383.0,1.0,5.0,0.43605072344975937,a,2.0,paper,2.5,0.3979400086720376,"delta_h_kj_mol,delta_h_peak_kj_mol",True,fig2_only
348.0,383.0,2.0,5.0,0.41291662739043417,a,2.0,paper,2.5,0.3979400086720376,"delta_h_kj_mol,delta_h_peak_kj_mol",True,fig2_only
348.0,383.0,5.0,5.0,0.40995242073654486,a,2.0,paper,2.5,0.3979400086720376,"delta_h_kj_mol,delta_h_peak_kj_mol",True,fig2_only
348.0,383.0,10.0,5.0,0.3893997541258066,a,2.0,paper,2.5,0.3979400086720376,"delta_h_kj_mol,delta_h_peak_kj_mol",True,fig2_only
348.0,383.0,20.0,5.0,0.37673366542565284,a,2.0,paper,2.5,0.3979400086720376,"delta_h_kj_mol,delta_h_peak_kj_mol",True,fig2_only
348.0,383.0,50.0,5.0,0.3639074413286764,a,2.0,paper,2.5,0.3979400086720376,"delta_h_kj_mol,delta_h_peak_kj_mol",True,fig2_only
348.0,383.0,100.0,5.0,0.3569132700771855,a,2.0,paper,2.5,0.3979400086720376,"delta_h_kj_mol,delta_h_peak_kj_mol",True,fig2_only
348.0,383.0,0.1,10.0,0.22824243433038918,a,5.0,paper,2.0,0.3010299956639812,"delta_h_kj_mol,delta_h_peak_kj_mol",True,fig2_only
348.0,383.0,0.2,10.0,0.22792298228375146,a,5.0,paper,2.0,0.3010299956639812,"delta_h_kj_mol,delta_h_peak_kj_mol",True,fig2_only
348.0,383.0,0.5,10.0,0.22903895790164336,a,5.0,paper,2.0,0.3010299956639812,"delta_h_kj_mol,delta_h_peak_kj_mol",True,fig2_only
348.0,383.0,1.0,10.0,0.23111169069868295,a,5.0,paper,2.0,0.3010299956639812,"delta_h_kj_mol,delta_h_peak_kj_mol",True,fig2_only
348.0,383.0,2.0,10.0,0.23525316971522292,a,5.0,paper,2.0,0.3010299956639812,"delta_h_kj_mol,delta_h_peak_kj_mol",True,fig2_only
348.0,383.0,5.0,10.0,0.1683619565740811,a,5.0,paper,2.0,0.3010299956639812,"delta_h_kj_mol,delta_h_peak_kj_mol",True,fig2_only
348.0,383.0,10.0,10.0,0.17071994792844103,a,5.0,paper,2.0,0.3010299956639812,"delta_h_kj_mol,delta_h_peak_kj_mol",True,fig2_only
348.0,383.0,20.0,10.0,0.16684292397460052,a,5.0,paper,2.0,0.3010299956639812,"delta_h_kj_mol,delta_h_peak_kj_mol",True,fig2_only
348.0,383.0,50.0,10.0,0.16585336609850843,a,5.0,paper,2.0,0.3010299956639812,"delta_h_kj_mol,delta_h_peak_kj_mol",True,fig2_only
348.0,383.0,100.0,10.0,0.16920974951514806,a,5.0,paper,2.0,0.3010299956639812,"delta_h_kj_mol,delta_h_peak_kj_mol",True,fig2_only
348.0,383.0,0.1,20.0,0.14398051111200189,a,10.0,paper,2.0,0.3010299956639812,"delta_h_kj_mol,delta_h_peak_kj_mol",True,fig2_only
348.0,383.0,0.2,20.0,0.14408306556548714,a,10.0,paper,2.0,0.3010299956639812,"delta_h_kj_mol,delta_h_peak_kj_mol",True,fig2_only
348.0,383.0,0.5,20.0,0.14512227994732757,a,10.0,paper,2.0,0.3010299956639812,"delta_h_kj_mol,delta_h_peak_kj_mol",True,fig2_only
348.0,383.0,1.0,20.0,0.11925954089050321,a,10.0,paper,2.0,0.3010299956639812,"delta_h_kj_mol,delta_h_peak_kj_mol",True,fig2_only
348.0,383.0,2.0,20.0,0.12161914813393532,a,10.0,paper,2.0,0.3010299956639812,"delta_h_kj_mol,delta_h_peak_kj_mol",True,fig2_only
348.0,383.0,5.0,20.0,0.12145945509219017,a,10.0,paper,2.0,0.3010299956639812,"delta_h_kj_mol,delta_h_peak_kj_mol",True,fig2_only
348.0,383.0,10.0,20.0,0.12250075042407073,a,10.0,paper,2.0,0.3010299956639812,"delta_h_kj_mol,delta_h_peak_kj_mol",True,fig2_only
348.0,383.0,20.0,20.0,0.2125018743414546,a,10.0,paper,2.0,0.3010299956639812,"delta_h_kj_mol,delta_h_peak_kj_mol",True,fig2_only
348.0,383.0,50.0,20.0,0.2042841645460436,a,10.0,paper,2.0,0.3010299956639812,"delta_h_kj_mol,delta_h_peak_kj_mol",True,fig2_only
348.0,383.0,100.0,20.0,0.2033406971847036,a,10.0,paper,2.0,0.3010299956639812,"delta_h_kj_mol,delta_h_peak_kj_mol",True,fig2_only
348.0,383.0,0.1,50.0,0.16811049252274113,a,50.0,paper,1.0,0.0,"delta_h_kj_mol,delta_h_peak_kj_mol",True,fig2_only
348.0,383.0,0.2,50.0,0.16800024982947612,a,50.0,paper,1.0,0.0,"delta_h_kj_mol,delta_h_peak_kj_mol",True,fig2_only
348.0,383.0,0.5,50.0,0.1686836594404452,a,50.0,paper,1.0,0.0,"delta_h_kj_mol,delta_h_peak_kj_mol",True,fig2_only
348.0,383.0,1.0,50.0,0.16976117944917526,a,50.0,paper,1.0,0.0,"delta_h_kj_mol,delta_h_peak_kj_mol",True,fig2_only
348.0,383.0,2.0,50.0,0.17127732539698892,a,50.0,paper,1.0,0.0,"delta_h_kj_mol,delta_h_peak_kj_mol",True,fig2_only
348.0,383.0,5.0,50.0,0.12281241546055333,a,50.0,paper,1.0,0.0,"delta_h_kj_mol,delta_h_peak_kj_mol",True,fig2_only
348.0,383.0,10.0,50.0,0.12360493489414345,a,50.0,paper,1.0,0.0,"delta_h_kj_mol,delta_h_peak_kj_mol",True,fig2_only
348.0,383.0,20.0,50.0,0.11941927292309909,a,50.0,paper,1.0,0.0,"delta_h_kj_mol,delta_h_peak_kj_mol",True,fig2_only
348.0,383.0,50.0,50.0,0.11751512156519613,a,50.0,paper,1.0,0.0,"delta_h_kj_mol,delta_h_peak_kj_mol",True,fig2_only
348.0,383.0,100.0,50.0,0.11959449133650842,a,50.0,paper,1.0,0.0,"delta_h_kj_mol,delta_h_peak_kj_mol",True,fig2_only
348.0,383.0,0.1,100.0,0.10861936601750649,a,500.0,paper,5.0,0.6989700043360189,"delta_h_kj_mol,delta_h_peak_kj_mol",False,fig2_only
348.0,383.0,0.2,100.0,0.10862739457094903,a,500.0,paper,5.0,0.6989700043360189,"delta_h_kj_mol,delta_h_peak_kj_mol",False,fig2_only
348.0,383.0,0.5,100.0,0.10918325954444442,a,500.0,paper,5.0,0.6989700043360189,"delta_h_kj_mol,delta_h_peak_kj_mol",False,fig2_only
348.0,383.0,1.0,100.0,0.10992576476999363,a,500.0,paper,5.0,0.6989700043360189,"delta_h_kj_mol,delta_h_peak_kj_mol",False,fig2_only
348.0,383.0,2.0,100.0,0.11063988965495201,a,500.0,paper,5.0,0.6989700043360189,"delta_h_kj_mol,delta_h_peak_kj_mol",False,fig2_only
348.0,383.0,5.0,100.0,0.07282588757101602,a,1000.0,paper,10.0,1.0,"delta_h_kj_mol,delta_h_peak_kj_mol",False,fig2_only
348.0,383.0,10.0,100.0,0.06523542194414682,a,1000.0,paper,10.0,1.0,"delta_h_kj_mol,delta_h_peak_kj_mol",False,fig2_only
348.0,383.0,20.0,100.0,0.058452380803268505,a,1000.0,paper,10.0,1.0,"delta_h_kj_mol,delta_h_peak_kj_mol",False,fig2_only
348.0,383.0,50.0,100.0,0.05517878158492928,a,1000.0,paper,10.0,1.0,"delta_h_kj_mol,delta_h_peak_kj_mol",False,fig2_only
348.0,383.0,100.0,100.0,0.05699344885454223,a,1000.0,paper,10.0,1.0,"delta_h_kj_mol,delta_h_peak_kj_mol",False,fig2_only
348.0,383.0,0.1,200.0,0.14322367691222104,a,1000.0,paper,5.0,0.6989700043360189,"delta_h_kj_mol,delta_h_peak_kj_mol",False,fig2_only
348.0,383.0,0.2,200.0,0.14227358628143838,a,1000.0,paper,5.0,0.6989700043360189,"delta_h_kj_mol,delta_h_peak_kj_mol",False,fig2_only
348.0,383.0,0.5,200.0,0.1411309292022276,a,1000.0,paper,5.0,0.6989700043360189,"delta_h_kj_mol,delta_h_peak_kj_mol",False,fig2_only
348.0,383.0,1.0,200.0,0.13914728645732985,a,1000.0,paper,5.0,0.6989700043360189,"delta_h_kj_mol,delta_h_peak_kj_mol",False,fig2_only
348.0,383.0,2.0,200.0,0.13022363121481273,a,1000.0,paper,5.0,0.6989700043360189,"delta_h_kj_mol,delta_h_peak_kj_mol",False,fig2_only
348.0,383.0,5.0,200.0,0.1397078581881192,a,1000.0,paper,5.0,0.6989700043360189,"delta_h_kj_mol,delta_h_peak_kj_mol",False,fig2_only
348.0,383.0,10.0,200.0,0.13194679227934994,a,1000.0,paper,5.0,0.6989700043360189,"delta_h_kj_mol,delta_h_peak_kj_mol",False,fig2_only
348.0,383.0,20.0,200.0,0.12509334541658468,a,1000.0,paper,5.0,0.6989700043360189,"delta_h_kj_mol,delta_h_peak_kj_mol",False,fig2_only
348.0,383.0,50.0,200.0,0.12080274055146681,a,1000.0,paper,5.0,0.6989700043360189,"delta_h_kj_mol,delta_h_peak_kj_mol",False,fig2_only
348.0,383.0,100.0,200.0,0.1217152438591986,a,1000.0,paper,5.0,0.6989700043360189,"delta_h_kj_mol,delta_h_peak_kj_mol",False,fig2_only
348.0,383.0,0.1,500.0,0.24258651103892978,a,1000.0,paper,2.0,0.3010299956639812,"delta_h_kj_mol,delta_h_peak_kj_mol",True,fig2_only
348.0,383.0,0.2,500.0,0.24095512520637052,a,1000.0,paper,2.0,0.3010299956639812,"delta_h_kj_mol,delta_h_peak_kj_mol",True,fig2_only
348.0,383.0,0.5,500.0,0.23943361706283597,a,1000.0,paper,2.0,0.3010299956639812,"delta_h_kj_mol,delta_h_peak_kj_mol",True,fig2_only
348.0,383.0,1.0,500.0,0.23743332123705502,a,1000.0,paper,2.0,0.3010299956639812,"delta_h_kj_mol,delta_h_peak_kj_mol",True,fig2_only
348.0,383.0,2.0,500.0,0.22870174510249047,a,1000.0,paper,2.0,0.3010299956639812,"delta_h_kj_mol,delta_h_peak_kj_mol",True,fig2_only
348.0,383.0,5.0,500.0,0.19524132352481982,a,1000.0,paper,2.0,0.3010299956639812,"delta_h_kj_mol,delta_h_peak_kj_mol",True,fig2_only
348.0,383.0,10.0,500.0,0.18732188692369206,a,1000.0,paper,2.0,0.3010299956639812,"delta_h_kj_mol,delta_h_peak_kj_mol",True,fig2_only
348.0,383.0,20.0,500.0,0.18040799179954178,a,1000.0,paper,2.0,0.3010299956639812,"delta_h_kj_mol,delta_h_peak_kj_mol",True,fig2_only
348.0,383.0,50.0,500.0,0.17640996549088453,a,1000.0,paper,2.0,0.3010299956639812,"delta_h_kj_mol,delta_h_peak_kj_mol",True,fig2_only
348.0,383.0,100.0,500.0,0.17796515529694593,a,1000.0,paper,2.0,0.3010299956639812,"delta_h_kj_mol,delta_h_peak_kj_mol",True,fig2_only
348.0,383.0,0.1,1000.0,0.23682481815715906,a,1000.0,paper,1.0,0.0,"delta_h_kj_mol,delta_h_peak_kj_mol",True,fig2_only
348.0,383.0,0.2,1000.0,0.23518950062275884,a,1000.0,paper,1.0,0.0,"delta_h_kj_mol,delta_h_peak_kj_mol",True,fig2_only
348.0,383.0,0.5,1000.0,0.23366564734607637,a,1000.0,paper,1.0,0.0,"delta_h_kj_mol,delta_h_peak_kj_mol",True,fig2_only
348.0,383.0,1.0,1000.0,0.23166382123406554,a,1000.0,paper,1.0,0.0,"delta_h_kj_mol,delta_h_peak_kj_mol",True,fig2_only
348.0,383.0,2.0,1000.0,0.22292522892105943,a,1000.0,paper,1.0,0.0,"delta_h_kj_mol,delta_h_peak_kj_mol",True,fig2_only
348.0,383.0,5.0,1000.0,0.19405962621278688,a,1000.0,paper,1.0,0.0,"delta_h_kj_mol,delta_h_peak_kj_mol",True,fig2_only
348.0,383.0,10.0,1000.0,0.18612699338369798,a,1000.0,paper,1.0,0.0,"delta_h_kj_mol,delta_h_peak_kj_mol",True,fig2_only
348.0,383.0,20.0,1000.0,0.1792052026534357,a,1000.0,paper,1.0,0.0,"delta_h_kj_mol,delta_h_peak_kj_mol",True,fig2_only
348.0,383.0,50.0,1000.0,0.17521991391751618,a,1000.0,paper,1.0,0.0,"delta_h_kj_mol,delta_h_peak_kj_mol",True,fig2_only
348.0,383.0,100.0,1000.0,0.17681030698420508,a,1000.0,paper,1.0,0.0,"delta_h_kj_mol,delta_h_peak_kj_mol",True,fig2_only
363.0,383.0,0.1,0.1,0.4211584101979348,b,0.1,paper,1.0,0.0,"delta_h_kj_mol,delta_h_peak_kj_mol",True,fig2_only
363.0,383.0,0.2,0.1,0.32743060543250124,b,0.1,paper,1.0,0.0,"delta_h_kj_mol,delta_h_peak_kj_mol",True,fig2_only
363.0,383.0,0.5,0.1,0.3439166850448929,b,0.1,paper,1.0,0.0,"delta_h_kj_mol,delta_h_peak_kj_mol",True,fig2_only
363.0,383.0,1.0,0.1,0.2882661323930972,b,0.1,paper,1.0,0.0,"delta_h_kj_mol,delta_h_peak_kj_mol",True,fig2_only
363.0,383.0,2.0,0.1,0.3167623667792496,b,0.1,paper,1.0,0.0,"delta_h_kj_mol,delta_h_peak_kj_mol",True,fig2_only
363.0,383.0,5.0,0.1,0.2662390776332127,b,0.1,paper,1.0,0.0,"delta_h_kj_mol,delta_h_peak_kj_mol",True,fig2_only
363.0,383.0,10.0,0.1,0.2811376419183631,b,0.1,paper,1.0,0.0,"delta_h_kj_mol,delta_h_peak_kj_mol",True,fig2_only
363.0,383.0,20.0,0.1,0.11345217633428023,b,0.1,paper,1.0,0.0,"delta_h_kj_mol,delta_h_peak_kj_mol",True,fig2_only
363.0,383.0,50.0,0.1,0.5646154848451949,b,0.5,paper,5.0,0.6989700043360189,"delta_h_kj_mol,delta_h_peak_kj_mol",False,fig2_only
363.0,383.0,100.0,0.1,0.23083455801732358,b,10.0,paper,100.0,2.0,"delta_h_kj_mol,delta_h_peak_kj_mol",False,fig2_only
363.0,383.0,0.1,0.2,0.2982446076139379,b,0.1,paper,2.0,0.3010299956639812,"delta_h_kj_mol,delta_h_peak_kj_mol",True,fig2_only
363.0,383.0,0.2,0.2,0.3074148543644959,b,0.1,paper,2.0,0.3010299956639812,"delta_h_kj_mol,delta_h_peak_kj_mol",True,fig2_only
363.0,383.0,0.5,0.2,0.26533233771528236,b,0.1,paper,2.0,0.3010299956639812,"delta_h_kj_mol,delta_h_peak_kj_mol",True,fig2_only
363.0,383.0,1.0,0.2,0.28405028858868697,b,0.1,paper,2.0,0.3010299956639812,"delta_h_kj_mol,delta_h_peak_kj_mol",True,fig2_only
363.0,383.0,2.0,0.2,0.22992136340286418,b,0.1,paper,2.0,0.3010299956639812,"delta_h_kj_mol,delta_h_peak_kj_mol",True,fig2_only
363.0,383.0,5.0,0.2,0.26182422512019443,b,0.1,paper,2.0,0.3010299956639812,"delta_h_kj_mol,delta_h_peak_kj_mol",True,fig2_only
363.0,383.0,10.0,0.2,0.05698384224572846,b,0.1,paper,2.0,0.3010299956639812,"delta_h_kj_mol,delta_h_peak_kj_mol",True,fig2_only
363.0,383.0,20.0,0.2,0.13333863740406648,b,0.1,paper,2.0,0.3010299956639812,"delta_h_kj_mol,delta_h_peak_kj_mol",True,fig2_only
363.0,383.0,50.0,0.2,0.07500882680715992,b,5.0,paper,25.0,1.3979400086720377,"delta_h_kj_mol,delta_h_peak_kj_mol",False,fig2_only
363.0,383.0,100.0,0.2,0.10567294892850096,b,5.0,paper,25.0,1.3979400086720377,"delta_h_kj_mol,delta_h_peak_kj_mol",False,fig2_only
363.0,383.0,0.1,0.5,0.1434666639021578,b,0.1,paper,5.0,0.6989700043360187,"delta_h_kj_mol,delta_h_peak_kj_mol",False,fig2_only
363.0,383.0,0.2,0.5,0.15358715813762253,b,0.1,paper,5.0,0.6989700043360187,"delta_h_kj_mol,delta_h_peak_kj_mol",False,fig2_only
363.0,383.0,0.5,0.5,0.137222887578593,b,0.5,paper,1.0,0.0,"delta_h_kj_mol,delta_h_peak_kj_mol",True,fig2_only
363.0,383.0,1.0,0.5,0.12926481990695218,b,0.5,paper,1.0,0.0,"delta_h_kj_mol,delta_h_peak_kj_mol",True,fig2_only
363.0,383.0,2.0,0.5,0.12287921566746074,b,0.2,paper,2.5,0.3979400086720376,"delta_h_kj_mol,delta_h_peak_kj_mol",True,fig2_only
363.0,383.0,5.0,0.5,0.05350287888291302,b,0.2,paper,2.5,0.3979400086720376,"delta_h_kj_mol,delta_h_peak_kj_mol",True,fig2_only
363.0,383.0,10.0,0.5,0.05063563952439701,b,0.1,paper,5.0,0.6989700043360187,"delta_h_kj_mol,delta_h_peak_kj_mol",False,fig2_only
363.0,383.0,20.0,0.5,0.12616375169200286,b,0.1,paper,5.0,0.6989700043360187,"delta_h_kj_mol,delta_h_peak_kj_mol",False,fig2_only
363.0,383.0,50.0,0.5,0.10189686916160556,b,5.0,paper,10.0,1.0,"delta_h_kj_mol,delta_h_peak_kj_mol",False,fig2_only
363.0,383.0,100.0,0.5,0.143459725096152,b,5.0,paper,10.0,1.0,"delta_h_kj_mol,delta_h_peak_kj_mol",False,fig2_only
363.0,383.0,0.1,1.0,0.14305510923669373,b,2.0,paper,2.0,0.3010299956639812,"delta_h_kj_mol,delta_h_peak_kj_mol",True,fig2_only
363.0,383.0,0.2,1.0,0.1507637868415968,b,2.0,paper,2.0,0.3010299956639812,"delta_h_kj_mol,delta_h_peak_kj_mol",True,fig2_only
363.0,383.0,0.5,1.0,0.16395711566909835,b,2.0,paper,2.0,0.3010299956639812,"delta_h_kj_mol,delta_h_peak_kj_mol",True,fig2_only
363.0,383.0,1.0,1.0,0.1782324462027891,b,2.0,paper,2.0,0.3010299956639812,"delta_h_kj_mol,delta_h_peak_kj_mol",True,fig2_only
363.0,383.0,2.0,1.0,0.13392047126352266,b,1.0,paper,1.0,0.0,"delta_h_kj_mol,delta_h_peak_kj_mol",True,fig2_only
363.0,383.0,5.0,1.0,0.055752060947623416,b,1.0,paper,1.0,0.0,"delta_h_kj_mol,delta_h_peak_kj_mol",True,fig2_only
363.0,383.0,10.0,1.0,0.03009754990622929,b,0.5,paper,2.0,0.3010299956639812,"delta_h_kj_mol,delta_h_peak_kj_mol",True,fig2_only
363.0,383.0,20.0,1.0,0.0636123054148136,b,0.1,paper,10.0,1.0,"delta_h_kj_mol,delta_h_peak_kj_mol",False,fig2_only
363.0,383.0,50.0,1.0,0.5042937343823148,b,0.1,paper,10.0,1.0,"delta_h_kj_mol,delta_h_peak_kj_mol",False,fig2_only
363.0,383.0,100.0,1.0,0.7269652168024214,b,0.5,paper,2.0,0.3010299956639812,"delta_h_kj_mol,delta_h_peak_kj_mol",True,fig2_only
363.0,383.0,0.1,2.0,0.3137976426991628,b,2.0,paper,1.0,0.0,"delta_h_kj_mol,delta_h_peak_kj_mol",True,fig2_only
363.0,383.0,0.2,2.0,0.3049889034141001,b,2.0,paper,1.0,0.0,"delta_h_kj_mol,delta_h_peak_kj_mol",True,fig2_only
363.0,383.0,0.5,2.0,0.34776086612670637,b,2.0,paper,1.0,0.0,"delta_h_kj_mol,delta_h_peak_kj_mol",True,fig2_only
363.0,383.0,1.0,2.0,0.3328603125074713,b,2.0,paper,1.0,0.0,"delta_h_kj_mol,delta_h_peak_kj_mol",True,fig2_only
363.0,383.0,2.0,2.0,0.3774928486557828,b,2.0,paper,1.0,0.0,"delta_h_kj_mol,delta_h_peak_kj_mol",True,fig2_only
363.0,383.0,5.0,2.0,0.23038642147932833,b,2.0,paper,1.0,0.0,"delta_h_kj_mol,delta_h_peak_kj_mol",True,fig2_only
363.0,383.0,10.0,2.0,0.31065351959075627,b,2.0,paper,1.0,0.0,"delta_h_kj_mol,delta_h_peak_kj_mol",True,fig2_only
363.0,383.0,20.0,2.0,0.26099462003648505,b,2.0,paper,1.0,0.0,"delta_h_kj_mol,delta_h_peak_kj_mol",True,fig2_only
363.0,383.0,50.0,2.0,0.2066555235862781,b,5.0,paper,2.5,0.3979400086720376,"delta_h_kj_mol,delta_h_peak_kj_mol",True,fig2_only
363.0,383.0,100.0,2.0,0.2493383674973152,b,5.0,paper,2.5,0.3979400086720376,"delta_h_kj_mol,delta_h_peak_kj_mol",True,fig2_only
363.0,383.0,0.1,5.0,0.41867777890918234,b,5.0,paper,1.0,0.0,"delta_h_kj_mol,delta_h_peak_kj_mol",True,fig2_only
363.0,383.0,0.2,5.0,0.4198909984755231,b,5.0,paper,1.0,0.0,"delta_h_kj_mol,delta_h_peak_kj_mol",True,fig2_only
363.0,383.0,0.5,5.0,0.3469063989846171,b,5.0,paper,1.0,0.0,"delta_h_kj_mol,delta_h_peak_kj_mol",True,fig2_only
363.0,383.0,1.0,5.0,0.3571797780865866,b,5.0,paper,1.0,0.0,"delta_h_kj_mol,delta_h_peak_kj_mol",True,fig2_only
363.0,383.0,2.0,5.0,0.3928589668684375,b,5.0,paper,1.0,0.0,"delta_h_kj_mol,delta_h_peak_kj_mol",True,fig2_only
363.0,383.0,5.0,5.0,0.3973000888601434,b,2.0,paper,2.5,0.3979400086720376,"delta_h_kj_mol,delta_h_peak_kj_mol",True,fig2_only
363.0,383.0,10.0,5.0,0.3480636995442437,b,2.0,paper,2.5,0.3979400086720376,"delta_h_kj_mol,delta_h_peak_kj_mol",True,fig2_only
363.0,383.0,20.0,5.0,0.299852612802876,b,2.0,paper,2.5,0.3979400086720376,"delta_h_kj_mol,delta_h_peak_kj_mol",True,fig2_only
363.0,383.0,50.0,5.0,0.20352961326235158,b,5.0,paper,1.0,0.0,"delta_h_kj_mol,delta_h_peak_kj_mol",True,fig2_only
363.0,383.0,100.0,5.0,0.25167910442612546,b,5.0,paper,1.0,0.0,"delta_h_kj_mol,delta_h_peak_kj_mol",True,fig2_only
363.0,383.0,0.1,10.0,0.25440362348786627,b,5.0,paper,2.0,0.3010299956639812,"delta_h_kj_mol,delta_h_peak_kj_mol",True,fig2_only
363.0,383.0,0.2,10.0,0.2568617893221957,b,5.0,paper,2.0,0.3010299956639812,"delta_h_kj_mol,delta_h_peak_kj_mol",True,fig2_only
363.0,383.0,0.5,10.0,0.26284530332581,b,5.0,paper,2.0,0.3010299956639812,"delta_h_kj_mol,delta_h_peak_kj_mol",True,fig2_only
363.0,383.0,1.0,10.0,0.272989701464474,b,5.0,paper,2.0,0.3010299956639812,"delta_h_kj_mol,delta_h_peak_kj_mol",True,fig2_only
363.0,383.0,2.0,10.0,0.3077792432044523,b,5.0,paper,2.0,0.3010299956639812,"delta_h_kj_mol,delta_h_peak_kj_mol",True,fig2_only
363.0,383.0,5.0,10.0,0.11879972412827962,b,5.0,paper,2.0,0.3010299956639812,"delta_h_kj_mol,delta_h_peak_kj_mol",True,fig2_only
363.0,383.0,10.0,10.0,0.10472814506814537,b,5.0,paper,2.0,0.3010299956639812,"delta_h_kj_mol,delta_h_peak_kj_mol",True,fig2_only
363.0,383.0,20.0,10.0,0.11994167456313298,b,5.0,paper,2.0,0.3010299956639812,"delta_h_kj_mol,delta_h_peak_kj_mol",True,fig2_only
363.0,383.0,50.0,10.0,0.18617095596796368,b,5.0,paper,2.0,0.3010299956639812,"delta_h_kj_mol,delta_h_peak_kj_mol",True,fig2_only
363.0,383.0,100.0,10.0,0.2328876014111299,b,5.0,paper,2.0,0.3010299956639812,"delta_h_kj_mol,delta_h_peak_kj_mol",True,fig2_only
363.0,383.0,0.1,20.0,0.1672479395141837,b,10.0,paper,2.0,0.3010299956639812,"delta_h_kj_mol,delta_h_peak_kj_mol",True,fig2_only
363.0,383.0,0.2,20.0,0.16812997358009868,b,10.0,paper,2.0,0.3010299956639812,"delta_h_kj_mol,delta_h_peak_kj_mol",True,fig2_only
363.0,383.0,0.5,20.0,0.16985859863987451,b,10.0,paper,2.0,0.3010299956639812,"delta_h_kj_mol,delta_h_peak_kj_mol",True,fig2_only
363.0,383.0,1.0,20.0,0.1704058513110696,b,10.0,paper,2.0,0.3010299956639812,"delta_h_kj_mol,delta_h_peak_kj_mol",True,fig2_only
363.0,383.0,2.0,20.0,0.16109135052667178,b,10.0,paper,2.0,0.3010299956639812,"delta_h_kj_mol,delta_h_peak_kj_mol",True,fig2_only
363.0,383.0,5.0,20.0,0.047729664208155616,b,10.0,paper,2.0,0.3010299956639812,"delta_h_kj_mol,delta_h_peak_kj_mol",True,fig2_only
363.0,383.0,10.0,20.0,0.07619852900665261,b,10.0,paper,2.0,0.3010299956639812,"delta_h_kj_mol,delta_h_peak_kj_mol",True,fig2_only
363.0,383.0,20.0,20.0,0.0771290337878038,b,10.0,paper,2.0,0.3010299956639812,"delta_h_kj_mol,delta_h_peak_kj_mol",True,fig2_only
363.0,383.0,50.0,20.0,0.0796280715656276,b,5.0,paper,4.0,0.6020599913279624,"delta_h_kj_mol,delta_h_peak_kj_mol",False,fig2_only
363.0,383.0,100.0,20.0,0.12421865823096963,b,5.0,paper,4.0,0.6020599913279624,"delta_h_kj_mol,delta_h_peak_kj_mol",False,fig2_only
363.0,383.0,0.1,50.0,0.1252672711448083,b,50.0,paper,1.0,0.0,"delta_h_kj_mol,delta_h_peak_kj_mol",True,fig2_only
363.0,383.0,0.2,50.0,0.12627495188113833,b,50.0,paper,1.0,0.0,"delta_h_kj_mol,delta_h_peak_kj_mol",True,fig2_only
363.0,383.0,0.5,50.0,0.1281318580622899,b,50.0,paper,1.0,0.0,"delta_h_kj_mol,delta_h_peak_kj_mol",True,fig2_only
363.0,383.0,1.0,50.0,0.1289603239134436,b,50.0,paper,1.0,0.0,"delta_h_kj_mol,delta_h_peak_kj_mol",True,fig2_only
363.0,383.0,2.0,50.0,0.12093778243954023,b,50.0,paper,1.0,0.0,"delta_h_kj_mol,delta_h_peak_kj_mol",True,fig2_only
363.0,383.0,5.0,50.0,0.0664948930368069,b,50.0,paper,1.0,0.0,"delta_h_kj_mol,delta_h_peak_kj_mol",True,fig2_only
363.0,383.0,10.0,50.0,0.05337897305011362,b,50.0,paper,1.0,0.0,"delta_h_kj_mol,delta_h_peak_kj_mol",True,fig2_only
363.0,383.0,20.0,50.0,0.07183746090471832,b,50.0,paper,1.0,0.0,"delta_h_kj_mol,delta_h_peak_kj_mol",True,fig2_only
363.0,383.0,50.0,50.0,0.15014537454384758,b,20.0,paper,2.5,0.3979400086720376,"delta_h_kj_mol,delta_h_peak_kj_mol",True,fig2_only
363.0,383.0,100.0,50.0,0.18729988935496486,b,20.0,paper,2.5,0.3979400086720376,"delta_h_kj_mol,delta_h_peak_kj_mol",True,fig2_only
363.0,383.0,0.1,100.0,0.028206310092367265,b,1000.0,paper,10.0,1.0,"delta_h_kj_mol,delta_h_peak_kj_mol",False,fig2_only
363.0,383.0,0.2,100.0,0.02855788765988338,b,1000.0,paper,10.0,1.0,"delta_h_kj_mol,delta_h_peak_kj_mol",False,fig2_only
363.0,383.0,0.5,100.0,0.028937036264853236,b,1000.0,paper,10.0,1.0,"delta_h_kj_mol,delta_h_peak_kj_mol",False,fig2_only
363.0,383.0,1.0,100.0,0.027698628771560277,b,1000.0,paper,10.0,1.0,"delta_h_kj_mol,delta_h_peak_kj_mol",False,fig2_only
363.0,383.0,2.0,100.0,0.014451855037635634,b,1000.0,paper,10.0,1.0,"delta_h_kj_mol,delta_h_peak_kj_mol",False,fig2_only
363.0,383.0,5.0,100.0,0.05118616269266449,b,1000.0,paper,10.0,1.0,"delta_h_kj_mol,delta_h_peak_kj_mol",False,fig2_only
363.0,383.0,10.0,100.0,0.06634809881295697,b,500.0,paper,5.0,0.6989700043360189,"delta_h_kj_mol,delta_h_peak_kj_mol",False,fig2_only
363.0,383.0,20.0,100.0,0.048101840688312816,b,500.0,paper,5.0,0.6989700043360189,"delta_h_kj_mol,delta_h_peak_kj_mol",False,fig2_only
363.0,383.0,50.0,100.0,0.04184488471566827,b,1000.0,paper,10.0,1.0,"delta_h_kj_mol,delta_h_peak_kj_mol",False,fig2_only
363.0,383.0,100.0,100.0,0.08375293428173003,b,500.0,paper,5.0,0.6989700043360189,"delta_h_kj_mol,delta_h_peak_kj_mol",False,fig2_only
363.0,383.0,0.1,200.0,0.23983541411095163,b,1000.0,paper,5.0,0.6989700043360189,"delta_h_kj_mol,delta_h_peak_kj_mol",False,fig2_only
363.0,383.0,0.2,200.0,0.2393124225511219,b,1000.0,paper,5.0,0.6989700043360189,"delta_h_kj_mol,delta_h_peak_kj_mol",False,fig2_only
363.0,383.0,0.5,200.0,0.239224234388675,b,1000.0,paper,5.0,0.6989700043360189,"delta_h_kj_mol,delta_h_peak_kj_mol",False,fig2_only
363.0,383.0,1.0,200.0,0.2380405833989392,b,1000.0,paper,5.0,0.6989700043360189,"delta_h_kj_mol,delta_h_peak_kj_mol",False,fig2_only
363.0,383.0,2.0,200.0,0.2253907221285259,b,1000.0,paper,5.0,0.6989700043360189,"delta_h_kj_mol,delta_h_peak_kj_mol",False,fig2_only
363.0,383.0,5.0,200.0,0.16124366371574142,b,1000.0,paper,5.0,0.6989700043360189,"delta_h_kj_mol,delta_h_peak_kj_mol",False,fig2_only
363.0,383.0,10.0,200.0,0.1447527077124322,b,1000.0,paper,5.0,0.6989700043360189,"delta_h_kj_mol,delta_h_peak_kj_mol",False,fig2_only
363.0,383.0,20.0,200.0,0.16015809661638825,b,1000.0,paper,5.0,0.6989700043360189,"delta_h_kj_mol,delta_h_peak_kj_mol",False,fig2_only
363.0,383.0,50.0,200.0,0.2393434741037028,b,1000.0,paper,5.0,0.6989700043360189,"delta_h_kj_mol,delta_h_peak_kj_mol",False,fig2_only
363.0,383.0,100.0,200.0,0.27871266874186135,b,1000.0,paper,5.0,0.6989700043360189,"delta_h_kj_mol,delta_h_peak_kj_mol",False,fig2_only
363.0,383.0,0.1,500.0,0.31862847550556017,b,1000.0,paper,2.0,0.3010299956639812,"delta_h_kj_mol,delta_h_peak_kj_mol",True,fig2_only
363.0,383.0,0.2,500.0,0.317646366105964,b,1000.0,paper,2.0,0.3010299956639812,"delta_h_kj_mol,delta_h_peak_kj_mol",True,fig2_only
363.0,383.0,0.5,500.0,0.3173140203746374,b,1000.0,paper,2.0,0.3010299956639812,"delta_h_kj_mol,delta_h_peak_kj_mol",True,fig2_only
363.0,383.0,1.0,500.0,0.31615900088958754,b,1000.0,paper,2.0,0.3010299956639812,"delta_h_kj_mol,delta_h_peak_kj_mol",True,fig2_only
363.0,383.0,2.0,500.0,0.3038116120051672,b,1000.0,paper,2.0,0.3010299956639812,"delta_h_kj_mol,delta_h_peak_kj_mol",True,fig2_only
363.0,383.0,5.0,500.0,0.24036821694018706,b,1000.0,paper,2.0,0.3010299956639812,"delta_h_kj_mol,delta_h_peak_kj_mol",True,fig2_only
363.0,383.0,10.0,500.0,0.22409337601998677,b,1000.0,paper,2.0,0.3010299956639812,"delta_h_kj_mol,delta_h_peak_kj_mol",True,fig2_only
363.0,383.0,20.0,500.0,0.24003656951197438,b,1000.0,paper,2.0,0.3010299956639812,"delta_h_kj_mol,delta_h_peak_kj_mol",True,fig2_only
363.0,383.0,50.0,500.0,0.3210506792849036,b,1000.0,paper,2.0,0.3010299956639812,"delta_h_kj_mol,delta_h_peak_kj_mol",True,fig2_only
363.0,383.0,100.0,500.0,0.3615925410037557,b,1000.0,paper,2.0,0.3010299956639812,"delta_h_kj_mol,delta_h_peak_kj_mol",True,fig2_only
363.0,383.0,0.1,1000.0,0.30902001565902604,b,1000.0,paper,1.0,0.0,"delta_h_kj_mol,delta_h_peak_kj_mol",True,fig2_only
363.0,383.0,0.2,1000.0,0.3080449348520723,b,1000.0,paper,1.0,0.0,"delta_h_kj_mol,delta_h_peak_kj_mol",True,fig2_only
363.0,383.0,0.5,1000.0,0.3077173547250287,b,1000.0,paper,1.0,0.0,"delta_h_kj_mol,delta_h_peak_kj_mol",True,fig2_only
363.0,383.0,1.0,1000.0,0.306562289095943,b,1000.0,paper,1.0,0.0,"delta_h_kj_mol,delta_h_peak_kj_mol",True,fig2_only
363.0,383.0,2.0,1000.0,0.2942014920981755,b,1000.0,paper,1.0,0.0,"delta_h_kj_mol,delta_h_peak_kj_mol",True,fig2_only
363.0,383.0,5.0,1000.0,0.23263498196846394,b,1000.0,paper,1.0,0.0,"delta_h_kj_mol,delta_h_peak_kj_mol",True,fig2_only
363.0,383.0,10.0,1000.0,0.21633731152906419,b,1000.0,paper,1.0,0.0,"delta_h_kj_mol,delta_h_peak_kj_mol",True,fig2_only
363.0,383.0,20.0,1000.0,0.232294984484039,b,1000.0,paper,1.0,0.0,"delta_h_kj_mol,delta_h_peak_kj_mol",True,fig2_only
363.0,383.0,50.0,1000.0,0.3134388922093197,b,1000.0,paper,1.0,0.0,"delta_h_kj_mol,delta_h_peak_kj_mol",True,fig2_only
363.0,383.0,100.0,1000.0,0.35407236284202637,b,1000.0,paper,1.0,0.0,"delta_h_kj_mol,delta_h_peak_kj_mol",True,fig2_only
373.0,383.0,0.1,0.1,0.5362602767397654,c,0.1,paper,1.0,0.0,"delta_h_kj_mol,delta_h_peak_kj_mol",True,fig2_only
373.0,383.0,0.2,0.1,0.3937243542867759,c,0.1,paper,1.0,0.0,"delta_h_kj_mol,delta_h_peak_kj_mol",True,fig2_only
373.0,383.0,0.5,0.1,0.2754221756904169,c,0.1,paper,1.0,0.0,"delta_h_kj_mol,delta_h_peak_kj_mol",True,fig2_only
373.0,383.0,1.0,0.1,0.210891115842805,c,0.2,paper,2.0,0.3010299956639812,"delta_h_kj_mol,delta_h_peak_kj_mol",True,fig2_only
373.0,383.0,2.0,0.1,0.2669104908391907,c,2.0,paper,20.0,1.3010299956639813,"delta_h_kj_mol,delta_h_peak_kj_mol",False,fig2_only
373.0,383.0,5.0,0.1,0.3214567390435265,c,0.5,paper,5.0,0.6989700043360189,"delta_h_kj_mol,delta_h_peak_kj_mol",False,fig2_only
373.0,383.0,10.0,0.1,0.5236614221657804,c,0.1,paper,1.0,0.0,"delta_h_kj_mol,delta_h_peak_kj_mol",True,fig2_only
373.0,383.0,20.0,0.1,0.2168424447192311,c,0.1,paper,1.0,0.0,"delta_h_kj_mol,delta_h_peak_kj_mol",True,fig2_only
373.0,383.0,50.0,0.1,0.10067078127773578,c,5.0,paper,50.0,1.6989700043360187,"delta_h_kj_mol,delta_h_peak_kj_mol",False,fig2_only
373.0,383.0,100.0,0.1,0.06106830392838797,c,100.0,paper,1000.0,3.0,"delta_h_kj_mol,delta_h_peak_kj_mol",False,fig2_only
373.0,383.0,0.1,0.2,0.4660502702750816,c,0.1,paper,2.0,0.3010299956639812,"delta_h_kj_mol,delta_h_peak_kj_mol",True,fig2_only
373.0,383.0,0.2,0.2,0.4246840263237113,c,0.1,paper,2.0,0.3010299956639812,"delta_h_kj_mol,delta_h_peak_kj_mol",True,fig2_only
373.0,383.0,0.5,0.2,0.35754923066480715,c,0.1,paper,2.0,0.3010299956639812,"delta_h_kj_mol,delta_h_peak_kj_mol",True,fig2_only
373.0,383.0,1.0,0.2,0.28638832332360126,c,0.1,paper,2.0,0.3010299956639812,"delta_h_kj_mol,delta_h_peak_kj_mol",True,fig2_only
373.0,383.0,2.0,0.2,0.2540663962799098,c,0.1,paper,2.0,0.3010299956639812,"delta_h_kj_mol,delta_h_peak_kj_mol",True,fig2_only
373.0,383.0,5.0,0.2,0.3238664608466272,c,0.5,paper,2.5,0.3979400086720376,"delta_h_kj_mol,delta_h_peak_kj_mol",True,fig2_only
373.0,383.0,10.0,0.2,0.5508460762880039,c,0.1,paper,2.0,0.3010299956639812,"delta_h_kj_mol,delta_h_peak_kj_mol",True,fig2_only
373.0,383.0,20.0,0.2,0.232553674162076,c,0.1,paper,2.0,0.3010299956639812,"delta_h_kj_mol,delta_h_peak_kj_mol",True,fig2_only
373.0,383.0,50.0,0.2,0.09358532793183479,c,0.1,paper,2.0,0.3010299956639812,"delta_h_kj_mol,delta_h_peak_kj_mol",True,fig2_only
373.0,383.0,100.0,0.2,0.04701104773895923,c,50.0,paper,250.0,2.3979400086720375,"delta_h_kj_mol,delta_h_peak_kj_mol",False,fig2_only
373.0,383.0,0.1,0.5,0.26992606355190185,c,0.1,paper,5.0,0.6989700043360187,"delta_h_kj_mol,delta_h_peak_kj_mol",False,fig2_only
373.0,383.0,0.2,0.5,0.24201245675526992,c,0.1,paper,5.0,0.6989700043360187,"delta_h_kj_mol,delta_h_peak_kj_mol",False,fig2_only
373.0,383.0,0.5,0.5,0.2094373727529907,c,1.0,paper,2.0,0.3010299956639812,"delta_h_kj_mol,delta_h_peak_kj_mol",True,fig2_only
373.0,383.0,1.0,0.5,0.21362490996040112,c,0.5,paper,1.0,0.0,"delta_h_kj_mol,delta_h_peak_kj_mol",True,fig2_only
373.0,383.0,2.0,0.5,0.26387750776890156,c,2.0,paper,4.0,0.6020599913279624,"delta_h_kj_mol,delta_h_peak_kj_mol",False,fig2_only
373.0,383.0,5.0,0.5,0.3820054400951055,c,2.0,paper,4.0,0.6020599913279624,"delta_h_kj_mol,delta_h_peak_kj_mol",False,fig2_only
373.0,383.0,10.0,0.5,0.10205880251936544,c,2.0,paper,4.0,0.6020599913279624,"delta_h_kj_mol,delta_h_peak_kj_mol",False,fig2_only
373.0,383.0,20.0,0.5,0.25403833862869996,c,0.1,paper,5.0,0.6989700043360187,"delta_h_kj_mol,delta_h_peak_kj_mol",False,fig2_only
373.0,383.0,50.0,0.5,0.04798154517355496,c,0.1,paper,5.0,0.6989700043360187,"delta_h_kj_mol,delta_h_peak_kj_mol",False,fig2_only
373.0,383.0,100.0,0.5,0.014507850340208461,c,20.0,paper,40.0,1.6020599913279623,"delta_h_kj_mol,delta_h_peak_kj_mol",False,fig2_only
373.0,383.0,0.1,1.0,0.2735876629794793,c,1.0,paper,1.0,0.0,"delta_h_kj_mol,delta_h_peak_kj_mol",True,fig2_only
373.0,383.0,0.2,1.0,0.2349076745546121,c,2.0,paper,2.0,0.3010299956639812,"delta_h_kj_mol,delta_h_peak_kj_mol",True,fig2_only
373.0,383.0,0.5,1.0,0.254413998179933,c,2.0,paper,2.0,0.3010299956639812,"delta_h_kj_mol,delta_h_peak_kj_mol",True,fig2_only
373.0,383.0,1.0,1.0,0.3065035533175016,c,2.0,paper,2.0,0.3010299956639812,"delta_h_kj_mol,delta_h_peak_kj_mol",True,fig2_only
373.0,383.0,2.0,1.0,0.42076719539411356,c,2.0,paper,2.0,0.3010299956639812,"delta_h_kj_mol,delta_h_peak_kj_mol",True,fig2_only
373.0,383.0,5.0,1.0,0.40101543896400865,c,2.0,paper,2.0,0.3010299956639812,"delta_h_kj_mol,delta_h_peak_kj_mol",True,fig2_only
373.0,383.0,10.0,1.0,0.09802505626125757,c,2.0,paper,2.0,0.3010299956639812,"delta_h_kj_mol,delta_h_peak_kj_mol",True,fig2_only
373.0,383.0,20.0,1.0,0.10924249109715917,c,2.0,paper,2.0,0.3010299956639812,"delta_h_kj_mol,delta_h_peak_kj_mol",True,fig2_only
373.0,383.0,50.0,1.0,0.026366336213494317,c,0.5,paper,2.0,0.3010299956639812,"delta_h_kj_mol,delta_h_peak_kj_mol",True,fig2_only
373.0,383.0,100.0,1.0,0.0184132343420656,c,20.0,paper,20.0,1.3010299956639813,"delta_h_kj_mol,delta_h_peak_kj_mol",False,fig2_only
373.0,383.0,0.1,2.0,0.29481764036010627,c,2.0,paper,1.0,0.0,"delta_h_kj_mol,delta_h_peak_kj_mol",True,fig2_only
373.0,383.0,0.2,2.0,0.38939847056931615,c,2.0,paper,1.0,0.0,"delta_h_kj_mol,delta_h_peak_kj_mol",True,fig2_only
373.0,383.0,0.5,2.0,0.3636961907009413,c,2.0,paper,1.0,0.0,"delta_h_kj_mol,delta_h_peak_kj_mol",True,fig2_only
373.0,383.0,1.0,2.0,0.4486917085764359,c,2.0,paper,1.0,0.0,"delta_h_kj_mol,delta_h_peak_kj_mol",True,fig2_only
373.0,383.0,2.0,2.0,0.49657689047806264,c,2.0,paper,1.0,0.0,"delta_h_kj_mol,delta_h_peak_kj_mol",True,fig2_only
373.0,383.0,5.0,2.0,0.4813112958145981,c,2.0,paper,1.0,0.0,"delta_h_kj_mol,delta_h_peak_kj_mol",True,fig2_only
373.0,383.0,10.0,2.0,0.1065617235658604,c,2.0,paper,1.0,0.0,"delta_h_kj_mol,delta_h_peak_kj_mol",True,fig2_only
373.0,383.0,20.0,2.0,0.0950661969036461,c,2.0,paper,1.0,0.0,"delta_h_kj_mol,delta_h_peak_kj_mol",True,fig2_only
373.0,383.0,50.0,2.0,0.04134024554097877,c,0.5,paper,4.0,0.6020599913279624,"delta_h_kj_mol,delta_h_peak_kj_mol",False,fig2_only
373.0,383.0,100.0,2.0,0.11259548894032699,c,10.0,paper,5.0,0.6989700043360189,"delta_h_kj_mol,delta_h_peak_kj_mol",False,fig2_only
373.0,383.0,0.1,5.0,0.5438094424089122,c,2.0,paper,2.5,0.3979400086720376,"delta_h_kj_mol,delta_h_peak_kj_mol",True,fig2_only
373.0,383.0,0.2,5.0,0.6026700731626549,c,2.0,paper,2.5,0.3979400086720376,"delta_h_kj_mol,delta_h_peak_kj_mol",True,fig2_only
373.0,383.0,0.5,5.0,0.5788679992137449,c,2.0,paper,2.5,0.3979400086720376,"delta_h_kj_mol,delta_h_peak_kj_mol",True,fig2_only
373.0,383.0,1.0,5.0,0.30472207199239654,c,5.0,paper,1.0,0.0,"delta_h_kj_mol,delta_h_peak_kj_mol",True,fig2_only
373.0,383.0,2.0,5.0,0.3524460585934595,c,5.0,paper,1.0,0.0,"delta_h_kj_mol,delta_h_peak_kj_mol",True,fig2_only
373.0,383.0,5.0,5.0,0.4263214431487094,c,5.0,paper,1.0,0.0,"delta_h_kj_mol,delta_h_peak_kj_mol",True,fig2_only
373.0,383.0,10.0,5.0,0.15563734214499683,c,2.0,paper,2.5,0.3979400086720376,"delta_h_kj_mol,delta_h_peak_kj_mol",True,fig2_only
373.0,383.0,20.0,5.0,0.09574740333125896,c,2.0,paper,2.5,0.3979400086720376,"delta_h_kj_mol,delta_h_peak_kj_mol",True,fig2_only
373.0,383.0,50.0,5.0,0.03211489573788092,c,0.5,paper,10.0,1.0,"delta_h_kj_mol,delta_h_peak_kj_mol",False,fig2_only
373.0,383.0,100.0,5.0,0.09399787028714712,c,5.0,paper,1.0,0.0,"delta_h_kj_mol,delta_h_peak_kj_mol",True,fig2_only
373.0,383.0,0.1,10.0,0.15404943181505987,c,5.0,paper,2.0,0.3010299956639812,"delta_h_kj_mol,delta_h_peak_kj_mol",True,fig2_only
373.0,383.0,0.2,10.0,0.16190592298700832,c,5.0,paper,2.0,0.3010299956639812,"delta_h_kj_mol,delta_h_peak_kj_mol",True,fig2_only
373.0,383.0,0.5,10.0,0.17191226175099944,c,5.0,paper,2.0,0.3010299956639812,"delta_h_kj_mol,delta_h_peak_kj_mol",True,fig2_only
373.0,383.0,1.0,10.0,0.17299905649093353,c,5.0,paper,2.0,0.3010299956639812,"delta_h_kj_mol,delta_h_peak_kj_mol",True,fig2_only
373.0,383.0,2.0,10.0,0.18575078989993848,c,5.0,paper,2.0,0.3010299956639812,"delta_h_kj_mol,delta_h_peak_kj_mol",True,fig2_only
373.0,383.0,5.0,10.0,0.09559591894241007,c,5.0,paper,2.0,0.3010299956639812,"delta_h_kj_mol,delta_h_peak_kj_mol",True,fig2_only
373.0,383.0,10.0,10.0,0.10525266062255767,c,5.0,paper,2.0,0.3010299956639812,"delta_h_kj_mol,delta_h_peak_kj_mol",True,fig2_only
373.0,383.0,20.0,10.0,0.12858530225127543,c,2.0,paper,5.0,0.6989700043360187,"delta_h_kj_mol,delta_h_peak_kj_mol",False,fig2_only
373.0,383.0,50.0,10.0,0.13047216067869447,c,5.0,paper,2.0,0.3010299956639812,"delta_h_kj_mol,delta_h_peak_kj_mol",True,fig2_only
373.0,383.0,100.0,10.0,0.10448168437528654,c,5.0,paper,2.0,0.3010299956639812,"delta_h_kj_mol,delta_h_peak_kj_mol",True,fig2_only
373.0,383.0,0.1,20.0,0.05786464421467491,c,10.0,paper,2.0,0.3010299956639812,"delta_h_kj_mol,delta_h_peak_kj_mol",True,fig2_only
373.0,383.0,0.2,20.0,0.06304077665898986,c,10.0,paper,2.0,0.3010299956639812,"delta_h_kj_mol,delta_h_peak_kj_mol",True,fig2_only
373.0,383.0,0.5,20.0,0.03531668979275818,c,10.0,paper,2.0,0.3010299956639812,"delta_h_kj_mol,delta_h_peak_kj_mol",True,fig2_only
373.0,383.0,1.0,20.0,0.0456520028783932,c,10.0,paper,2.0,0.3010299956639812,"delta_h_kj_mol,delta_h_peak_kj_mol",True,fig2_only
373.0,383.0,2.0,20.0,0.07920450271443098,c,10.0,paper,2.0,0.3010299956639812,"delta_h_kj_mol,delta_h_peak_kj_mol",True,fig2_only
373.0,383.0,5.0,20.0,0.13213600073856,c,5.0,paper,4.0,0.6020599913279624,"delta_h_kj_mol,delta_h_peak_kj_mol",False,fig2_only
373.0,383.0,10.0,20.0,0.11416174053553721,c,5.0,paper,4.0,0.6020599913279624,"delta_h_kj_mol,delta_h_peak_kj_mol",False,fig2_only
373.0,383.0,20.0,20.0,0.13010710605954823,c,5.0,paper,4.0,0.6020599913279624,"delta_h_kj_mol,delta_h_peak_kj_mol",False,fig2_only
373.0,383.0,50.0,20.0,0.13177861760495932,c,10.0,paper,2.0,0.3010299956639812,"delta_h_kj_mol,delta_h_peak_kj_mol",True,fig2_only
373.0,383.0,100.0,20.0,0.11719055071163513,c,10.0,paper,2.0,0.3010299956639812,"delta_h_kj_mol,delta_h_peak_kj_mol",True,fig2_only
373.0,383.0,0.1,50.0,0.08853400742126882,c,100.0,paper,2.0,0.3010299956639812,"delta_h_kj_mol,delta_h_peak_kj_mol",True,fig2_only
373.0,383.0,0.2,50.0,0.08616597488639786,c,100.0,paper,2.0,0.3010299956639812,"delta_h_kj_mol,delta_h_peak_kj_mol",True,fig2_only
373.0,383.0,0.5,50.0,0.0825739903208375,c,100.0,paper,2.0,0.3010299956639812,"delta_h_kj_mol,delta_h_peak_kj_mol",True,fig2_only
373.0,383.0,1.0,50.0,0.08039154417483407,c,100.0,paper,2.0,0.3010299956639812,"delta_h_kj_mol,delta_h_peak_kj_mol",True,fig2_only
373.0,383.0,2.0,50.0,0.08701050583169595,c,100.0,paper,2.0,0.3010299956639812,"delta_h_kj_mol,delta_h_peak_kj_mol",True,fig2_only
373.0,383.0,5.0,50.0,0.1442477851890237,c,100.0,paper,2.0,0.3010299956639812,"delta_h_kj_mol,delta_h_peak_kj_mol",True,fig2_only
373.0,383.0,10.0,50.0,0.11365930119980137,c,50.0,paper,1.0,0.0,"delta_h_kj_mol,delta_h_peak_kj_mol",True,fig2_only
373.0,383.0,20.0,50.0,0.07349133623469871,c,50.0,paper,1.0,0.0,"delta_h_kj_mol,delta_h_peak_kj_mol",True,fig2_only
373.0,383.0,50.0,50.0,0.0452740047605953,c,20.0,paper,2.5,0.3979400086720376,"delta_h_kj_mol,delta_h_peak_kj_mol",True,fig2_only
373.0,383.0,100.0,50.0,0.02348888850024219,c,20.0,paper,2.5,0.3979400086720376,"delta_h_kj_mol,delta_h_peak_kj_mol",True,fig2_only
373.0,383.0,0.1,100.0,0.0886729941069759,c,100.0,paper,1.0,0.0,"delta_h_kj_mol,delta_h_peak_kj_mol",True,fig2_only
373.0,383.0,0.2,100.0,0.08628484662558948,c,100.0,paper,1.0,0.0,"delta_h_kj_mol,delta_h_peak_kj_mol",True,fig2_only
373.0,383.0,0.5,100.0,0.0826800564184502,c,100.0,paper,1.0,0.0,"delta_h_kj_mol,delta_h_peak_kj_mol",True,fig2_only
373.0,383.0,1.0,100.0,0.136156426050209,c,1000.0,paper,10.0,1.0,"delta_h_kj_mol,delta_h_peak_kj_mol",False,fig2_only
373.0,383.0,2.0,100.0,0.14334248322069346,c,1000.0,paper,10.0,1.0,"delta_h_kj_mol,delta_h_peak_kj_mol",False,fig2_only
373.0,383.0,5.0,100.0,0.19683115603292076,c,1000.0,paper,10.0,1.0,"delta_h_kj_mol,delta_h_peak_kj_mol",False,fig2_only
373.0,383.0,10.0,100.0,0.1673889387638792,c,1000.0,paper,10.0,1.0,"delta_h_kj_mol,delta_h_peak_kj_mol",False,fig2_only
373.0,383.0,20.0,100.0,0.13412329758217698,c,1000.0,paper,10.0,1.0,"delta_h_kj_mol,delta_h_peak_kj_mol",False,fig2_only
373.0,383.0,50.0,100.0,0.10691970156754177,c,500.0,paper,5.0,0.6989700043360189,"delta_h_kj_mol,delta_h_peak_kj_mol",False,fig2_only
373.0,383.0,100.0,100.0,0.09150295235534914,c,500.0,paper,5.0,0.6989700043360189,"delta_h_kj_mol,delta_h_peak_kj_mol",False,fig2_only
373.0,383.0,0.1,200.0,0.15716727900162025,c,1000.0,paper,5.0,0.6989700043360189,"delta_h_kj_mol,delta_h_peak_kj_mol",False,fig2_only
373.0,383.0,0.2,200.0,0.1544343820469214,c,1000.0,paper,5.0,0.6989700043360189,"delta_h_kj_mol,delta_h_peak_kj_mol",False,fig2_only
373.0,383.0,0.5,200.0,0.15058766637645057,c,1000.0,paper,5.0,0.6989700043360189,"delta_h_kj_mol,delta_h_peak_kj_mol",False,fig2_only
373.0,383.0,1.0,200.0,0.14839651441435922,c,1000.0,paper,5.0,0.6989700043360189,"delta_h_kj_mol,delta_h_peak_kj_mol",False,fig2_only
373.0,383.0,2.0,200.0,0.1557900053515552,c,1000.0,paper,5.0,0.6989700043360189,"delta_h_kj_mol,delta_h_peak_kj_mol",False,fig2_only
373.0,383.0,5.0,200.0,0.21026724717519493,c,1000.0,paper,5.0,0.6989700043360189,"delta_h_kj_mol,delta_h_peak_kj_mol",False,fig2_only
373.0,383.0,10.0,200.0,0.17975327567911079,c,1000.0,paper,5.0,0.6989700043360189,"delta_h_kj_mol,delta_h_peak_kj_mol",False,fig2_only
373.0,383.0,20.0,200.0,0.1391820016216307,c,1000.0,paper,5.0,0.6989700043360189,"delta_h_kj_mol,delta_h_peak_kj_mol",False,fig2_only
373.0,383.0,50.0,200.0,0.11154698294541353,c,500.0,paper,2.5,0.3979400086720376,"delta_h_kj_mol,delta_h_peak_kj_mol",True,fig2_only
373.0,383.0,100.0,200.0,0.09622621229184715,c,500.0,paper,2.5,0.3979400086720376,"delta_h_kj_mol,delta_h_peak_kj_mol",True,fig2_only
373.0,383.0,0.1,500.0,0.20085498490367343,c,1000.0,paper,2.0,0.3010299956639812,"delta_h_kj_mol,delta_h_peak_kj_mol",True,fig2_only
373.0,383.0,0.2,500.0,0.19782787229606463,c,1000.0,paper,2.0,0.3010299956639812,"delta_h_kj_mol,delta_h_peak_kj_mol",True,fig2_only
373.0,383.0,0.5,500.0,0.19383641028347648,c,1000.0,paper,2.0,0.3010299956639812,"delta_h_kj_mol,delta_h_peak_kj_mol",True,fig2_only
373.0,383.0,1.0,500.0,0.19170832464554804,c,1000.0,paper,2.0,0.3010299956639812,"delta_h_kj_mol,delta_h_peak_kj_mol",True,fig2_only
373.0,383.0,2.0,500.0,0.19947475105434492,c,1000.0,paper,2.0,0.3010299956639812,"delta_h_kj_mol,delta_h_peak_kj_mol",True,fig2_only
373.0,383.0,5.0,500.0,0.1539303263414365,c,1000.0,paper,2.0,0.3010299956639812,"delta_h_kj_mol,delta_h_peak_kj_mol",True,fig2_only
373.0,383.0,10.0,500.0,0.122940464895016,c,1000.0,paper,2.0,0.3010299956639812,"delta_h_kj_mol,delta_h_peak_kj_mol",True,fig2_only
373.0,383.0,20.0,500.0,0.1338310728218851,c,1000.0,paper,2.0,0.3010299956639812,"delta_h_kj_mol,delta_h_peak_kj_mol",True,fig2_only
373.0,383.0,50.0,500.0,0.15288002385644733,c,1000.0,paper,2.0,0.3010299956639812,"delta_h_kj_mol,delta_h_peak_kj_mol",True,fig2_only
373.0,383.0,100.0,500.0,0.16603665851887733,c,1000.0,paper,2.0,0.3010299956639812,"delta_h_kj_mol,delta_h_peak_kj_mol",True,fig2_only
373.0,383.0,0.1,1000.0,0.2480915243866726,c,1000.0,paper,1.0,0.0,"delta_h_kj_mol,delta_h_peak_kj_mol",True,fig2_only
373.0,383.0,0.2,1000.0,0.24480094606445146,c,1000.0,paper,1.0,0.0,"delta_h_kj_mol,delta_h_peak_kj_mol",True,fig2_only
373.0,383.0,0.5,1000.0,0.24068468870630363,c,1000.0,paper,1.0,0.0,"delta_h_kj_mol,delta_h_peak_kj_mol",True,fig2_only
373.0,383.0,1.0,1000.0,0.23861979906924724,c,1000.0,paper,1.0,0.0,"delta_h_kj_mol,delta_h_peak_kj_mol",True,fig2_only
373.0,383.0,2.0,1000.0,0.24671242964335188,c,1000.0,paper,1.0,0.0,"delta_h_kj_mol,delta_h_peak_kj_mol",True,fig2_only
373.0,383.0,5.0,1000.0,0.15817963852310007,c,1000.0,paper,1.0,0.0,"delta_h_kj_mol,delta_h_peak_kj_mol",True,fig2_only
373.0,383.0,10.0,1000.0,0.12719830243397606,c,1000.0,paper,1.0,0.0,"delta_h_kj_mol,delta_h_peak_kj_mol",True,fig2_only
373.0,383.0,20.0,1000.0,0.13798464992473103,c,1000.0,paper,1.0,0.0,"delta_h_kj_mol,delta_h_peak_kj_mol",True,fig2_only
373.0,383.0,50.0,1000.0,0.1570991298266763,c,1000.0,paper,1.0,0.0,"delta_h_kj_mol,delta_h_peak_kj_mol",True,fig2_only
373.0,383.0,100.0,1000.0,0.17041623900904326,c,1000.0,paper,1.0,0.0,"delta_h_kj_mol,delta_h_peak_kj_mol",True,fig2_only
348.0,383.0,0.1,0.1,0.10455609208177284,a,0.1,paper,1.0,0.0,"delta_h_kj_mol,delta_h_peak_kj_mol,s1_j_mol_k,s2_j_mol_k,delta_s_j_mol_k,h1_kj_mol_fig3,h2_kj_mol_fig3",True,fig2_plus_fig3_kinetics
348.0,383.0,0.2,0.1,0.09047304717759261,a,0.1,paper,1.0,0.0,"delta_h_kj_mol,delta_h_peak_kj_mol,s1_j_mol_k,s2_j_mol_k,delta_s_j_mol_k,h1_kj_mol_fig3,h2_kj_mol_fig3",True,fig2_plus_fig3_kinetics
348.0,383.0,0.5,0.1,0.09257121882705495,a,0.1,paper,1.0,0.0,"delta_h_kj_mol,delta_h_peak_kj_mol,s1_j_mol_k,s2_j_mol_k,delta_s_j_mol_k,h1_kj_mol_fig3,h2_kj_mol_fig3",True,fig2_plus_fig3_kinetics
348.0,383.0,1.0,0.1,0.07317805885483941,a,0.1,paper,1.0,0.0,"delta_h_kj_mol,delta_h_peak_kj_mol,s1_j_mol_k,s2_j_mol_k,delta_s_j_mol_k,h1_kj_mol_fig3,h2_kj_mol_fig3",True,fig2_plus_fig3_kinetics
348.0,383.0,2.0,0.1,0.07999613900646323,a,0.1,paper,1.0,0.0,"delta_h_kj_mol,delta_h_peak_kj_mol,s1_j_mol_k,s2_j_mol_k,delta_s_j_mol_k,h1_kj_mol_fig3,h2_kj_mol_fig3",True,fig2_plus_fig3_kinetics
348.0,383.0,5.0,0.1,0.06547298397660693,a,0.1,paper,1.0,0.0,"delta_h_kj_mol,delta_h_peak_kj_mol,s1_j_mol_k,s2_j_mol_k,delta_s_j_mol_k,h1_kj_mol_fig3,h2_kj_mol_fig3",True,fig2_plus_fig3_kinetics
348.0,383.0,10.0,0.1,0.07241306403944435,a,0.1,paper,1.0,0.0,"delta_h_kj_mol,delta_h_peak_kj_mol,s1_j_mol_k,s2_j_mol_k,delta_s_j_mol_k,h1_kj_mol_fig3,h2_kj_mol_fig3",True,fig2_plus_fig3_kinetics
348.0,383.0,20.0,0.1,0.04816080839458283,a,0.1,paper,1.0,0.0,"delta_h_kj_mol,delta_h_peak_kj_mol,s1_j_mol_k,s2_j_mol_k,delta_s_j_mol_k,h1_kj_mol_fig3,h2_kj_mol_fig3",True,fig2_plus_fig3_kinetics
348.0,383.0,50.0,0.1,0.052818583569267226,a,0.1,paper,1.0,0.0,"delta_h_kj_mol,delta_h_peak_kj_mol,s1_j_mol_k,s2_j_mol_k,delta_s_j_mol_k,h1_kj_mol_fig3,h2_kj_mol_fig3",True,fig2_plus_fig3_kinetics
348.0,383.0,100.0,0.1,0.020905255315847946,a,0.2,paper,2.0,0.3010299956639812,"delta_h_kj_mol,delta_h_peak_kj_mol,s1_j_mol_k,s2_j_mol_k,delta_s_j_mol_k,h1_kj_mol_fig3,h2_kj_mol_fig3",True,fig2_plus_fig3_kinetics
348.0,383.0,0.1,0.2,0.06017935365224105,a,0.1,paper,2.0,0.3010299956639812,"delta_h_kj_mol,delta_h_peak_kj_mol,s1_j_mol_k,s2_j_mol_k,delta_s_j_mol_k,h1_kj_mol_fig3,h2_kj_mol_fig3",True,fig2_plus_fig3_kinetics
348.0,383.0,0.2,0.2,0.06130381518038964,a,0.1,paper,2.0,0.3010299956639812,"delta_h_kj_mol,delta_h_peak_kj_mol,s1_j_mol_k,s2_j_mol_k,delta_s_j_mol_k,h1_kj_mol_fig3,h2_kj_mol_fig3",True,fig2_plus_fig3_kinetics
348.0,383.0,0.5,0.2,0.04205636355579323,a,0.1,paper,2.0,0.3010299956639812,"delta_h_kj_mol,delta_h_peak_kj_mol,s1_j_mol_k,s2_j_mol_k,delta_s_j_mol_k,h1_kj_mol_fig3,h2_kj_mol_fig3",True,fig2_plus_fig3_kinetics
348.0,383.0,1.0,0.2,0.04496320524766053,a,0.1,paper,2.0,0.3010299956639812,"delta_h_kj_mol,delta_h_peak_kj_mol,s1_j_mol_k,s2_j_mol_k,delta_s_j_mol_k,h1_kj_mol_fig3,h2_kj_mol_fig3",True,fig2_plus_fig3_kinetics
348.0,383.0,2.0,0.2,0.041457703187944124,a,0.1,paper,2.0,0.3010299956639812,"delta_h_kj_mol,delta_h_peak_kj_mol,s1_j_mol_k,s2_j_mol_k,delta_s_j_mol_k,h1_kj_mol_fig3,h2_kj_mol_fig3",True,fig2_plus_fig3_kinetics
348.0,383.0,5.0,0.2,0.057929960303473395,a,0.1,paper,2.0,0.3010299956639812,"delta_h_kj_mol,delta_h_peak_kj_mol,s1_j_mol_k,s2_j_mol_k,delta_s_j_mol_k,h1_kj_mol_fig3,h2_kj_mol_fig3",True,fig2_plus_fig3_kinetics
348.0,383.0,10.0,0.2,0.04786081227501125,a,0.1,paper,2.0,0.3010299956639812,"delta_h_kj_mol,delta_h_peak_kj_mol,s1_j_mol_k,s2_j_mol_k,delta_s_j_mol_k,h1_kj_mol_fig3,h2_kj_mol_fig3",True,fig2_plus_fig3_kinetics
348.0,383.0,20.0,0.2,0.05033504076872313,a,0.1,paper,2.0,0.3010299956639812,"delta_h_kj_mol,delta_h_peak_kj_mol,s1_j_mol_k,s2_j_mol_k,delta_s_j_mol_k,h1_kj_mol_fig3,h2_kj_mol_fig3",True,fig2_plus_fig3_kinetics
348.0,383.0,50.0,0.2,0.017291130995812535,a,0.1,paper,2.0,0.3010299956639812,"delta_h_kj_mol,delta_h_peak_kj_mol,s1_j_mol_k,s2_j_mol_k,delta_s_j_mol_k,h1_kj_mol_fig3,h2_kj_mol_fig3",True,fig2_plus_fig3_kinetics
348.0,383.0,100.0,0.2,0.021787637833641342,a,0.1,paper,2.0,0.3010299956639812,"delta_h_kj_mol,delta_h_peak_kj_mol,s1_j_mol_k,s2_j_mol_k,delta_s_j_mol_k,h1_kj_mol_fig3,h2_kj_mol_fig3",True,fig2_plus_fig3_kinetics
348.0,383.0,0.1,0.5,0.046114169496285294,a,0.5,paper,1.0,0.0,"delta_h_kj_mol,delta_h_peak_kj_mol,s1_j_mol_k,s2_j_mol_k,delta_s_j_mol_k,h1_kj_mol_fig3,h2_kj_mol_fig3",True,fig2_plus_fig3_kinetics
348.0,383.0,0.2,0.5,0.04720469262072794,a,0.5,paper,1.0,0.0,"delta_h_kj_mol,delta_h_peak_kj_mol,s1_j_mol_k,s2_j_mol_k,delta_s_j_mol_k,h1_kj_mol_fig3,h2_kj_mol_fig3",True,fig2_plus_fig3_kinetics
348.0,383.0,0.5,0.5,0.03015252339638372,a,0.5,paper,1.0,0.0,"delta_h_kj_mol,delta_h_peak_kj_mol,s1_j_mol_k,s2_j_mol_k,delta_s_j_mol_k,h1_kj_mol_fig3,h2_kj_mol_fig3",True,fig2_plus_fig3_kinetics
348.0,383.0,1.0,0.5,0.03278382814314989,a,0.5,paper,1.0,0.0,"delta_h_kj_mol,delta_h_peak_kj_mol,s1_j_mol_k,s2_j_mol_k,delta_s_j_mol_k,h1_kj_mol_fig3,h2_kj_mol_fig3",True,fig2_plus_fig3_kinetics
348.0,383.0,2.0,0.5,0.038805784188299275,a,0.5,paper,1.0,0.0,"delta_h_kj_mol,delta_h_peak_kj_mol,s1_j_mol_k,s2_j_mol_k,delta_s_j_mol_k,h1_kj_mol_fig3,h2_kj_mol_fig3",True,fig2_plus_fig3_kinetics
348.0,383.0,5.0,0.5,0.029682264006585492,a,0.5,paper,1.0,0.0,"delta_h_kj_mol,delta_h_peak_kj_mol,s1_j_mol_k,s2_j_mol_k,delta_s_j_mol_k,h1_kj_mol_fig3,h2_kj_mol_fig3",True,fig2_plus_fig3_kinetics
348.0,383.0,10.0,0.5,0.03591119204248006,a,0.5,paper,1.0,0.0,"delta_h_kj_mol,delta_h_peak_kj_mol,s1_j_mol_k,s2_j_mol_k,delta_s_j_mol_k,h1_kj_mol_fig3,h2_kj_mol_fig3",True,fig2_plus_fig3_kinetics
348.0,383.0,20.0,0.5,0.03794393568470385,a,0.5,paper,1.0,0.0,"delta_h_kj_mol,delta_h_peak_kj_mol,s1_j_mol_k,s2_j_mol_k,delta_s_j_mol_k,h1_kj_mol_fig3,h2_kj_mol_fig3",True,fig2_plus_fig3_kinetics
348.0,383.0,50.0,0.5,0.016884799172067196,a,0.5,paper,1.0,0.0,"delta_h_kj_mol,delta_h_peak_kj_mol,s1_j_mol_k,s2_j_mol_k,delta_s_j_mol_k,h1_kj_mol_fig3,h2_kj_mol_fig3",True,fig2_plus_fig3_kinetics
348.0,383.0,100.0,0.5,0.020825962561745816,a,0.5,paper,1.0,0.0,"delta_h_kj_mol,delta_h_peak_kj_mol,s1_j_mol_k,s2_j_mol_k,delta_s_j_mol_k,h1_kj_mol_fig3,h2_kj_mol_fig3",True,fig2_plus_fig3_kinetics
348.0,383.0,0.1,1.0,0.06269078365414597,a,1.0,paper,1.0,0.0,"delta_h_kj_mol,delta_h_peak_kj_mol,s1_j_mol_k,s2_j_mol_k,delta_s_j_mol_k,h1_kj_mol_fig3,h2_kj_mol_fig3",True,fig2_plus_fig3_kinetics
348.0,383.0,0.2,1.0,0.06102940884758978,a,1.0,paper,1.0,0.0,"delta_h_kj_mol,delta_h_peak_kj_mol,s1_j_mol_k,s2_j_mol_k,delta_s_j_mol_k,h1_kj_mol_fig3,h2_kj_mol_fig3",True,fig2_plus_fig3_kinetics
348.0,383.0,0.5,1.0,0.05872045690939898,a,1.0,paper,1.0,0.0,"delta_h_kj_mol,delta_h_peak_kj_mol,s1_j_mol_k,s2_j_mol_k,delta_s_j_mol_k,h1_kj_mol_fig3,h2_kj_mol_fig3",True,fig2_plus_fig3_kinetics
348.0,383.0,1.0,1.0,0.055949936695774034,a,1.0,paper,1.0,0.0,"delta_h_kj_mol,delta_h_peak_kj_mol,s1_j_mol_k,s2_j_mol_k,delta_s_j_mol_k,h1_kj_mol_fig3,h2_kj_mol_fig3",True,fig2_plus_fig3_kinetics
348.0,383.0,2.0,1.0,0.048382230001638535,a,1.0,paper,1.0,0.0,"delta_h_kj_mol,delta_h_peak_kj_mol,s1_j_mol_k,s2_j_mol_k,delta_s_j_mol_k,h1_kj_mol_fig3,h2_kj_mol_fig3",True,fig2_plus_fig3_kinetics
348.0,383.0,5.0,1.0,0.05107464314484699,a,1.0,paper,1.0,0.0,"delta_h_kj_mol,delta_h_peak_kj_mol,s1_j_mol_k,s2_j_mol_k,delta_s_j_mol_k,h1_kj_mol_fig3,h2_kj_mol_fig3",True,fig2_plus_fig3_kinetics
348.0,383.0,10.0,1.0,0.04404353205822941,a,1.0,paper,1.0,0.0,"delta_h_kj_mol,delta_h_peak_kj_mol,s1_j_mol_k,s2_j_mol_k,delta_s_j_mol_k,h1_kj_mol_fig3,h2_kj_mol_fig3",True,fig2_plus_fig3_kinetics
348.0,383.0,20.0,1.0,0.03978603588465882,a,1.0,paper,1.0,0.0,"delta_h_kj_mol,delta_h_peak_kj_mol,s1_j_mol_k,s2_j_mol_k,delta_s_j_mol_k,h1_kj_mol_fig3,h2_kj_mol_fig3",True,fig2_plus_fig3_kinetics
348.0,383.0,50.0,1.0,0.03532026810463522,a,1.0,paper,1.0,0.0,"delta_h_kj_mol,delta_h_peak_kj_mol,s1_j_mol_k,s2_j_mol_k,delta_s_j_mol_k,h1_kj_mol_fig3,h2_kj_mol_fig3",True,fig2_plus_fig3_kinetics
348.0,383.0,100.0,1.0,0.032701885298930075,a,1.0,paper,1.0,0.0,"delta_h_kj_mol,delta_h_peak_kj_mol,s1_j_mol_k,s2_j_mol_k,delta_s_j_mol_k,h1_kj_mol_fig3,h2_kj_mol_fig3",True,fig2_plus_fig3_kinetics
348.0,383.0,0.1,2.0,0.06872774732039837,a,2.0,paper,1.0,0.0,"delta_h_kj_mol,delta_h_peak_kj_mol,s1_j_mol_k,s2_j_mol_k,delta_s_j_mol_k,h1_kj_mol_fig3,h2_kj_mol_fig3",True,fig2_plus_fig3_kinetics
348.0,383.0,0.2,2.0,0.06706053206880304,a,2.0,paper,1.0,0.0,"delta_h_kj_mol,delta_h_peak_kj_mol,s1_j_mol_k,s2_j_mol_k,delta_s_j_mol_k,h1_kj_mol_fig3,h2_kj_mol_fig3",True,fig2_plus_fig3_kinetics
348.0,383.0,0.5,2.0,0.06490812344784701,a,2.0,paper,1.0,0.0,"delta_h_kj_mol,delta_h_peak_kj_mol,s1_j_mol_k,s2_j_mol_k,delta_s_j_mol_k,h1_kj_mol_fig3,h2_kj_mol_fig3",True,fig2_plus_fig3_kinetics
348.0,383.0,1.0,2.0,0.08294499035264079,a,2.0,paper,1.0,0.0,"delta_h_kj_mol,delta_h_peak_kj_mol,s1_j_mol_k,s2_j_mol_k,delta_s_j_mol_k,h1_kj_mol_fig3,h2_kj_mol_fig3",True,fig2_plus_fig3_kinetics
348.0,383.0,2.0,2.0,0.07616462334590567,a,2.0,paper,1.0,0.0,"delta_h_kj_mol,delta_h_peak_kj_mol,s1_j_mol_k,s2_j_mol_k,delta_s_j_mol_k,h1_kj_mol_fig3,h2_kj_mol_fig3",True,fig2_plus_fig3_kinetics
348.0,383.0,5.0,2.0,0.05594495783978797,a,2.0,paper,1.0,0.0,"delta_h_kj_mol,delta_h_peak_kj_mol,s1_j_mol_k,s2_j_mol_k,delta_s_j_mol_k,h1_kj_mol_fig3,h2_kj_mol_fig3",True,fig2_plus_fig3_kinetics
348.0,383.0,10.0,2.0,0.04966795524507198,a,2.0,paper,1.0,0.0,"delta_h_kj_mol,delta_h_peak_kj_mol,s1_j_mol_k,s2_j_mol_k,delta_s_j_mol_k,h1_kj_mol_fig3,h2_kj_mol_fig3",True,fig2_plus_fig3_kinetics
348.0,383.0,20.0,2.0,0.06987039357671046,a,2.0,paper,1.0,0.0,"delta_h_kj_mol,delta_h_peak_kj_mol,s1_j_mol_k,s2_j_mol_k,delta_s_j_mol_k,h1_kj_mol_fig3,h2_kj_mol_fig3",True,fig2_plus_fig3_kinetics
348.0,383.0,50.0,2.0,0.06632715515199432,a,2.0,paper,1.0,0.0,"delta_h_kj_mol,delta_h_peak_kj_mol,s1_j_mol_k,s2_j_mol_k,delta_s_j_mol_k,h1_kj_mol_fig3,h2_kj_mol_fig3",True,fig2_plus_fig3_kinetics
348.0,383.0,100.0,2.0,0.06484037134336289,a,2.0,paper,1.0,0.0,"delta_h_kj_mol,delta_h_peak_kj_mol,s1_j_mol_k,s2_j_mol_k,delta_s_j_mol_k,h1_kj_mol_fig3,h2_kj_mol_fig3",True,fig2_plus_fig3_kinetics
348.0,383.0,0.1,5.0,0.15192164937190683,a,5.0,paper,1.0,0.0,"delta_h_kj_mol,delta_h_peak_kj_mol,s1_j_mol_k,s2_j_mol_k,delta_s_j_mol_k,h1_kj_mol_fig3,h2_kj_mol_fig3",True,fig2_plus_fig3_kinetics
348.0,383.0,0.2,5.0,0.1509638870402494,a,5.0,paper,1.0,0.0,"delta_h_kj_mol,delta_h_peak_kj_mol,s1_j_mol_k,s2_j_mol_k,delta_s_j_mol_k,h1_kj_mol_fig3,h2_kj_mol_fig3",True,fig2_plus_fig3_kinetics
348.0,383.0,0.5,5.0,0.15092055780841068,a,5.0,paper,1.0,0.0,"delta_h_kj_mol,delta_h_peak_kj_mol,s1_j_mol_k,s2_j_mol_k,delta_s_j_mol_k,h1_kj_mol_fig3,h2_kj_mol_fig3",True,fig2_plus_fig3_kinetics
348.0,383.0,1.0,5.0,0.15215122099418027,a,5.0,paper,1.0,0.0,"delta_h_kj_mol,delta_h_peak_kj_mol,s1_j_mol_k,s2_j_mol_k,delta_s_j_mol_k,h1_kj_mol_fig3,h2_kj_mol_fig3",True,fig2_plus_fig3_kinetics
348.0,383.0,2.0,5.0,0.1574613913652703,a,5.0,paper,1.0,0.0,"delta_h_kj_mol,delta_h_peak_kj_mol,s1_j_mol_k,s2_j_mol_k,delta_s_j_mol_k,h1_kj_mol_fig3,h2_kj_mol_fig3",True,fig2_plus_fig3_kinetics
348.0,383.0,5.0,5.0,0.15556964404545742,a,5.0,paper,1.0,0.0,"delta_h_kj_mol,delta_h_peak_kj_mol,s1_j_mol_k,s2_j_mol_k,delta_s_j_mol_k,h1_kj_mol_fig3,h2_kj_mol_fig3",True,fig2_plus_fig3_kinetics
348.0,383.0,10.0,5.0,0.1597409454999165,a,5.0,paper,1.0,0.0,"delta_h_kj_mol,delta_h_peak_kj_mol,s1_j_mol_k,s2_j_mol_k,delta_s_j_mol_k,h1_kj_mol_fig3,h2_kj_mol_fig3",True,fig2_plus_fig3_kinetics
348.0,383.0,20.0,5.0,0.1627514396177717,a,5.0,paper,1.0,0.0,"delta_h_kj_mol,delta_h_peak_kj_mol,s1_j_mol_k,s2_j_mol_k,delta_s_j_mol_k,h1_kj_mol_fig3,h2_kj_mol_fig3",True,fig2_plus_fig3_kinetics
348.0,383.0,50.0,5.0,0.1664569509690445,a,5.0,paper,1.0,0.0,"delta_h_kj_mol,delta_h_peak_kj_mol,s1_j_mol_k,s2_j_mol_k,delta_s_j_mol_k,h1_kj_mol_fig3,h2_kj_mol_fig3",True,fig2_plus_fig3_kinetics
348.0,383.0,100.0,5.0,0.1695008721151999,a,5.0,paper,1.0,0.0,"delta_h_kj_mol,delta_h_peak_kj_mol,s1_j_mol_k,s2_j_mol_k,delta_s_j_mol_k,h1_kj_mol_fig3,h2_kj_mol_fig3",True,fig2_plus_fig3_kinetics
348.0,383.0,0.1,10.0,0.07296667761470799,a,10.0,paper,1.0,0.0,"delta_h_kj_mol,delta_h_peak_kj_mol,s1_j_mol_k,s2_j_mol_k,delta_s_j_mol_k,h1_kj_mol_fig3,h2_kj_mol_fig3",True,fig2_plus_fig3_kinetics
348.0,383.0,0.2,10.0,0.07278139833799367,a,10.0,paper,1.0,0.0,"delta_h_kj_mol,delta_h_peak_kj_mol,s1_j_mol_k,s2_j_mol_k,delta_s_j_mol_k,h1_kj_mol_fig3,h2_kj_mol_fig3",True,fig2_plus_fig3_kinetics
348.0,383.0,0.5,10.0,0.07296046810642269,a,10.0,paper,1.0,0.0,"delta_h_kj_mol,delta_h_peak_kj_mol,s1_j_mol_k,s2_j_mol_k,delta_s_j_mol_k,h1_kj_mol_fig3,h2_kj_mol_fig3",True,fig2_plus_fig3_kinetics
348.0,383.0,1.0,10.0,0.07338630259074616,a,10.0,paper,1.0,0.0,"delta_h_kj_mol,delta_h_peak_kj_mol,s1_j_mol_k,s2_j_mol_k,delta_s_j_mol_k,h1_kj_mol_fig3,h2_kj_mol_fig3",True,fig2_plus_fig3_kinetics
348.0,383.0,2.0,10.0,0.07414995033784552,a,10.0,paper,1.0,0.0,"delta_h_kj_mol,delta_h_peak_kj_mol,s1_j_mol_k,s2_j_mol_k,delta_s_j_mol_k,h1_kj_mol_fig3,h2_kj_mol_fig3",True,fig2_plus_fig3_kinetics
348.0,383.0,5.0,10.0,0.053956375615498854,a,10.0,paper,1.0,0.0,"delta_h_kj_mol,delta_h_peak_kj_mol,s1_j_mol_k,s2_j_mol_k,delta_s_j_mol_k,h1_kj_mol_fig3,h2_kj_mol_fig3",True,fig2_plus_fig3_kinetics
348.0,383.0,10.0,10.0,0.05421285481334386,a,10.0,paper,1.0,0.0,"delta_h_kj_mol,delta_h_peak_kj_mol,s1_j_mol_k,s2_j_mol_k,delta_s_j_mol_k,h1_kj_mol_fig3,h2_kj_mol_fig3",True,fig2_plus_fig3_kinetics
348.0,383.0,20.0,10.0,0.05292042523843421,a,10.0,paper,1.0,0.0,"delta_h_kj_mol,delta_h_peak_kj_mol,s1_j_mol_k,s2_j_mol_k,delta_s_j_mol_k,h1_kj_mol_fig3,h2_kj_mol_fig3",True,fig2_plus_fig3_kinetics
348.0,383.0,50.0,10.0,0.052422528816120646,a,10.0,paper,1.0,0.0,"delta_h_kj_mol,delta_h_peak_kj_mol,s1_j_mol_k,s2_j_mol_k,delta_s_j_mol_k,h1_kj_mol_fig3,h2_kj_mol_fig3",True,fig2_plus_fig3_kinetics
348.0,383.0,100.0,10.0,0.053248541962773545,a,10.0,paper,1.0,0.0,"delta_h_kj_mol,delta_h_peak_kj_mol,s1_j_mol_k,s2_j_mol_k,delta_s_j_mol_k,h1_kj_mol_fig3,h2_kj_mol_fig3",True,fig2_plus_fig3_kinetics
348.0,383.0,0.1,20.0,0.04769438323787419,a,20.0,paper,1.0,0.0,"delta_h_kj_mol,delta_h_peak_kj_mol,s1_j_mol_k,s2_j_mol_k,delta_s_j_mol_k,h1_kj_mol_fig3,h2_kj_mol_fig3",True,fig2_plus_fig3_kinetics
348.0,383.0,0.2,20.0,0.04767377346044615,a,20.0,paper,1.0,0.0,"delta_h_kj_mol,delta_h_peak_kj_mol,s1_j_mol_k,s2_j_mol_k,delta_s_j_mol_k,h1_kj_mol_fig3,h2_kj_mol_fig3",True,fig2_plus_fig3_kinetics
348.0,383.0,0.5,20.0,0.04790871104967864,a,20.0,paper,1.0,0.0,"delta_h_kj_mol,delta_h_peak_kj_mol,s1_j_mol_k,s2_j_mol_k,delta_s_j_mol_k,h1_kj_mol_fig3,h2_kj_mol_fig3",True,fig2_plus_fig3_kinetics
348.0,383.0,1.0,20.0,0.040476130874055494,a,20.0,paper,1.0,0.0,"delta_h_kj_mol,delta_h_peak_kj_mol,s1_j_mol_k,s2_j_mol_k,delta_s_j_mol_k,h1_kj_mol_fig3,h2_kj_mol_fig3",True,fig2_plus_fig3_kinetics
348.0,383.0,2.0,20.0,0.04101378403205388,a,20.0,paper,1.0,0.0,"delta_h_kj_mol,delta_h_peak_kj_mol,s1_j_mol_k,s2_j_mol_k,delta_s_j_mol_k,h1_kj_mol_fig3,h2_kj_mol_fig3",True,fig2_plus_fig3_kinetics
348.0,383.0,5.0,20.0,0.040665046553603215,a,20.0,paper,1.0,0.0,"delta_h_kj_mol,delta_h_peak_kj_mol,s1_j_mol_k,s2_j_mol_k,delta_s_j_mol_k,h1_kj_mol_fig3,h2_kj_mol_fig3",True,fig2_plus_fig3_kinetics
348.0,383.0,10.0,20.0,0.040878388092633125,a,20.0,paper,1.0,0.0,"delta_h_kj_mol,delta_h_peak_kj_mol,s1_j_mol_k,s2_j_mol_k,delta_s_j_mol_k,h1_kj_mol_fig3,h2_kj_mol_fig3",True,fig2_plus_fig3_kinetics
348.0,383.0,20.0,20.0,0.061266916431027676,a,20.0,paper,1.0,0.0,"delta_h_kj_mol,delta_h_peak_kj_mol,s1_j_mol_k,s2_j_mol_k,delta_s_j_mol_k,h1_kj_mol_fig3,h2_kj_mol_fig3",True,fig2_plus_fig3_kinetics
348.0,383.0,50.0,20.0,0.06077509758435911,a,20.0,paper,1.0,0.0,"delta_h_kj_mol,delta_h_peak_kj_mol,s1_j_mol_k,s2_j_mol_k,delta_s_j_mol_k,h1_kj_mol_fig3,h2_kj_mol_fig3",True,fig2_plus_fig3_kinetics
348.0,383.0,100.0,20.0,0.06159162055747388,a,20.0,paper,1.0,0.0,"delta_h_kj_mol,delta_h_peak_kj_mol,s1_j_mol_k,s2_j_mol_k,delta_s_j_mol_k,h1_kj_mol_fig3,h2_kj_mol_fig3",True,fig2_plus_fig3_kinetics
348.0,383.0,0.1,50.0,0.04803156929221175,a,50.0,paper,1.0,0.0,"delta_h_kj_mol,delta_h_peak_kj_mol,s1_j_mol_k,s2_j_mol_k,delta_s_j_mol_k,h1_kj_mol_fig3,h2_kj_mol_fig3",True,fig2_plus_fig3_kinetics
348.0,383.0,0.2,50.0,0.048000071379850316,a,50.0,paper,1.0,0.0,"delta_h_kj_mol,delta_h_peak_kj_mol,s1_j_mol_k,s2_j_mol_k,delta_s_j_mol_k,h1_kj_mol_fig3,h2_kj_mol_fig3",True,fig2_plus_fig3_kinetics
348.0,383.0,0.5,50.0,0.04819533126869863,a,50.0,paper,1.0,0.0,"delta_h_kj_mol,delta_h_peak_kj_mol,s1_j_mol_k,s2_j_mol_k,delta_s_j_mol_k,h1_kj_mol_fig3,h2_kj_mol_fig3",True,fig2_plus_fig3_kinetics
348.0,383.0,1.0,50.0,0.04850319412833579,a,50.0,paper,1.0,0.0,"delta_h_kj_mol,delta_h_peak_kj_mol,s1_j_mol_k,s2_j_mol_k,delta_s_j_mol_k,h1_kj_mol_fig3,h2_kj_mol_fig3",True,fig2_plus_fig3_kinetics
348.0,383.0,2.0,50.0,0.048936378684853975,a,50.0,paper,1.0,0.0,"delta_h_kj_mol,delta_h_peak_kj_mol,s1_j_mol_k,s2_j_mol_k,delta_s_j_mol_k,h1_kj_mol_fig3,h2_kj_mol_fig3",True,fig2_plus_fig3_kinetics
348.0,383.0,5.0,50.0,0.03508926156015809,a,50.0,paper,1.0,0.0,"delta_h_kj_mol,delta_h_peak_kj_mol,s1_j_mol_k,s2_j_mol_k,delta_s_j_mol_k,h1_kj_mol_fig3,h2_kj_mol_fig3",True,fig2_plus_fig3_kinetics
348.0,383.0,10.0,50.0,0.035315695684040985,a,50.0,paper,1.0,0.0,"delta_h_kj_mol,delta_h_peak_kj_mol,s1_j_mol_k,s2_j_mol_k,delta_s_j_mol_k,h1_kj_mol_fig3,h2_kj_mol_fig3",True,fig2_plus_fig3_kinetics
348.0,383.0,20.0,50.0,0.0341197922637426,a,50.0,paper,1.0,0.0,"delta_h_kj_mol,delta_h_peak_kj_mol,s1_j_mol_k,s2_j_mol_k,delta_s_j_mol_k,h1_kj_mol_fig3,h2_kj_mol_fig3",True,fig2_plus_fig3_kinetics
348.0,383.0,50.0,50.0,0.03357574901862746,a,50.0,paper,1.0,0.0,"delta_h_kj_mol,delta_h_peak_kj_mol,s1_j_mol_k,s2_j_mol_k,delta_s_j_mol_k,h1_kj_mol_fig3,h2_kj_mol_fig3",True,fig2_plus_fig3_kinetics
348.0,383.0,100.0,50.0,0.034169854667573836,a,50.0,paper,1.0,0.0,"delta_h_kj_mol,delta_h_peak_kj_mol,s1_j_mol_k,s2_j_mol_k,delta_s_j_mol_k,h1_kj_mol_fig3,h2_kj_mol_fig3",True,fig2_plus_fig3_kinetics
348.0,383.0,0.1,100.0,0.03412543891233978,a,1000.0,paper,10.0,1.0,"delta_h_kj_mol,delta_h_peak_kj_mol,s1_j_mol_k,s2_j_mol_k,delta_s_j_mol_k,h1_kj_mol_fig3,h2_kj_mol_fig3",False,fig2_plus_fig3_kinetics
348.0,383.0,0.2,100.0,0.034109275193921186,a,1000.0,paper,10.0,1.0,"delta_h_kj_mol,delta_h_peak_kj_mol,s1_j_mol_k,s2_j_mol_k,delta_s_j_mol_k,h1_kj_mol_fig3,h2_kj_mol_fig3",False,fig2_plus_fig3_kinetics
348.0,383.0,0.5,100.0,0.034246938832076045,a,1000.0,paper,10.0,1.0,"delta_h_kj_mol,delta_h_peak_kj_mol,s1_j_mol_k,s2_j_mol_k,delta_s_j_mol_k,h1_kj_mol_fig3,h2_kj_mol_fig3",False,fig2_plus_fig3_kinetics
348.0,383.0,1.0,100.0,0.03443848239640092,a,1000.0,paper,10.0,1.0,"delta_h_kj_mol,delta_h_peak_kj_mol,s1_j_mol_k,s2_j_mol_k,delta_s_j_mol_k,h1_kj_mol_fig3,h2_kj_mol_fig3",False,fig2_plus_fig3_kinetics
348.0,383.0,2.0,100.0,0.03459530612882407,a,1000.0,paper,10.0,1.0,"delta_h_kj_mol,delta_h_peak_kj_mol,s1_j_mol_k,s2_j_mol_k,delta_s_j_mol_k,h1_kj_mol_fig3,h2_kj_mol_fig3",False,fig2_plus_fig3_kinetics
348.0,383.0,5.0,100.0,0.02080739644886172,a,1000.0,paper,10.0,1.0,"delta_h_kj_mol,delta_h_peak_kj_mol,s1_j_mol_k,s2_j_mol_k,delta_s_j_mol_k,h1_kj_mol_fig3,h2_kj_mol_fig3",False,fig2_plus_fig3_kinetics
348.0,383.0,10.0,100.0,0.018638691984041948,a,1000.0,paper,10.0,1.0,"delta_h_kj_mol,delta_h_peak_kj_mol,s1_j_mol_k,s2_j_mol_k,delta_s_j_mol_k,h1_kj_mol_fig3,h2_kj_mol_fig3",False,fig2_plus_fig3_kinetics
348.0,383.0,20.0,100.0,0.01670068022950529,a,1000.0,paper,10.0,1.0,"delta_h_kj_mol,delta_h_peak_kj_mol,s1_j_mol_k,s2_j_mol_k,delta_s_j_mol_k,h1_kj_mol_fig3,h2_kj_mol_fig3",False,fig2_plus_fig3_kinetics
348.0,383.0,50.0,100.0,0.015765366167122652,a,1000.0,paper,10.0,1.0,"delta_h_kj_mol,delta_h_peak_kj_mol,s1_j_mol_k,s2_j_mol_k,delta_s_j_mol_k,h1_kj_mol_fig3,h2_kj_mol_fig3",False,fig2_plus_fig3_kinetics
348.0,383.0,100.0,100.0,0.016283842529869207,a,1000.0,paper,10.0,1.0,"delta_h_kj_mol,delta_h_peak_kj_mol,s1_j_mol_k,s2_j_mol_k,delta_s_j_mol_k,h1_kj_mol_fig3,h2_kj_mol_fig3",False,fig2_plus_fig3_kinetics
348.0,383.0,0.1,200.0,0.05217182580405907,a,500.0,paper,2.5,0.3979400086720376,"delta_h_kj_mol,delta_h_peak_kj_mol,s1_j_mol_k,s2_j_mol_k,delta_s_j_mol_k,h1_kj_mol_fig3,h2_kj_mol_fig3",True,fig2_plus_fig3_kinetics
348.0,383.0,0.2,200.0,0.05185488831533035,a,500.0,paper,2.5,0.3979400086720376,"delta_h_kj_mol,delta_h_peak_kj_mol,s1_j_mol_k,s2_j_mol_k,delta_s_j_mol_k,h1_kj_mol_fig3,h2_kj_mol_fig3",True,fig2_plus_fig3_kinetics
348.0,383.0,0.5,200.0,0.05148703469283185,a,500.0,paper,2.5,0.3979400086720376,"delta_h_kj_mol,delta_h_peak_kj_mol,s1_j_mol_k,s2_j_mol_k,delta_s_j_mol_k,h1_kj_mol_fig3,h2_kj_mol_fig3",True,fig2_plus_fig3_kinetics
348.0,383.0,1.0,200.0,0.050880515139539874,a,500.0,paper,2.5,0.3979400086720376,"delta_h_kj_mol,delta_h_peak_kj_mol,s1_j_mol_k,s2_j_mol_k,delta_s_j_mol_k,h1_kj_mol_fig3,h2_kj_mol_fig3",True,fig2_plus_fig3_kinetics
348.0,383.0,2.0,200.0,0.04819513592605694,a,500.0,paper,2.5,0.3979400086720376,"delta_h_kj_mol,delta_h_peak_kj_mol,s1_j_mol_k,s2_j_mol_k,delta_s_j_mol_k,h1_kj_mol_fig3,h2_kj_mol_fig3",True,fig2_plus_fig3_kinetics
348.0,383.0,5.0,200.0,0.05039073128930781,a,500.0,paper,2.5,0.3979400086720376,"delta_h_kj_mol,delta_h_peak_kj_mol,s1_j_mol_k,s2_j_mol_k,delta_s_j_mol_k,h1_kj_mol_fig3,h2_kj_mol_fig3",True,fig2_plus_fig3_kinetics
348.0,383.0,10.0,200.0,0.04798364444745247,a,500.0,paper,2.5,0.3979400086720376,"delta_h_kj_mol,delta_h_peak_kj_mol,s1_j_mol_k,s2_j_mol_k,delta_s_j_mol_k,h1_kj_mol_fig3,h2_kj_mol_fig3",True,fig2_plus_fig3_kinetics
348.0,383.0,20.0,200.0,0.04592268451352732,a,500.0,paper,2.5,0.3979400086720376,"delta_h_kj_mol,delta_h_peak_kj_mol,s1_j_mol_k,s2_j_mol_k,delta_s_j_mol_k,h1_kj_mol_fig3,h2_kj_mol_fig3",True,fig2_plus_fig3_kinetics
348.0,383.0,50.0,200.0,0.044614237583488425,a,500.0,paper,2.5,0.3979400086720376,"delta_h_kj_mol,delta_h_peak_kj_mol,s1_j_mol_k,s2_j_mol_k,delta_s_j_mol_k,h1_kj_mol_fig3,h2_kj_mol_fig3",True,fig2_plus_fig3_kinetics
348.0,383.0,100.0,200.0,0.044863940571658996,a,500.0,paper,2.5,0.3979400086720376,"delta_h_kj_mol,delta_h_peak_kj_mol,s1_j_mol_k,s2_j_mol_k,delta_s_j_mol_k,h1_kj_mol_fig3,h2_kj_mol_fig3",True,fig2_plus_fig3_kinetics
348.0,383.0,0.1,500.0,0.07640439444586666,a,500.0,paper,1.0,0.0,"delta_h_kj_mol,delta_h_peak_kj_mol,s1_j_mol_k,s2_j_mol_k,delta_s_j_mol_k,h1_kj_mol_fig3,h2_kj_mol_fig3",True,fig2_plus_fig3_kinetics
348.0,383.0,0.2,500.0,0.07591927008133616,a,500.0,paper,1.0,0.0,"delta_h_kj_mol,delta_h_peak_kj_mol,s1_j_mol_k,s2_j_mol_k,delta_s_j_mol_k,h1_kj_mol_fig3,h2_kj_mol_fig3",True,fig2_plus_fig3_kinetics
348.0,383.0,0.5,500.0,0.07545807308515325,a,500.0,paper,1.0,0.0,"delta_h_kj_mol,delta_h_peak_kj_mol,s1_j_mol_k,s2_j_mol_k,delta_s_j_mol_k,h1_kj_mol_fig3,h2_kj_mol_fig3",True,fig2_plus_fig3_kinetics
348.0,383.0,1.0,500.0,0.07484841607894144,a,500.0,paper,1.0,0.0,"delta_h_kj_mol,delta_h_peak_kj_mol,s1_j_mol_k,s2_j_mol_k,delta_s_j_mol_k,h1_kj_mol_fig3,h2_kj_mol_fig3",True,fig2_plus_fig3_kinetics
348.0,383.0,2.0,500.0,0.07221548388101705,a,500.0,paper,1.0,0.0,"delta_h_kj_mol,delta_h_peak_kj_mol,s1_j_mol_k,s2_j_mol_k,delta_s_j_mol_k,h1_kj_mol_fig3,h2_kj_mol_fig3",True,fig2_plus_fig3_kinetics
348.0,383.0,5.0,500.0,0.062162024780906426,a,500.0,paper,1.0,0.0,"delta_h_kj_mol,delta_h_peak_kj_mol,s1_j_mol_k,s2_j_mol_k,delta_s_j_mol_k,h1_kj_mol_fig3,h2_kj_mol_fig3",True,fig2_plus_fig3_kinetics
348.0,383.0,10.0,500.0,0.05972109678805439,a,500.0,paper,1.0,0.0,"delta_h_kj_mol,delta_h_peak_kj_mol,s1_j_mol_k,s2_j_mol_k,delta_s_j_mol_k,h1_kj_mol_fig3,h2_kj_mol_fig3",True,fig2_plus_fig3_kinetics
348.0,383.0,20.0,500.0,0.05764912725067439,a,500.0,paper,1.0,0.0,"delta_h_kj_mol,delta_h_peak_kj_mol,s1_j_mol_k,s2_j_mol_k,delta_s_j_mol_k,h1_kj_mol_fig3,h2_kj_mol_fig3",True,fig2_plus_fig3_kinetics
348.0,383.0,50.0,500.0,0.05641323505937223,a,500.0,paper,1.0,0.0,"delta_h_kj_mol,delta_h_peak_kj_mol,s1_j_mol_k,s2_j_mol_k,delta_s_j_mol_k,h1_kj_mol_fig3,h2_kj_mol_fig3",True,fig2_plus_fig3_kinetics
348.0,383.0,100.0,500.0,0.05681677772097972,a,500.0,paper,1.0,0.0,"delta_h_kj_mol,delta_h_peak_kj_mol,s1_j_mol_k,s2_j_mol_k,delta_s_j_mol_k,h1_kj_mol_fig3,h2_kj_mol_fig3",True,fig2_plus_fig3_kinetics
348.0,383.0,0.1,1000.0,0.0676642337591883,a,1000.0,paper,1.0,0.0,"delta_h_kj_mol,delta_h_peak_kj_mol,s1_j_mol_k,s2_j_mol_k,delta_s_j_mol_k,h1_kj_mol_fig3,h2_kj_mol_fig3",True,fig2_plus_fig3_kinetics
348.0,383.0,0.2,1000.0,0.0671970001779311,a,1000.0,paper,1.0,0.0,"delta_h_kj_mol,delta_h_peak_kj_mol,s1_j_mol_k,s2_j_mol_k,delta_s_j_mol_k,h1_kj_mol_fig3,h2_kj_mol_fig3",True,fig2_plus_fig3_kinetics
348.0,383.0,0.5,1000.0,0.06676161352745039,a,1000.0,paper,1.0,0.0,"delta_h_kj_mol,delta_h_peak_kj_mol,s1_j_mol_k,s2_j_mol_k,delta_s_j_mol_k,h1_kj_mol_fig3,h2_kj_mol_fig3",True,fig2_plus_fig3_kinetics
348.0,383.0,1.0,1000.0,0.066189663209733,a,1000.0,paper,1.0,0.0,"delta_h_kj_mol,delta_h_peak_kj_mol,s1_j_mol_k,s2_j_mol_k,delta_s_j_mol_k,h1_kj_mol_fig3,h2_kj_mol_fig3",True,fig2_plus_fig3_kinetics
348.0,383.0,2.0,1000.0,0.06369292254887413,a,1000.0,paper,1.0,0.0,"delta_h_kj_mol,delta_h_peak_kj_mol,s1_j_mol_k,s2_j_mol_k,delta_s_j_mol_k,h1_kj_mol_fig3,h2_kj_mol_fig3",True,fig2_plus_fig3_kinetics
348.0,383.0,5.0,1000.0,0.05544560748936768,a,1000.0,paper,1.0,0.0,"delta_h_kj_mol,delta_h_peak_kj_mol,s1_j_mol_k,s2_j_mol_k,delta_s_j_mol_k,h1_kj_mol_fig3,h2_kj_mol_fig3",True,fig2_plus_fig3_kinetics
348.0,383.0,10.0,1000.0,0.05317914096677085,a,1000.0,paper,1.0,0.0,"delta_h_kj_mol,delta_h_peak_kj_mol,s1_j_mol_k,s2_j_mol_k,delta_s_j_mol_k,h1_kj_mol_fig3,h2_kj_mol_fig3",True,fig2_plus_fig3_kinetics
348.0,383.0,20.0,1000.0,0.0512014864724102,a,1000.0,paper,1.0,0.0,"delta_h_kj_mol,delta_h_peak_kj_mol,s1_j_mol_k,s2_j_mol_k,delta_s_j_mol_k,h1_kj_mol_fig3,h2_kj_mol_fig3",True,fig2_plus_fig3_kinetics
348.0,383.0,50.0,1000.0,0.050062832547861764,a,1000.0,paper,1.0,0.0,"delta_h_kj_mol,delta_h_peak_kj_mol,s1_j_mol_k,s2_j_mol_k,delta_s_j_mol_k,h1_kj_mol_fig3,h2_kj_mol_fig3",True,fig2_plus_fig3_kinetics
348.0,383.0,100.0,1000.0,0.05051723056691574,a,1000.0,paper,1.0,0.0,"delta_h_kj_mol,delta_h_peak_kj_mol,s1_j_mol_k,s2_j_mol_k,delta_s_j_mol_k,h1_kj_mol_fig3,h2_kj_mol_fig3",True,fig2_plus_fig3_kinetics
363.0,383.0,0.1,0.1,0.1203309743422671,b,0.1,paper,1.0,0.0,"delta_h_kj_mol,delta_h_peak_kj_mol,s1_j_mol_k,s2_j_mol_k,delta_s_j_mol_k,h1_kj_mol_fig3,h2_kj_mol_fig3",True,fig2_plus_fig3_kinetics
363.0,383.0,0.2,0.1,0.09355160155214322,b,0.1,paper,1.0,0.0,"delta_h_kj_mol,delta_h_peak_kj_mol,s1_j_mol_k,s2_j_mol_k,delta_s_j_mol_k,h1_kj_mol_fig3,h2_kj_mol_fig3",True,fig2_plus_fig3_kinetics
363.0,383.0,0.5,0.1,0.09826191001282655,b,0.1,paper,1.0,0.0,"delta_h_kj_mol,delta_h_peak_kj_mol,s1_j_mol_k,s2_j_mol_k,delta_s_j_mol_k,h1_kj_mol_fig3,h2_kj_mol_fig3",True,fig2_plus_fig3_kinetics
363.0,383.0,1.0,0.1,0.08236175211231347,b,0.1,paper,1.0,0.0,"delta_h_kj_mol,delta_h_peak_kj_mol,s1_j_mol_k,s2_j_mol_k,delta_s_j_mol_k,h1_kj_mol_fig3,h2_kj_mol_fig3",True,fig2_plus_fig3_kinetics
363.0,383.0,2.0,0.1,0.09050353336549989,b,0.1,paper,1.0,0.0,"delta_h_kj_mol,delta_h_peak_kj_mol,s1_j_mol_k,s2_j_mol_k,delta_s_j_mol_k,h1_kj_mol_fig3,h2_kj_mol_fig3",True,fig2_plus_fig3_kinetics
363.0,383.0,5.0,0.1,0.07606830789520362,b,0.1,paper,1.0,0.0,"delta_h_kj_mol,delta_h_peak_kj_mol,s1_j_mol_k,s2_j_mol_k,delta_s_j_mol_k,h1_kj_mol_fig3,h2_kj_mol_fig3",True,fig2_plus_fig3_kinetics
363.0,383.0,10.0,0.1,0.08032504054810374,b,0.1,paper,1.0,0.0,"delta_h_kj_mol,delta_h_peak_kj_mol,s1_j_mol_k,s2_j_mol_k,delta_s_j_mol_k,h1_kj_mol_fig3,h2_kj_mol_fig3",True,fig2_plus_fig3_kinetics
363.0,383.0,20.0,0.1,0.032414907524080064,b,0.1,paper,1.0,0.0,"delta_h_kj_mol,delta_h_peak_kj_mol,s1_j_mol_k,s2_j_mol_k,delta_s_j_mol_k,h1_kj_mol_fig3,h2_kj_mol_fig3",True,fig2_plus_fig3_kinetics
363.0,383.0,50.0,0.1,0.16291263617542828,b,0.1,paper,1.0,0.0,"delta_h_kj_mol,delta_h_peak_kj_mol,s1_j_mol_k,s2_j_mol_k,delta_s_j_mol_k,h1_kj_mol_fig3,h2_kj_mol_fig3",True,fig2_plus_fig3_kinetics
363.0,383.0,100.0,0.1,0.19120404780137415,b,0.1,paper,1.0,0.0,"delta_h_kj_mol,delta_h_peak_kj_mol,s1_j_mol_k,s2_j_mol_k,delta_s_j_mol_k,h1_kj_mol_fig3,h2_kj_mol_fig3",True,fig2_plus_fig3_kinetics
363.0,383.0,0.1,0.2,0.08916587256633117,b,0.1,paper,2.0,0.3010299956639812,"delta_h_kj_mol,delta_h_peak_kj_mol,s1_j_mol_k,s2_j_mol_k,delta_s_j_mol_k,h1_kj_mol_fig3,h2_kj_mol_fig3",True,fig2_plus_fig3_kinetics
363.0,383.0,0.2,0.2,0.0917859430664906,b,0.1,paper,2.0,0.3010299956639812,"delta_h_kj_mol,delta_h_peak_kj_mol,s1_j_mol_k,s2_j_mol_k,delta_s_j_mol_k,h1_kj_mol_fig3,h2_kj_mol_fig3",True,fig2_plus_fig3_kinetics
363.0,383.0,0.5,0.2,0.07976236688100102,b,0.1,paper,2.0,0.3010299956639812,"delta_h_kj_mol,delta_h_peak_kj_mol,s1_j_mol_k,s2_j_mol_k,delta_s_j_mol_k,h1_kj_mol_fig3,h2_kj_mol_fig3",True,fig2_plus_fig3_kinetics
363.0,383.0,1.0,0.2,0.08511035284483091,b,0.1,paper,2.0,0.3010299956639812,"delta_h_kj_mol,delta_h_peak_kj_mol,s1_j_mol_k,s2_j_mol_k,delta_s_j_mol_k,h1_kj_mol_fig3,h2_kj_mol_fig3",True,fig2_plus_fig3_kinetics
363.0,383.0,2.0,0.2,0.06964494564888155,b,0.1,paper,2.0,0.3010299956639812,"delta_h_kj_mol,delta_h_peak_kj_mol,s1_j_mol_k,s2_j_mol_k,delta_s_j_mol_k,h1_kj_mol_fig3,h2_kj_mol_fig3",True,fig2_plus_fig3_kinetics
363.0,383.0,5.0,0.2,0.07876004899669019,b,0.1,paper,2.0,0.3010299956639812,"delta_h_kj_mol,delta_h_peak_kj_mol,s1_j_mol_k,s2_j_mol_k,delta_s_j_mol_k,h1_kj_mol_fig3,h2_kj_mol_fig3",True,fig2_plus_fig3_kinetics
363.0,383.0,10.0,0.2,0.020234225318271338,b,0.1,paper,2.0,0.3010299956639812,"delta_h_kj_mol,delta_h_peak_kj_mol,s1_j_mol_k,s2_j_mol_k,delta_s_j_mol_k,h1_kj_mol_fig3,h2_kj_mol_fig3",True,fig2_plus_fig3_kinetics
363.0,383.0,20.0,0.2,0.04138410366964403,b,0.2,paper,1.0,0.0,"delta_h_kj_mol,delta_h_peak_kj_mol,s1_j_mol_k,s2_j_mol_k,delta_s_j_mol_k,h1_kj_mol_fig3,h2_kj_mol_fig3",True,fig2_plus_fig3_kinetics
363.0,383.0,50.0,0.2,0.18735607653927483,b,0.2,paper,1.0,0.0,"delta_h_kj_mol,delta_h_peak_kj_mol,s1_j_mol_k,s2_j_mol_k,delta_s_j_mol_k,h1_kj_mol_fig3,h2_kj_mol_fig3",True,fig2_plus_fig3_kinetics
363.0,383.0,100.0,0.2,0.12721814640796378,b,0.2,paper,1.0,0.0,"delta_h_kj_mol,delta_h_peak_kj_mol,s1_j_mol_k,s2_j_mol_k,delta_s_j_mol_k,h1_kj_mol_fig3,h2_kj_mol_fig3",True,fig2_plus_fig3_kinetics
363.0,383.0,0.1,0.5,0.057144118112830204,b,0.5,paper,1.0,0.0,"delta_h_kj_mol,delta_h_peak_kj_mol,s1_j_mol_k,s2_j_mol_k,delta_s_j_mol_k,h1_kj_mol_fig3,h2_kj_mol_fig3",True,fig2_plus_fig3_kinetics
363.0,383.0,0.2,0.5,0.05974189686633054,b,0.5,paper,1.0,0.0,"delta_h_kj_mol,delta_h_peak_kj_mol,s1_j_mol_k,s2_j_mol_k,delta_s_j_mol_k,h1_kj_mol_fig3,h2_kj_mol_fig3",True,fig2_plus_fig3_kinetics
363.0,383.0,0.5,0.5,0.039206539308169426,b,0.5,paper,1.0,0.0,"delta_h_kj_mol,delta_h_peak_kj_mol,s1_j_mol_k,s2_j_mol_k,delta_s_j_mol_k,h1_kj_mol_fig3,h2_kj_mol_fig3",True,fig2_plus_fig3_kinetics
363.0,383.0,1.0,0.5,0.036932805687700625,b,0.5,paper,1.0,0.0,"delta_h_kj_mol,delta_h_peak_kj_mol,s1_j_mol_k,s2_j_mol_k,delta_s_j_mol_k,h1_kj_mol_fig3,h2_kj_mol_fig3",True,fig2_plus_fig3_kinetics
363.0,383.0,2.0,0.5,0.04409874367986755,b,0.5,paper,1.0,0.0,"delta_h_kj_mol,delta_h_peak_kj_mol,s1_j_mol_k,s2_j_mol_k,delta_s_j_mol_k,h1_kj_mol_fig3,h2_kj_mol_fig3",True,fig2_plus_fig3_kinetics
363.0,383.0,5.0,0.5,0.023180218434292753,b,0.5,paper,1.0,0.0,"delta_h_kj_mol,delta_h_peak_kj_mol,s1_j_mol_k,s2_j_mol_k,delta_s_j_mol_k,h1_kj_mol_fig3,h2_kj_mol_fig3",True,fig2_plus_fig3_kinetics
363.0,383.0,10.0,0.5,0.026195383031278708,b,0.5,paper,1.0,0.0,"delta_h_kj_mol,delta_h_peak_kj_mol,s1_j_mol_k,s2_j_mol_k,delta_s_j_mol_k,h1_kj_mol_fig3,h2_kj_mol_fig3",True,fig2_plus_fig3_kinetics
363.0,383.0,20.0,0.5,0.0453557449507594,b,0.5,paper,1.0,0.0,"delta_h_kj_mol,delta_h_peak_kj_mol,s1_j_mol_k,s2_j_mol_k,delta_s_j_mol_k,h1_kj_mol_fig3,h2_kj_mol_fig3",True,fig2_plus_fig3_kinetics
363.0,383.0,50.0,0.5,0.17346229464525978,b,0.5,paper,1.0,0.0,"delta_h_kj_mol,delta_h_peak_kj_mol,s1_j_mol_k,s2_j_mol_k,delta_s_j_mol_k,h1_kj_mol_fig3,h2_kj_mol_fig3",True,fig2_plus_fig3_kinetics
363.0,383.0,100.0,0.5,0.11724171776432188,b,0.5,paper,1.0,0.0,"delta_h_kj_mol,delta_h_peak_kj_mol,s1_j_mol_k,s2_j_mol_k,delta_s_j_mol_k,h1_kj_mol_fig3,h2_kj_mol_fig3",True,fig2_plus_fig3_kinetics
363.0,383.0,0.1,1.0,0.061505423800159345,b,1.0,paper,1.0,0.0,"delta_h_kj_mol,delta_h_peak_kj_mol,s1_j_mol_k,s2_j_mol_k,delta_s_j_mol_k,h1_kj_mol_fig3,h2_kj_mol_fig3",True,fig2_plus_fig3_kinetics
363.0,383.0,0.2,1.0,0.0591179969584257,b,1.0,paper,1.0,0.0,"delta_h_kj_mol,delta_h_peak_kj_mol,s1_j_mol_k,s2_j_mol_k,delta_s_j_mol_k,h1_kj_mol_fig3,h2_kj_mol_fig3",True,fig2_plus_fig3_kinetics
363.0,383.0,0.5,1.0,0.05553842430096213,b,1.0,paper,1.0,0.0,"delta_h_kj_mol,delta_h_peak_kj_mol,s1_j_mol_k,s2_j_mol_k,delta_s_j_mol_k,h1_kj_mol_fig3,h2_kj_mol_fig3",True,fig2_plus_fig3_kinetics
363.0,383.0,1.0,1.0,0.05103941529280039,b,1.0,paper,1.0,0.0,"delta_h_kj_mol,delta_h_peak_kj_mol,s1_j_mol_k,s2_j_mol_k,delta_s_j_mol_k,h1_kj_mol_fig3,h2_kj_mol_fig3",True,fig2_plus_fig3_kinetics
363.0,383.0,2.0,1.0,0.038262991789577906,b,1.0,paper,1.0,0.0,"delta_h_kj_mol,delta_h_peak_kj_mol,s1_j_mol_k,s2_j_mol_k,delta_s_j_mol_k,h1_kj_mol_fig3,h2_kj_mol_fig3",True,fig2_plus_fig3_kinetics
363.0,383.0,5.0,1.0,0.01592916027074955,b,1.0,paper,1.0,0.0,"delta_h_kj_mol,delta_h_peak_kj_mol,s1_j_mol_k,s2_j_mol_k,delta_s_j_mol_k,h1_kj_mol_fig3,h2_kj_mol_fig3",True,fig2_plus_fig3_kinetics
363.0,383.0,10.0,1.0,0.018277845438349732,b,1.0,paper,1.0,0.0,"delta_h_kj_mol,delta_h_peak_kj_mol,s1_j_mol_k,s2_j_mol_k,delta_s_j_mol_k,h1_kj_mol_fig3,h2_kj_mol_fig3",True,fig2_plus_fig3_kinetics
363.0,383.0,20.0,1.0,0.035548066408617886,b,1.0,paper,1.0,0.0,"delta_h_kj_mol,delta_h_peak_kj_mol,s1_j_mol_k,s2_j_mol_k,delta_s_j_mol_k,h1_kj_mol_fig3,h2_kj_mol_fig3",True,fig2_plus_fig3_kinetics
363.0,383.0,50.0,1.0,0.15284814050820258,b,1.0,paper,1.0,0.0,"delta_h_kj_mol,delta_h_peak_kj_mol,s1_j_mol_k,s2_j_mol_k,delta_s_j_mol_k,h1_kj_mol_fig3,h2_kj_mol_fig3",True,fig2_plus_fig3_kinetics
363.0,383.0,100.0,1.0,0.20807583015553818,b,1.0,paper,1.0,0.0,"delta_h_kj_mol,delta_h_peak_kj_mol,s1_j_mol_k,s2_j_mol_k,delta_s_j_mol_k,h1_kj_mol_fig3,h2_kj_mol_fig3",True,fig2_plus_fig3_kinetics
363.0,383.0,0.1,2.0,0.08965646934261795,b,2.0,paper,1.0,0.0,"delta_h_kj_mol,delta_h_peak_kj_mol,s1_j_mol_k,s2_j_mol_k,delta_s_j_mol_k,h1_kj_mol_fig3,h2_kj_mol_fig3",True,fig2_plus_fig3_kinetics
363.0,383.0,0.2,2.0,0.0871396866897429,b,2.0,paper,1.0,0.0,"delta_h_kj_mol,delta_h_peak_kj_mol,s1_j_mol_k,s2_j_mol_k,delta_s_j_mol_k,h1_kj_mol_fig3,h2_kj_mol_fig3",True,fig2_plus_fig3_kinetics
363.0,383.0,0.5,2.0,0.09936024746477325,b,2.0,paper,1.0,0.0,"delta_h_kj_mol,delta_h_peak_kj_mol,s1_j_mol_k,s2_j_mol_k,delta_s_j_mol_k,h1_kj_mol_fig3,h2_kj_mol_fig3",True,fig2_plus_fig3_kinetics
363.0,383.0,1.0,2.0,0.09510294643070608,b,2.0,paper,1.0,0.0,"delta_h_kj_mol,delta_h_peak_kj_mol,s1_j_mol_k,s2_j_mol_k,delta_s_j_mol_k,h1_kj_mol_fig3,h2_kj_mol_fig3",True,fig2_plus_fig3_kinetics
363.0,383.0,2.0,2.0,0.10785509961593795,b,2.0,paper,1.0,0.0,"delta_h_kj_mol,delta_h_peak_kj_mol,s1_j_mol_k,s2_j_mol_k,delta_s_j_mol_k,h1_kj_mol_fig3,h2_kj_mol_fig3",True,fig2_plus_fig3_kinetics
363.0,383.0,5.0,2.0,0.06582469185123667,b,2.0,paper,1.0,0.0,"delta_h_kj_mol,delta_h_peak_kj_mol,s1_j_mol_k,s2_j_mol_k,delta_s_j_mol_k,h1_kj_mol_fig3,h2_kj_mol_fig3",True,fig2_plus_fig3_kinetics
363.0,383.0,10.0,2.0,0.08875814845450179,b,2.0,paper,1.0,0.0,"delta_h_kj_mol,delta_h_peak_kj_mol,s1_j_mol_k,s2_j_mol_k,delta_s_j_mol_k,h1_kj_mol_fig3,h2_kj_mol_fig3",True,fig2_plus_fig3_kinetics
363.0,383.0,20.0,2.0,0.07456989143899573,b,2.0,paper,1.0,0.0,"delta_h_kj_mol,delta_h_peak_kj_mol,s1_j_mol_k,s2_j_mol_k,delta_s_j_mol_k,h1_kj_mol_fig3,h2_kj_mol_fig3",True,fig2_plus_fig3_kinetics
363.0,383.0,50.0,2.0,0.12492653357662774,b,2.0,paper,1.0,0.0,"delta_h_kj_mol,delta_h_peak_kj_mol,s1_j_mol_k,s2_j_mol_k,delta_s_j_mol_k,h1_kj_mol_fig3,h2_kj_mol_fig3",True,fig2_plus_fig3_kinetics
363.0,383.0,100.0,2.0,0.0816058745048829,b,2.0,paper,1.0,0.0,"delta_h_kj_mol,delta_h_peak_kj_mol,s1_j_mol_k,s2_j_mol_k,delta_s_j_mol_k,h1_kj_mol_fig3,h2_kj_mol_fig3",True,fig2_plus_fig3_kinetics
363.0,383.0,0.1,5.0,0.11962222254548067,b,5.0,paper,1.0,0.0,"delta_h_kj_mol,delta_h_peak_kj_mol,s1_j_mol_k,s2_j_mol_k,delta_s_j_mol_k,h1_kj_mol_fig3,h2_kj_mol_fig3",True,fig2_plus_fig3_kinetics
363.0,383.0,0.2,5.0,0.1199688567072923,b,5.0,paper,1.0,0.0,"delta_h_kj_mol,delta_h_peak_kj_mol,s1_j_mol_k,s2_j_mol_k,delta_s_j_mol_k,h1_kj_mol_fig3,h2_kj_mol_fig3",True,fig2_plus_fig3_kinetics
363.0,383.0,0.5,5.0,0.0991161139956049,b,5.0,paper,1.0,0.0,"delta_h_kj_mol,delta_h_peak_kj_mol,s1_j_mol_k,s2_j_mol_k,delta_s_j_mol_k,h1_kj_mol_fig3,h2_kj_mol_fig3",True,fig2_plus_fig3_kinetics
363.0,383.0,1.0,5.0,0.10205136516759616,b,5.0,paper,1.0,0.0,"delta_h_kj_mol,delta_h_peak_kj_mol,s1_j_mol_k,s2_j_mol_k,delta_s_j_mol_k,h1_kj_mol_fig3,h2_kj_mol_fig3",True,fig2_plus_fig3_kinetics
363.0,383.0,2.0,5.0,0.11224541910526786,b,5.0,paper,1.0,0.0,"delta_h_kj_mol,delta_h_peak_kj_mol,s1_j_mol_k,s2_j_mol_k,delta_s_j_mol_k,h1_kj_mol_fig3,h2_kj_mol_fig3",True,fig2_plus_fig3_kinetics
363.0,383.0,5.0,5.0,0.13511588506807554,b,5.0,paper,1.0,0.0,"delta_h_kj_mol,delta_h_peak_kj_mol,s1_j_mol_k,s2_j_mol_k,delta_s_j_mol_k,h1_kj_mol_fig3,h2_kj_mol_fig3",True,fig2_plus_fig3_kinetics
363.0,383.0,10.0,5.0,0.14525607011662553,b,5.0,paper,1.0,0.0,"delta_h_kj_mol,delta_h_peak_kj_mol,s1_j_mol_k,s2_j_mol_k,delta_s_j_mol_k,h1_kj_mol_fig3,h2_kj_mol_fig3",True,fig2_plus_fig3_kinetics
363.0,383.0,20.0,5.0,0.1498750996146611,b,5.0,paper,1.0,0.0,"delta_h_kj_mol,delta_h_peak_kj_mol,s1_j_mol_k,s2_j_mol_k,delta_s_j_mol_k,h1_kj_mol_fig3,h2_kj_mol_fig3",True,fig2_plus_fig3_kinetics
363.0,383.0,50.0,5.0,0.058151318074957596,b,5.0,paper,1.0,0.0,"delta_h_kj_mol,delta_h_peak_kj_mol,s1_j_mol_k,s2_j_mol_k,delta_s_j_mol_k,h1_kj_mol_fig3,h2_kj_mol_fig3",True,fig2_plus_fig3_kinetics
363.0,383.0,100.0,5.0,0.07190831555032155,b,5.0,paper,1.0,0.0,"delta_h_kj_mol,delta_h_peak_kj_mol,s1_j_mol_k,s2_j_mol_k,delta_s_j_mol_k,h1_kj_mol_fig3,h2_kj_mol_fig3",True,fig2_plus_fig3_kinetics
363.0,383.0,0.1,10.0,0.1365383770205733,b,10.0,paper,1.0,0.0,"delta_h_kj_mol,delta_h_peak_kj_mol,s1_j_mol_k,s2_j_mol_k,delta_s_j_mol_k,h1_kj_mol_fig3,h2_kj_mol_fig3",True,fig2_plus_fig3_kinetics
363.0,383.0,0.2,10.0,0.13652589974927176,b,10.0,paper,1.0,0.0,"delta_h_kj_mol,delta_h_peak_kj_mol,s1_j_mol_k,s2_j_mol_k,delta_s_j_mol_k,h1_kj_mol_fig3,h2_kj_mol_fig3",True,fig2_plus_fig3_kinetics
363.0,383.0,0.5,10.0,0.13736506899815884,b,10.0,paper,1.0,0.0,"delta_h_kj_mol,delta_h_peak_kj_mol,s1_j_mol_k,s2_j_mol_k,delta_s_j_mol_k,h1_kj_mol_fig3,h2_kj_mol_fig3",True,fig2_plus_fig3_kinetics
363.0,383.0,1.0,10.0,0.13943357695089906,b,10.0,paper,1.0,0.0,"delta_h_kj_mol,delta_h_peak_kj_mol,s1_j_mol_k,s2_j_mol_k,delta_s_j_mol_k,h1_kj_mol_fig3,h2_kj_mol_fig3",True,fig2_plus_fig3_kinetics
363.0,383.0,2.0,10.0,0.1478249792991342,b,10.0,paper,1.0,0.0,"delta_h_kj_mol,delta_h_peak_kj_mol,s1_j_mol_k,s2_j_mol_k,delta_s_j_mol_k,h1_kj_mol_fig3,h2_kj_mol_fig3",True,fig2_plus_fig3_kinetics
363.0,383.0,5.0,10.0,0.04290185089348215,b,10.0,paper,1.0,0.0,"delta_h_kj_mol,delta_h_peak_kj_mol,s1_j_mol_k,s2_j_mol_k,delta_s_j_mol_k,h1_kj_mol_fig3,h2_kj_mol_fig3",True,fig2_plus_fig3_kinetics
363.0,383.0,10.0,10.0,0.051161778569188146,b,10.0,paper,1.0,0.0,"delta_h_kj_mol,delta_h_peak_kj_mol,s1_j_mol_k,s2_j_mol_k,delta_s_j_mol_k,h1_kj_mol_fig3,h2_kj_mol_fig3",True,fig2_plus_fig3_kinetics
363.0,383.0,20.0,10.0,0.05158411377070878,b,10.0,paper,1.0,0.0,"delta_h_kj_mol,delta_h_peak_kj_mol,s1_j_mol_k,s2_j_mol_k,delta_s_j_mol_k,h1_kj_mol_fig3,h2_kj_mol_fig3",True,fig2_plus_fig3_kinetics
363.0,383.0,50.0,10.0,0.060111183338262056,b,10.0,paper,1.0,0.0,"delta_h_kj_mol,delta_h_peak_kj_mol,s1_j_mol_k,s2_j_mol_k,delta_s_j_mol_k,h1_kj_mol_fig3,h2_kj_mol_fig3",True,fig2_plus_fig3_kinetics
363.0,383.0,100.0,10.0,0.07416176261979435,b,10.0,paper,1.0,0.0,"delta_h_kj_mol,delta_h_peak_kj_mol,s1_j_mol_k,s2_j_mol_k,delta_s_j_mol_k,h1_kj_mol_fig3,h2_kj_mol_fig3",True,fig2_plus_fig3_kinetics
363.0,383.0,0.1,20.0,0.04940926779630033,b,20.0,paper,1.0,0.0,"delta_h_kj_mol,delta_h_peak_kj_mol,s1_j_mol_k,s2_j_mol_k,delta_s_j_mol_k,h1_kj_mol_fig3,h2_kj_mol_fig3",True,fig2_plus_fig3_kinetics
363.0,383.0,0.2,20.0,0.04964886406123611,b,20.0,paper,1.0,0.0,"delta_h_kj_mol,delta_h_peak_kj_mol,s1_j_mol_k,s2_j_mol_k,delta_s_j_mol_k,h1_kj_mol_fig3,h2_kj_mol_fig3",True,fig2_plus_fig3_kinetics
363.0,383.0,0.5,20.0,0.05014491745155396,b,20.0,paper,1.0,0.0,"delta_h_kj_mol,delta_h_peak_kj_mol,s1_j_mol_k,s2_j_mol_k,delta_s_j_mol_k,h1_kj_mol_fig3,h2_kj_mol_fig3",True,fig2_plus_fig3_kinetics
363.0,383.0,1.0,20.0,0.05034263977129482,b,20.0,paper,1.0,0.0,"delta_h_kj_mol,delta_h_peak_kj_mol,s1_j_mol_k,s2_j_mol_k,delta_s_j_mol_k,h1_kj_mol_fig3,h2_kj_mol_fig3",True,fig2_plus_fig3_kinetics
363.0,383.0,2.0,20.0,0.04787507694848999,b,20.0,paper,1.0,0.0,"delta_h_kj_mol,delta_h_peak_kj_mol,s1_j_mol_k,s2_j_mol_k,delta_s_j_mol_k,h1_kj_mol_fig3,h2_kj_mol_fig3",True,fig2_plus_fig3_kinetics
363.0,383.0,5.0,20.0,0.038456288890643744,b,10.0,paper,2.0,0.3010299956639812,"delta_h_kj_mol,delta_h_peak_kj_mol,s1_j_mol_k,s2_j_mol_k,delta_s_j_mol_k,h1_kj_mol_fig3,h2_kj_mol_fig3",True,fig2_plus_fig3_kinetics
363.0,383.0,10.0,20.0,0.046590250261642895,b,10.0,paper,2.0,0.3010299956639812,"delta_h_kj_mol,delta_h_peak_kj_mol,s1_j_mol_k,s2_j_mol_k,delta_s_j_mol_k,h1_kj_mol_fig3,h2_kj_mol_fig3",True,fig2_plus_fig3_kinetics
363.0,383.0,20.0,20.0,0.04685610877054323,b,10.0,paper,2.0,0.3010299956639812,"delta_h_kj_mol,delta_h_peak_kj_mol,s1_j_mol_k,s2_j_mol_k,delta_s_j_mol_k,h1_kj_mol_fig3,h2_kj_mol_fig3",True,fig2_plus_fig3_kinetics
363.0,383.0,50.0,20.0,0.04378936496308979,b,20.0,paper,1.0,0.0,"delta_h_kj_mol,delta_h_peak_kj_mol,s1_j_mol_k,s2_j_mol_k,delta_s_j_mol_k,h1_kj_mol_fig3,h2_kj_mol_fig3",True,fig2_plus_fig3_kinetics
363.0,383.0,100.0,20.0,0.04883413320448656,b,20.0,paper,1.0,0.0,"delta_h_kj_mol,delta_h_peak_kj_mol,s1_j_mol_k,s2_j_mol_k,delta_s_j_mol_k,h1_kj_mol_fig3,h2_kj_mol_fig3",True,fig2_plus_fig3_kinetics
363.0,383.0,0.1,50.0,0.03579064889851665,b,50.0,paper,1.0,0.0,"delta_h_kj_mol,delta_h_peak_kj_mol,s1_j_mol_k,s2_j_mol_k,delta_s_j_mol_k,h1_kj_mol_fig3,h2_kj_mol_fig3",True,fig2_plus_fig3_kinetics
363.0,383.0,0.2,50.0,0.03607855768032524,b,50.0,paper,1.0,0.0,"delta_h_kj_mol,delta_h_peak_kj_mol,s1_j_mol_k,s2_j_mol_k,delta_s_j_mol_k,h1_kj_mol_fig3,h2_kj_mol_fig3",True,fig2_plus_fig3_kinetics
363.0,383.0,0.5,50.0,0.0366091023035114,b,50.0,paper,1.0,0.0,"delta_h_kj_mol,delta_h_peak_kj_mol,s1_j_mol_k,s2_j_mol_k,delta_s_j_mol_k,h1_kj_mol_fig3,h2_kj_mol_fig3",True,fig2_plus_fig3_kinetics
363.0,383.0,1.0,50.0,0.03684580683241245,b,50.0,paper,1.0,0.0,"delta_h_kj_mol,delta_h_peak_kj_mol,s1_j_mol_k,s2_j_mol_k,delta_s_j_mol_k,h1_kj_mol_fig3,h2_kj_mol_fig3",True,fig2_plus_fig3_kinetics
363.0,383.0,2.0,50.0,0.03455365212558292,b,50.0,paper,1.0,0.0,"delta_h_kj_mol,delta_h_peak_kj_mol,s1_j_mol_k,s2_j_mol_k,delta_s_j_mol_k,h1_kj_mol_fig3,h2_kj_mol_fig3",True,fig2_plus_fig3_kinetics
363.0,383.0,5.0,50.0,0.018998540867659116,b,50.0,paper,1.0,0.0,"delta_h_kj_mol,delta_h_peak_kj_mol,s1_j_mol_k,s2_j_mol_k,delta_s_j_mol_k,h1_kj_mol_fig3,h2_kj_mol_fig3",True,fig2_plus_fig3_kinetics
363.0,383.0,10.0,50.0,0.015251135157175319,b,50.0,paper,1.0,0.0,"delta_h_kj_mol,delta_h_peak_kj_mol,s1_j_mol_k,s2_j_mol_k,delta_s_j_mol_k,h1_kj_mol_fig3,h2_kj_mol_fig3",True,fig2_plus_fig3_kinetics
363.0,383.0,20.0,50.0,0.02052498882991952,b,50.0,paper,1.0,0.0,"delta_h_kj_mol,delta_h_peak_kj_mol,s1_j_mol_k,s2_j_mol_k,delta_s_j_mol_k,h1_kj_mol_fig3,h2_kj_mol_fig3",True,fig2_plus_fig3_kinetics
363.0,383.0,50.0,50.0,0.04515219830254783,b,50.0,paper,1.0,0.0,"delta_h_kj_mol,delta_h_peak_kj_mol,s1_j_mol_k,s2_j_mol_k,delta_s_j_mol_k,h1_kj_mol_fig3,h2_kj_mol_fig3",True,fig2_plus_fig3_kinetics
363.0,383.0,100.0,50.0,0.058861031654871505,b,50.0,paper,1.0,0.0,"delta_h_kj_mol,delta_h_peak_kj_mol,s1_j_mol_k,s2_j_mol_k,delta_s_j_mol_k,h1_kj_mol_fig3,h2_kj_mol_fig3",True,fig2_plus_fig3_kinetics
363.0,383.0,0.1,100.0,0.008058945740676362,b,1000.0,paper,10.0,1.0,"delta_h_kj_mol,delta_h_peak_kj_mol,s1_j_mol_k,s2_j_mol_k,delta_s_j_mol_k,h1_kj_mol_fig3,h2_kj_mol_fig3",False,fig2_plus_fig3_kinetics
363.0,383.0,0.2,100.0,0.008159396474252395,b,1000.0,paper,10.0,1.0,"delta_h_kj_mol,delta_h_peak_kj_mol,s1_j_mol_k,s2_j_mol_k,delta_s_j_mol_k,h1_kj_mol_fig3,h2_kj_mol_fig3",False,fig2_plus_fig3_kinetics
363.0,383.0,0.5,100.0,0.008267724647100924,b,1000.0,paper,10.0,1.0,"delta_h_kj_mol,delta_h_peak_kj_mol,s1_j_mol_k,s2_j_mol_k,delta_s_j_mol_k,h1_kj_mol_fig3,h2_kj_mol_fig3",False,fig2_plus_fig3_kinetics
363.0,383.0,1.0,100.0,0.007913893934731507,b,1000.0,paper,10.0,1.0,"delta_h_kj_mol,delta_h_peak_kj_mol,s1_j_mol_k,s2_j_mol_k,delta_s_j_mol_k,h1_kj_mol_fig3,h2_kj_mol_fig3",False,fig2_plus_fig3_kinetics
363.0,383.0,2.0,100.0,0.004129101439324467,b,1000.0,paper,10.0,1.0,"delta_h_kj_mol,delta_h_peak_kj_mol,s1_j_mol_k,s2_j_mol_k,delta_s_j_mol_k,h1_kj_mol_fig3,h2_kj_mol_fig3",False,fig2_plus_fig3_kinetics
363.0,383.0,5.0,100.0,0.014624617912189854,b,1000.0,paper,10.0,1.0,"delta_h_kj_mol,delta_h_peak_kj_mol,s1_j_mol_k,s2_j_mol_k,delta_s_j_mol_k,h1_kj_mol_fig3,h2_kj_mol_fig3",False,fig2_plus_fig3_kinetics
363.0,383.0,10.0,100.0,0.01946866526764579,b,1000.0,paper,10.0,1.0,"delta_h_kj_mol,delta_h_peak_kj_mol,s1_j_mol_k,s2_j_mol_k,delta_s_j_mol_k,h1_kj_mol_fig3,h2_kj_mol_fig3",False,fig2_plus_fig3_kinetics
363.0,383.0,20.0,100.0,0.015351699971503752,b,1000.0,paper,10.0,1.0,"delta_h_kj_mol,delta_h_peak_kj_mol,s1_j_mol_k,s2_j_mol_k,delta_s_j_mol_k,h1_kj_mol_fig3,h2_kj_mol_fig3",False,fig2_plus_fig3_kinetics
363.0,383.0,50.0,100.0,0.011955681347333791,b,1000.0,paper,10.0,1.0,"delta_h_kj_mol,delta_h_peak_kj_mol,s1_j_mol_k,s2_j_mol_k,delta_s_j_mol_k,h1_kj_mol_fig3,h2_kj_mol_fig3",False,fig2_plus_fig3_kinetics
363.0,383.0,100.0,100.0,0.02483059674285693,b,1000.0,paper,10.0,1.0,"delta_h_kj_mol,delta_h_peak_kj_mol,s1_j_mol_k,s2_j_mol_k,delta_s_j_mol_k,h1_kj_mol_fig3,h2_kj_mol_fig3",False,fig2_plus_fig3_kinetics
363.0,383.0,0.1,200.0,0.08093809711323112,b,500.0,paper,2.5,0.3979400086720376,"delta_h_kj_mol,delta_h_peak_kj_mol,s1_j_mol_k,s2_j_mol_k,delta_s_j_mol_k,h1_kj_mol_fig3,h2_kj_mol_fig3",True,fig2_plus_fig3_kinetics
363.0,383.0,0.2,200.0,0.08072751007974598,b,500.0,paper,2.5,0.3979400086720376,"delta_h_kj_mol,delta_h_peak_kj_mol,s1_j_mol_k,s2_j_mol_k,delta_s_j_mol_k,h1_kj_mol_fig3,h2_kj_mol_fig3",True,fig2_plus_fig3_kinetics
363.0,383.0,0.5,200.0,0.08063153525642755,b,500.0,paper,2.5,0.3979400086720376,"delta_h_kj_mol,delta_h_peak_kj_mol,s1_j_mol_k,s2_j_mol_k,delta_s_j_mol_k,h1_kj_mol_fig3,h2_kj_mol_fig3",True,fig2_plus_fig3_kinetics
363.0,383.0,1.0,200.0,0.0802259712613804,b,500.0,paper,2.5,0.3979400086720376,"delta_h_kj_mol,delta_h_peak_kj_mol,s1_j_mol_k,s2_j_mol_k,delta_s_j_mol_k,h1_kj_mol_fig3,h2_kj_mol_fig3",True,fig2_plus_fig3_kinetics
363.0,383.0,2.0,200.0,0.07647153671361016,b,500.0,paper,2.5,0.3979400086720376,"delta_h_kj_mol,delta_h_peak_kj_mol,s1_j_mol_k,s2_j_mol_k,delta_s_j_mol_k,h1_kj_mol_fig3,h2_kj_mol_fig3",True,fig2_plus_fig3_kinetics
363.0,383.0,5.0,200.0,0.05776308180919356,b,500.0,paper,2.5,0.3979400086720376,"delta_h_kj_mol,delta_h_peak_kj_mol,s1_j_mol_k,s2_j_mol_k,delta_s_j_mol_k,h1_kj_mol_fig3,h2_kj_mol_fig3",True,fig2_plus_fig3_kinetics
363.0,383.0,10.0,200.0,0.05295038897386893,b,500.0,paper,2.5,0.3979400086720376,"delta_h_kj_mol,delta_h_peak_kj_mol,s1_j_mol_k,s2_j_mol_k,delta_s_j_mol_k,h1_kj_mol_fig3,h2_kj_mol_fig3",True,fig2_plus_fig3_kinetics
363.0,383.0,20.0,200.0,0.05725994880933551,b,500.0,paper,2.5,0.3979400086720376,"delta_h_kj_mol,delta_h_peak_kj_mol,s1_j_mol_k,s2_j_mol_k,delta_s_j_mol_k,h1_kj_mol_fig3,h2_kj_mol_fig3",True,fig2_plus_fig3_kinetics
363.0,383.0,50.0,200.0,0.07946830246504981,b,500.0,paper,2.5,0.3979400086720376,"delta_h_kj_mol,delta_h_peak_kj_mol,s1_j_mol_k,s2_j_mol_k,delta_s_j_mol_k,h1_kj_mol_fig3,h2_kj_mol_fig3",True,fig2_plus_fig3_kinetics
363.0,383.0,100.0,200.0,0.09043835580707771,b,500.0,paper,2.5,0.3979400086720376,"delta_h_kj_mol,delta_h_peak_kj_mol,s1_j_mol_k,s2_j_mol_k,delta_s_j_mol_k,h1_kj_mol_fig3,h2_kj_mol_fig3",True,fig2_plus_fig3_kinetics
363.0,383.0,0.1,500.0,0.09930317530522921,b,500.0,paper,1.0,0.0,"delta_h_kj_mol,delta_h_peak_kj_mol,s1_j_mol_k,s2_j_mol_k,delta_s_j_mol_k,h1_kj_mol_fig3,h2_kj_mol_fig3",True,fig2_plus_fig3_kinetics
363.0,383.0,0.2,500.0,0.09898601094346689,b,500.0,paper,1.0,0.0,"delta_h_kj_mol,delta_h_peak_kj_mol,s1_j_mol_k,s2_j_mol_k,delta_s_j_mol_k,h1_kj_mol_fig3,h2_kj_mol_fig3",True,fig2_plus_fig3_kinetics
363.0,383.0,0.5,500.0,0.09883325376023284,b,500.0,paper,1.0,0.0,"delta_h_kj_mol,delta_h_peak_kj_mol,s1_j_mol_k,s2_j_mol_k,delta_s_j_mol_k,h1_kj_mol_fig3,h2_kj_mol_fig3",True,fig2_plus_fig3_kinetics
363.0,383.0,1.0,500.0,0.09843479633254174,b,500.0,paper,1.0,0.0,"delta_h_kj_mol,delta_h_peak_kj_mol,s1_j_mol_k,s2_j_mol_k,delta_s_j_mol_k,h1_kj_mol_fig3,h2_kj_mol_fig3",True,fig2_plus_fig3_kinetics
363.0,383.0,2.0,500.0,0.09475591354518145,b,500.0,paper,1.0,0.0,"delta_h_kj_mol,delta_h_peak_kj_mol,s1_j_mol_k,s2_j_mol_k,delta_s_j_mol_k,h1_kj_mol_fig3,h2_kj_mol_fig3",True,fig2_plus_fig3_kinetics
363.0,383.0,5.0,500.0,0.0762457127274289,b,500.0,paper,1.0,0.0,"delta_h_kj_mol,delta_h_peak_kj_mol,s1_j_mol_k,s2_j_mol_k,delta_s_j_mol_k,h1_kj_mol_fig3,h2_kj_mol_fig3",True,fig2_plus_fig3_kinetics
363.0,383.0,10.0,500.0,0.07149509997105978,b,500.0,paper,1.0,0.0,"delta_h_kj_mol,delta_h_peak_kj_mol,s1_j_mol_k,s2_j_mol_k,delta_s_j_mol_k,h1_kj_mol_fig3,h2_kj_mol_fig3",True,fig2_plus_fig3_kinetics
363.0,383.0,20.0,500.0,0.07592564171392079,b,500.0,paper,1.0,0.0,"delta_h_kj_mol,delta_h_peak_kj_mol,s1_j_mol_k,s2_j_mol_k,delta_s_j_mol_k,h1_kj_mol_fig3,h2_kj_mol_fig3",True,fig2_plus_fig3_kinetics
363.0,383.0,50.0,500.0,0.0985095337276619,b,500.0,paper,1.0,0.0,"delta_h_kj_mol,delta_h_peak_kj_mol,s1_j_mol_k,s2_j_mol_k,delta_s_j_mol_k,h1_kj_mol_fig3,h2_kj_mol_fig3",True,fig2_plus_fig3_kinetics
363.0,383.0,100.0,500.0,0.1097159548411294,b,500.0,paper,1.0,0.0,"delta_h_kj_mol,delta_h_peak_kj_mol,s1_j_mol_k,s2_j_mol_k,delta_s_j_mol_k,h1_kj_mol_fig3,h2_kj_mol_fig3",True,fig2_plus_fig3_kinetics
363.0,383.0,0.1,1000.0,0.088291433045436,b,1000.0,paper,1.0,0.0,"delta_h_kj_mol,delta_h_peak_kj_mol,s1_j_mol_k,s2_j_mol_k,delta_s_j_mol_k,h1_kj_mol_fig3,h2_kj_mol_fig3",True,fig2_plus_fig3_kinetics
363.0,383.0,0.2,1000.0,0.08801283852916351,b,1000.0,paper,1.0,0.0,"delta_h_kj_mol,delta_h_peak_kj_mol,s1_j_mol_k,s2_j_mol_k,delta_s_j_mol_k,h1_kj_mol_fig3,h2_kj_mol_fig3",True,fig2_plus_fig3_kinetics
363.0,383.0,0.5,1000.0,0.08791924420715105,b,1000.0,paper,1.0,0.0,"delta_h_kj_mol,delta_h_peak_kj_mol,s1_j_mol_k,s2_j_mol_k,delta_s_j_mol_k,h1_kj_mol_fig3,h2_kj_mol_fig3",True,fig2_plus_fig3_kinetics
363.0,383.0,1.0,1000.0,0.08758922545598372,b,1000.0,paper,1.0,0.0,"delta_h_kj_mol,delta_h_peak_kj_mol,s1_j_mol_k,s2_j_mol_k,delta_s_j_mol_k,h1_kj_mol_fig3,h2_kj_mol_fig3",True,fig2_plus_fig3_kinetics
363.0,383.0,2.0,1000.0,0.08405756917090727,b,1000.0,paper,1.0,0.0,"delta_h_kj_mol,delta_h_peak_kj_mol,s1_j_mol_k,s2_j_mol_k,delta_s_j_mol_k,h1_kj_mol_fig3,h2_kj_mol_fig3",True,fig2_plus_fig3_kinetics
363.0,383.0,5.0,1000.0,0.06646713770527542,b,1000.0,paper,1.0,0.0,"delta_h_kj_mol,delta_h_peak_kj_mol,s1_j_mol_k,s2_j_mol_k,delta_s_j_mol_k,h1_kj_mol_fig3,h2_kj_mol_fig3",True,fig2_plus_fig3_kinetics
363.0,383.0,10.0,1000.0,0.061810660436875484,b,1000.0,paper,1.0,0.0,"delta_h_kj_mol,delta_h_peak_kj_mol,s1_j_mol_k,s2_j_mol_k,delta_s_j_mol_k,h1_kj_mol_fig3,h2_kj_mol_fig3",True,fig2_plus_fig3_kinetics
363.0,383.0,20.0,1000.0,0.06636999556686829,b,1000.0,paper,1.0,0.0,"delta_h_kj_mol,delta_h_peak_kj_mol,s1_j_mol_k,s2_j_mol_k,delta_s_j_mol_k,h1_kj_mol_fig3,h2_kj_mol_fig3",True,fig2_plus_fig3_kinetics
363.0,383.0,50.0,1000.0,0.08955396920266277,b,1000.0,paper,1.0,0.0,"delta_h_kj_mol,delta_h_peak_kj_mol,s1_j_mol_k,s2_j_mol_k,delta_s_j_mol_k,h1_kj_mol_fig3,h2_kj_mol_fig3",True,fig2_plus_fig3_kinetics
363.0,383.0,100.0,1000.0,0.10116353224057896,b,1000.0,paper,1.0,0.0,"delta_h_kj_mol,delta_h_peak_kj_mol,s1_j_mol_k,s2_j_mol_k,delta_s_j_mol_k,h1_kj_mol_fig3,h2_kj_mol_fig3",True,fig2_plus_fig3_kinetics
373.0,383.0,0.1,0.1,0.15321722192564727,c,0.1,paper,1.0,0.0,"delta_h_kj_mol,delta_h_peak_kj_mol,s1_j_mol_k,s2_j_mol_k,delta_s_j_mol_k,h1_kj_mol_fig3,h2_kj_mol_fig3",True,fig2_plus_fig3_kinetics
373.0,383.0,0.2,0.1,0.11249267265336453,c,0.1,paper,1.0,0.0,"delta_h_kj_mol,delta_h_peak_kj_mol,s1_j_mol_k,s2_j_mol_k,delta_s_j_mol_k,h1_kj_mol_fig3,h2_kj_mol_fig3",True,fig2_plus_fig3_kinetics
373.0,383.0,0.5,0.1,0.07869205019726197,c,0.1,paper,1.0,0.0,"delta_h_kj_mol,delta_h_peak_kj_mol,s1_j_mol_k,s2_j_mol_k,delta_s_j_mol_k,h1_kj_mol_fig3,h2_kj_mol_fig3",True,fig2_plus_fig3_kinetics
373.0,383.0,1.0,0.1,0.0642077320602932,c,0.2,paper,2.0,0.3010299956639812,"delta_h_kj_mol,delta_h_peak_kj_mol,s1_j_mol_k,s2_j_mol_k,delta_s_j_mol_k,h1_kj_mol_fig3,h2_kj_mol_fig3",True,fig2_plus_fig3_kinetics
373.0,383.0,2.0,0.1,0.12118383520784563,c,0.2,paper,2.0,0.3010299956639812,"delta_h_kj_mol,delta_h_peak_kj_mol,s1_j_mol_k,s2_j_mol_k,delta_s_j_mol_k,h1_kj_mol_fig3,h2_kj_mol_fig3",True,fig2_plus_fig3_kinetics
373.0,383.0,5.0,0.1,0.10171516081865047,c,0.1,paper,1.0,0.0,"delta_h_kj_mol,delta_h_peak_kj_mol,s1_j_mol_k,s2_j_mol_k,delta_s_j_mol_k,h1_kj_mol_fig3,h2_kj_mol_fig3",True,fig2_plus_fig3_kinetics
373.0,383.0,10.0,0.1,0.14961754919022296,c,0.1,paper,1.0,0.0,"delta_h_kj_mol,delta_h_peak_kj_mol,s1_j_mol_k,s2_j_mol_k,delta_s_j_mol_k,h1_kj_mol_fig3,h2_kj_mol_fig3",True,fig2_plus_fig3_kinetics
373.0,383.0,20.0,0.1,0.0619549842054946,c,0.1,paper,1.0,0.0,"delta_h_kj_mol,delta_h_peak_kj_mol,s1_j_mol_k,s2_j_mol_k,delta_s_j_mol_k,h1_kj_mol_fig3,h2_kj_mol_fig3",True,fig2_plus_fig3_kinetics
373.0,383.0,50.0,0.1,0.03502758677144731,c,0.1,paper,1.0,0.0,"delta_h_kj_mol,delta_h_peak_kj_mol,s1_j_mol_k,s2_j_mol_k,delta_s_j_mol_k,h1_kj_mol_fig3,h2_kj_mol_fig3",True,fig2_plus_fig3_kinetics
373.0,383.0,100.0,0.1,0.09466066774576531,c,0.1,paper,1.0,0.0,"delta_h_kj_mol,delta_h_peak_kj_mol,s1_j_mol_k,s2_j_mol_k,delta_s_j_mol_k,h1_kj_mol_fig3,h2_kj_mol_fig3",True,fig2_plus_fig3_kinetics
373.0,383.0,0.1,0.2,0.13711034761237223,c,0.1,paper,2.0,0.3010299956639812,"delta_h_kj_mol,delta_h_peak_kj_mol,s1_j_mol_k,s2_j_mol_k,delta_s_j_mol_k,h1_kj_mol_fig3,h2_kj_mol_fig3",True,fig2_plus_fig3_kinetics
373.0,383.0,0.2,0.2,0.12529142076912356,c,0.1,paper,2.0,0.3010299956639812,"delta_h_kj_mol,delta_h_peak_kj_mol,s1_j_mol_k,s2_j_mol_k,delta_s_j_mol_k,h1_kj_mol_fig3,h2_kj_mol_fig3",True,fig2_plus_fig3_kinetics
373.0,383.0,0.5,0.2,0.10611005058086524,c,0.1,paper,2.0,0.3010299956639812,"delta_h_kj_mol,delta_h_peak_kj_mol,s1_j_mol_k,s2_j_mol_k,delta_s_j_mol_k,h1_kj_mol_fig3,h2_kj_mol_fig3",True,fig2_plus_fig3_kinetics
373.0,383.0,1.0,0.2,0.08577836276909213,c,0.1,paper,2.0,0.3010299956639812,"delta_h_kj_mol,delta_h_peak_kj_mol,s1_j_mol_k,s2_j_mol_k,delta_s_j_mol_k,h1_kj_mol_fig3,h2_kj_mol_fig3",True,fig2_plus_fig3_kinetics
373.0,383.0,2.0,0.2,0.07654352647089457,c,0.1,paper,2.0,0.3010299956639812,"delta_h_kj_mol,delta_h_peak_kj_mol,s1_j_mol_k,s2_j_mol_k,delta_s_j_mol_k,h1_kj_mol_fig3,h2_kj_mol_fig3",True,fig2_plus_fig3_kinetics
373.0,383.0,5.0,0.2,0.09807902897199675,c,0.2,paper,1.0,0.0,"delta_h_kj_mol,delta_h_peak_kj_mol,s1_j_mol_k,s2_j_mol_k,delta_s_j_mol_k,h1_kj_mol_fig3,h2_kj_mol_fig3",True,fig2_plus_fig3_kinetics
373.0,383.0,10.0,0.2,0.16117069282742838,c,0.2,paper,1.0,0.0,"delta_h_kj_mol,delta_h_peak_kj_mol,s1_j_mol_k,s2_j_mol_k,delta_s_j_mol_k,h1_kj_mol_fig3,h2_kj_mol_fig3",True,fig2_plus_fig3_kinetics
373.0,383.0,20.0,0.2,0.06786373399141313,c,0.2,paper,1.0,0.0,"delta_h_kj_mol,delta_h_peak_kj_mol,s1_j_mol_k,s2_j_mol_k,delta_s_j_mol_k,h1_kj_mol_fig3,h2_kj_mol_fig3",True,fig2_plus_fig3_kinetics
373.0,383.0,50.0,0.2,0.027608985428628142,c,0.2,paper,1.0,0.0,"delta_h_kj_mol,delta_h_peak_kj_mol,s1_j_mol_k,s2_j_mol_k,delta_s_j_mol_k,h1_kj_mol_fig3,h2_kj_mol_fig3",True,fig2_plus_fig3_kinetics
373.0,383.0,100.0,0.2,0.08880126024433165,c,0.2,paper,1.0,0.0,"delta_h_kj_mol,delta_h_peak_kj_mol,s1_j_mol_k,s2_j_mol_k,delta_s_j_mol_k,h1_kj_mol_fig3,h2_kj_mol_fig3",True,fig2_plus_fig3_kinetics
373.0,383.0,0.1,0.5,0.09237944931572552,c,0.5,paper,1.0,0.0,"delta_h_kj_mol,delta_h_peak_kj_mol,s1_j_mol_k,s2_j_mol_k,delta_s_j_mol_k,h1_kj_mol_fig3,h2_kj_mol_fig3",True,fig2_plus_fig3_kinetics
373.0,383.0,0.2,0.5,0.08397655117972373,c,0.5,paper,1.0,0.0,"delta_h_kj_mol,delta_h_peak_kj_mol,s1_j_mol_k,s2_j_mol_k,delta_s_j_mol_k,h1_kj_mol_fig3,h2_kj_mol_fig3",True,fig2_plus_fig3_kinetics
373.0,383.0,0.5,0.5,0.07050497837301445,c,0.5,paper,1.0,0.0,"delta_h_kj_mol,delta_h_peak_kj_mol,s1_j_mol_k,s2_j_mol_k,delta_s_j_mol_k,h1_kj_mol_fig3,h2_kj_mol_fig3",True,fig2_plus_fig3_kinetics
373.0,383.0,1.0,0.5,0.061035688560114605,c,0.5,paper,1.0,0.0,"delta_h_kj_mol,delta_h_peak_kj_mol,s1_j_mol_k,s2_j_mol_k,delta_s_j_mol_k,h1_kj_mol_fig3,h2_kj_mol_fig3",True,fig2_plus_fig3_kinetics
373.0,383.0,2.0,0.5,0.10750188358078747,c,0.5,paper,1.0,0.0,"delta_h_kj_mol,delta_h_peak_kj_mol,s1_j_mol_k,s2_j_mol_k,delta_s_j_mol_k,h1_kj_mol_fig3,h2_kj_mol_fig3",True,fig2_plus_fig3_kinetics
373.0,383.0,5.0,0.5,0.13204900962897678,c,0.5,paper,1.0,0.0,"delta_h_kj_mol,delta_h_peak_kj_mol,s1_j_mol_k,s2_j_mol_k,delta_s_j_mol_k,h1_kj_mol_fig3,h2_kj_mol_fig3",True,fig2_plus_fig3_kinetics
373.0,383.0,10.0,0.5,0.038011764497295424,c,0.5,paper,1.0,0.0,"delta_h_kj_mol,delta_h_peak_kj_mol,s1_j_mol_k,s2_j_mol_k,delta_s_j_mol_k,h1_kj_mol_fig3,h2_kj_mol_fig3",True,fig2_plus_fig3_kinetics
373.0,383.0,20.0,0.5,0.07732734529202798,c,0.5,paper,1.0,0.0,"delta_h_kj_mol,delta_h_peak_kj_mol,s1_j_mol_k,s2_j_mol_k,delta_s_j_mol_k,h1_kj_mol_fig3,h2_kj_mol_fig3",True,fig2_plus_fig3_kinetics
373.0,383.0,50.0,0.5,0.016225167735521958,c,0.5,paper,1.0,0.0,"delta_h_kj_mol,delta_h_peak_kj_mol,s1_j_mol_k,s2_j_mol_k,delta_s_j_mol_k,h1_kj_mol_fig3,h2_kj_mol_fig3",True,fig2_plus_fig3_kinetics
373.0,383.0,100.0,0.5,0.07689299429616879,c,0.5,paper,1.0,0.0,"delta_h_kj_mol,delta_h_peak_kj_mol,s1_j_mol_k,s2_j_mol_k,delta_s_j_mol_k,h1_kj_mol_fig3,h2_kj_mol_fig3",True,fig2_plus_fig3_kinetics
373.0,383.0,0.1,1.0,0.07816790370842265,c,1.0,paper,1.0,0.0,"delta_h_kj_mol,delta_h_peak_kj_mol,s1_j_mol_k,s2_j_mol_k,delta_s_j_mol_k,h1_kj_mol_fig3,h2_kj_mol_fig3",True,fig2_plus_fig3_kinetics
373.0,383.0,0.2,1.0,0.09196156963259872,c,1.0,paper,1.0,0.0,"delta_h_kj_mol,delta_h_peak_kj_mol,s1_j_mol_k,s2_j_mol_k,delta_s_j_mol_k,h1_kj_mol_fig3,h2_kj_mol_fig3",True,fig2_plus_fig3_kinetics
373.0,383.0,0.5,1.0,0.0834721939566729,c,1.0,paper,1.0,0.0,"delta_h_kj_mol,delta_h_peak_kj_mol,s1_j_mol_k,s2_j_mol_k,delta_s_j_mol_k,h1_kj_mol_fig3,h2_kj_mol_fig3",True,fig2_plus_fig3_kinetics
373.0,383.0,1.0,1.0,0.11256867038436627,c,1.0,paper,1.0,0.0,"delta_h_kj_mol,delta_h_peak_kj_mol,s1_j_mol_k,s2_j_mol_k,delta_s_j_mol_k,h1_kj_mol_fig3,h2_kj_mol_fig3",True,fig2_plus_fig3_kinetics
373.0,383.0,2.0,1.0,0.14243578537439391,c,1.0,paper,1.0,0.0,"delta_h_kj_mol,delta_h_peak_kj_mol,s1_j_mol_k,s2_j_mol_k,delta_s_j_mol_k,h1_kj_mol_fig3,h2_kj_mol_fig3",True,fig2_plus_fig3_kinetics
373.0,383.0,5.0,1.0,0.129651212302682,c,1.0,paper,1.0,0.0,"delta_h_kj_mol,delta_h_peak_kj_mol,s1_j_mol_k,s2_j_mol_k,delta_s_j_mol_k,h1_kj_mol_fig3,h2_kj_mol_fig3",True,fig2_plus_fig3_kinetics
373.0,383.0,10.0,1.0,0.03028060710436481,c,1.0,paper,1.0,0.0,"delta_h_kj_mol,delta_h_peak_kj_mol,s1_j_mol_k,s2_j_mol_k,delta_s_j_mol_k,h1_kj_mol_fig3,h2_kj_mol_fig3",True,fig2_plus_fig3_kinetics
373.0,383.0,20.0,1.0,0.043256759872308426,c,1.0,paper,1.0,0.0,"delta_h_kj_mol,delta_h_peak_kj_mol,s1_j_mol_k,s2_j_mol_k,delta_s_j_mol_k,h1_kj_mol_fig3,h2_kj_mol_fig3",True,fig2_plus_fig3_kinetics
373.0,383.0,50.0,1.0,0.007586430277338812,c,1.0,paper,1.0,0.0,"delta_h_kj_mol,delta_h_peak_kj_mol,s1_j_mol_k,s2_j_mol_k,delta_s_j_mol_k,h1_kj_mol_fig3,h2_kj_mol_fig3",True,fig2_plus_fig3_kinetics
373.0,383.0,100.0,1.0,0.07274127450291969,c,1.0,paper,1.0,0.0,"delta_h_kj_mol,delta_h_peak_kj_mol,s1_j_mol_k,s2_j_mol_k,delta_s_j_mol_k,h1_kj_mol_fig3,h2_kj_mol_fig3",True,fig2_plus_fig3_kinetics
373.0,383.0,0.1,2.0,0.08423361153145893,c,2.0,paper,1.0,0.0,"delta_h_kj_mol,delta_h_peak_kj_mol,s1_j_mol_k,s2_j_mol_k,delta_s_j_mol_k,h1_kj_mol_fig3,h2_kj_mol_fig3",True,fig2_plus_fig3_kinetics
373.0,383.0,0.2,2.0,0.11125670587694747,c,2.0,paper,1.0,0.0,"delta_h_kj_mol,delta_h_peak_kj_mol,s1_j_mol_k,s2_j_mol_k,delta_s_j_mol_k,h1_kj_mol_fig3,h2_kj_mol_fig3",True,fig2_plus_fig3_kinetics
373.0,383.0,0.5,2.0,0.10391319734312608,c,2.0,paper,1.0,0.0,"delta_h_kj_mol,delta_h_peak_kj_mol,s1_j_mol_k,s2_j_mol_k,delta_s_j_mol_k,h1_kj_mol_fig3,h2_kj_mol_fig3",True,fig2_plus_fig3_kinetics
373.0,383.0,1.0,2.0,0.12819763102183884,c,2.0,paper,1.0,0.0,"delta_h_kj_mol,delta_h_peak_kj_mol,s1_j_mol_k,s2_j_mol_k,delta_s_j_mol_k,h1_kj_mol_fig3,h2_kj_mol_fig3",True,fig2_plus_fig3_kinetics
373.0,383.0,2.0,2.0,0.14187911156516075,c,2.0,paper,1.0,0.0,"delta_h_kj_mol,delta_h_peak_kj_mol,s1_j_mol_k,s2_j_mol_k,delta_s_j_mol_k,h1_kj_mol_fig3,h2_kj_mol_fig3",True,fig2_plus_fig3_kinetics
373.0,383.0,5.0,2.0,0.13751751308988516,c,2.0,paper,1.0,0.0,"delta_h_kj_mol,delta_h_peak_kj_mol,s1_j_mol_k,s2_j_mol_k,delta_s_j_mol_k,h1_kj_mol_fig3,h2_kj_mol_fig3",True,fig2_plus_fig3_kinetics
373.0,383.0,10.0,2.0,0.03044620673310297,c,2.0,paper,1.0,0.0,"delta_h_kj_mol,delta_h_peak_kj_mol,s1_j_mol_k,s2_j_mol_k,delta_s_j_mol_k,h1_kj_mol_fig3,h2_kj_mol_fig3",True,fig2_plus_fig3_kinetics
373.0,383.0,20.0,2.0,0.027161770543898883,c,2.0,paper,1.0,0.0,"delta_h_kj_mol,delta_h_peak_kj_mol,s1_j_mol_k,s2_j_mol_k,delta_s_j_mol_k,h1_kj_mol_fig3,h2_kj_mol_fig3",True,fig2_plus_fig3_kinetics
373.0,383.0,50.0,2.0,0.015526835299291173,c,2.0,paper,1.0,0.0,"delta_h_kj_mol,delta_h_peak_kj_mol,s1_j_mol_k,s2_j_mol_k,delta_s_j_mol_k,h1_kj_mol_fig3,h2_kj_mol_fig3",True,fig2_plus_fig3_kinetics
373.0,383.0,100.0,2.0,0.058389577361748934,c,2.0,paper,1.0,0.0,"delta_h_kj_mol,delta_h_peak_kj_mol,s1_j_mol_k,s2_j_mol_k,delta_s_j_mol_k,h1_kj_mol_fig3,h2_kj_mol_fig3",True,fig2_plus_fig3_kinetics
373.0,383.0,0.1,5.0,0.26516515313723366,c,5.0,paper,1.0,0.0,"delta_h_kj_mol,delta_h_peak_kj_mol,s1_j_mol_k,s2_j_mol_k,delta_s_j_mol_k,h1_kj_mol_fig3,h2_kj_mol_fig3",True,fig2_plus_fig3_kinetics
373.0,383.0,0.2,5.0,0.24417443891252333,c,5.0,paper,1.0,0.0,"delta_h_kj_mol,delta_h_peak_kj_mol,s1_j_mol_k,s2_j_mol_k,delta_s_j_mol_k,h1_kj_mol_fig3,h2_kj_mol_fig3",True,fig2_plus_fig3_kinetics
373.0,383.0,0.5,5.0,0.24765125150746187,c,5.0,paper,1.0,0.0,"delta_h_kj_mol,delta_h_peak_kj_mol,s1_j_mol_k,s2_j_mol_k,delta_s_j_mol_k,h1_kj_mol_fig3,h2_kj_mol_fig3",True,fig2_plus_fig3_kinetics
373.0,383.0,1.0,5.0,0.08706344914068473,c,5.0,paper,1.0,0.0,"delta_h_kj_mol,delta_h_peak_kj_mol,s1_j_mol_k,s2_j_mol_k,delta_s_j_mol_k,h1_kj_mol_fig3,h2_kj_mol_fig3",True,fig2_plus_fig3_kinetics
373.0,383.0,2.0,5.0,0.10069887388384557,c,5.0,paper,1.0,0.0,"delta_h_kj_mol,delta_h_peak_kj_mol,s1_j_mol_k,s2_j_mol_k,delta_s_j_mol_k,h1_kj_mol_fig3,h2_kj_mol_fig3",True,fig2_plus_fig3_kinetics
373.0,383.0,5.0,5.0,0.12180612661391697,c,5.0,paper,1.0,0.0,"delta_h_kj_mol,delta_h_peak_kj_mol,s1_j_mol_k,s2_j_mol_k,delta_s_j_mol_k,h1_kj_mol_fig3,h2_kj_mol_fig3",True,fig2_plus_fig3_kinetics
373.0,383.0,10.0,5.0,0.1476467995774971,c,5.0,paper,1.0,0.0,"delta_h_kj_mol,delta_h_peak_kj_mol,s1_j_mol_k,s2_j_mol_k,delta_s_j_mol_k,h1_kj_mol_fig3,h2_kj_mol_fig3",True,fig2_plus_fig3_kinetics
373.0,383.0,20.0,5.0,0.06024383807166874,c,5.0,paper,1.0,0.0,"delta_h_kj_mol,delta_h_peak_kj_mol,s1_j_mol_k,s2_j_mol_k,delta_s_j_mol_k,h1_kj_mol_fig3,h2_kj_mol_fig3",True,fig2_plus_fig3_kinetics
373.0,383.0,50.0,5.0,0.06798940680459058,c,5.0,paper,1.0,0.0,"delta_h_kj_mol,delta_h_peak_kj_mol,s1_j_mol_k,s2_j_mol_k,delta_s_j_mol_k,h1_kj_mol_fig3,h2_kj_mol_fig3",True,fig2_plus_fig3_kinetics
373.0,383.0,100.0,5.0,0.02685653436775632,c,5.0,paper,1.0,0.0,"delta_h_kj_mol,delta_h_peak_kj_mol,s1_j_mol_k,s2_j_mol_k,delta_s_j_mol_k,h1_kj_mol_fig3,h2_kj_mol_fig3",True,fig2_plus_fig3_kinetics
373.0,383.0,0.1,10.0,0.11072754577659308,c,10.0,paper,1.0,0.0,"delta_h_kj_mol,delta_h_peak_kj_mol,s1_j_mol_k,s2_j_mol_k,delta_s_j_mol_k,h1_kj_mol_fig3,h2_kj_mol_fig3",True,fig2_plus_fig3_kinetics
373.0,383.0,0.2,10.0,0.11173752917904091,c,10.0,paper,1.0,0.0,"delta_h_kj_mol,delta_h_peak_kj_mol,s1_j_mol_k,s2_j_mol_k,delta_s_j_mol_k,h1_kj_mol_fig3,h2_kj_mol_fig3",True,fig2_plus_fig3_kinetics
373.0,383.0,0.5,10.0,0.08966018213456402,c,10.0,paper,1.0,0.0,"delta_h_kj_mol,delta_h_peak_kj_mol,s1_j_mol_k,s2_j_mol_k,delta_s_j_mol_k,h1_kj_mol_fig3,h2_kj_mol_fig3",True,fig2_plus_fig3_kinetics
373.0,383.0,1.0,10.0,0.09328683927840872,c,10.0,paper,1.0,0.0,"delta_h_kj_mol,delta_h_peak_kj_mol,s1_j_mol_k,s2_j_mol_k,delta_s_j_mol_k,h1_kj_mol_fig3,h2_kj_mol_fig3",True,fig2_plus_fig3_kinetics
373.0,383.0,2.0,10.0,0.10340124248635166,c,10.0,paper,1.0,0.0,"delta_h_kj_mol,delta_h_peak_kj_mol,s1_j_mol_k,s2_j_mol_k,delta_s_j_mol_k,h1_kj_mol_fig3,h2_kj_mol_fig3",True,fig2_plus_fig3_kinetics
373.0,383.0,5.0,10.0,0.05907346470373959,c,10.0,paper,1.0,0.0,"delta_h_kj_mol,delta_h_peak_kj_mol,s1_j_mol_k,s2_j_mol_k,delta_s_j_mol_k,h1_kj_mol_fig3,h2_kj_mol_fig3",True,fig2_plus_fig3_kinetics
373.0,383.0,10.0,10.0,0.06978824956303077,c,10.0,paper,1.0,0.0,"delta_h_kj_mol,delta_h_peak_kj_mol,s1_j_mol_k,s2_j_mol_k,delta_s_j_mol_k,h1_kj_mol_fig3,h2_kj_mol_fig3",True,fig2_plus_fig3_kinetics
373.0,383.0,20.0,10.0,0.076787741952307,c,10.0,paper,1.0,0.0,"delta_h_kj_mol,delta_h_peak_kj_mol,s1_j_mol_k,s2_j_mol_k,delta_s_j_mol_k,h1_kj_mol_fig3,h2_kj_mol_fig3",True,fig2_plus_fig3_kinetics
373.0,383.0,50.0,10.0,0.03947114608451816,c,10.0,paper,1.0,0.0,"delta_h_kj_mol,delta_h_peak_kj_mol,s1_j_mol_k,s2_j_mol_k,delta_s_j_mol_k,h1_kj_mol_fig3,h2_kj_mol_fig3",True,fig2_plus_fig3_kinetics
373.0,383.0,100.0,10.0,0.04071910868636558,c,10.0,paper,1.0,0.0,"delta_h_kj_mol,delta_h_peak_kj_mol,s1_j_mol_k,s2_j_mol_k,delta_s_j_mol_k,h1_kj_mol_fig3,h2_kj_mol_fig3",True,fig2_plus_fig3_kinetics
373.0,383.0,0.1,20.0,0.041351997463934975,c,10.0,paper,2.0,0.3010299956639812,"delta_h_kj_mol,delta_h_peak_kj_mol,s1_j_mol_k,s2_j_mol_k,delta_s_j_mol_k,h1_kj_mol_fig3,h2_kj_mol_fig3",True,fig2_plus_fig3_kinetics
373.0,383.0,0.2,20.0,0.04283089244802497,c,10.0,paper,2.0,0.3010299956639812,"delta_h_kj_mol,delta_h_peak_kj_mol,s1_j_mol_k,s2_j_mol_k,delta_s_j_mol_k,h1_kj_mol_fig3,h2_kj_mol_fig3",True,fig2_plus_fig3_kinetics
373.0,383.0,0.5,20.0,0.034909724771958764,c,10.0,paper,2.0,0.3010299956639812,"delta_h_kj_mol,delta_h_peak_kj_mol,s1_j_mol_k,s2_j_mol_k,delta_s_j_mol_k,h1_kj_mol_fig3,h2_kj_mol_fig3",True,fig2_plus_fig3_kinetics
373.0,383.0,1.0,20.0,0.037862671367854484,c,10.0,paper,2.0,0.3010299956639812,"delta_h_kj_mol,delta_h_peak_kj_mol,s1_j_mol_k,s2_j_mol_k,delta_s_j_mol_k,h1_kj_mol_fig3,h2_kj_mol_fig3",True,fig2_plus_fig3_kinetics
373.0,383.0,2.0,20.0,0.04744909989243671,c,10.0,paper,2.0,0.3010299956639812,"delta_h_kj_mol,delta_h_peak_kj_mol,s1_j_mol_k,s2_j_mol_k,delta_s_j_mol_k,h1_kj_mol_fig3,h2_kj_mol_fig3",True,fig2_plus_fig3_kinetics
373.0,383.0,5.0,20.0,0.07260895816987877,c,10.0,paper,2.0,0.3010299956639812,"delta_h_kj_mol,delta_h_peak_kj_mol,s1_j_mol_k,s2_j_mol_k,delta_s_j_mol_k,h1_kj_mol_fig3,h2_kj_mol_fig3",True,fig2_plus_fig3_kinetics
373.0,383.0,10.0,20.0,0.0831479728291518,c,10.0,paper,2.0,0.3010299956639812,"delta_h_kj_mol,delta_h_peak_kj_mol,s1_j_mol_k,s2_j_mol_k,delta_s_j_mol_k,h1_kj_mol_fig3,h2_kj_mol_fig3",True,fig2_plus_fig3_kinetics
373.0,383.0,20.0,20.0,0.0860719378670487,c,20.0,paper,1.0,0.0,"delta_h_kj_mol,delta_h_peak_kj_mol,s1_j_mol_k,s2_j_mol_k,delta_s_j_mol_k,h1_kj_mol_fig3,h2_kj_mol_fig3",True,fig2_plus_fig3_kinetics
373.0,383.0,50.0,20.0,0.050824452910811606,c,20.0,paper,1.0,0.0,"delta_h_kj_mol,delta_h_peak_kj_mol,s1_j_mol_k,s2_j_mol_k,delta_s_j_mol_k,h1_kj_mol_fig3,h2_kj_mol_fig3",True,fig2_plus_fig3_kinetics
373.0,383.0,100.0,20.0,0.05103304707173234,c,20.0,paper,1.0,0.0,"delta_h_kj_mol,delta_h_peak_kj_mol,s1_j_mol_k,s2_j_mol_k,delta_s_j_mol_k,h1_kj_mol_fig3,h2_kj_mol_fig3",True,fig2_plus_fig3_kinetics
373.0,383.0,0.1,50.0,0.027681375463496045,c,50.0,paper,1.0,0.0,"delta_h_kj_mol,delta_h_peak_kj_mol,s1_j_mol_k,s2_j_mol_k,delta_s_j_mol_k,h1_kj_mol_fig3,h2_kj_mol_fig3",True,fig2_plus_fig3_kinetics
373.0,383.0,0.2,50.0,0.027017462021039808,c,50.0,paper,1.0,0.0,"delta_h_kj_mol,delta_h_peak_kj_mol,s1_j_mol_k,s2_j_mol_k,delta_s_j_mol_k,h1_kj_mol_fig3,h2_kj_mol_fig3",True,fig2_plus_fig3_kinetics
373.0,383.0,0.5,50.0,0.026048652267698397,c,50.0,paper,1.0,0.0,"delta_h_kj_mol,delta_h_peak_kj_mol,s1_j_mol_k,s2_j_mol_k,delta_s_j_mol_k,h1_kj_mol_fig3,h2_kj_mol_fig3",True,fig2_plus_fig3_kinetics
373.0,383.0,1.0,50.0,0.025516031941650915,c,50.0,paper,1.0,0.0,"delta_h_kj_mol,delta_h_peak_kj_mol,s1_j_mol_k,s2_j_mol_k,delta_s_j_mol_k,h1_kj_mol_fig3,h2_kj_mol_fig3",True,fig2_plus_fig3_kinetics
373.0,383.0,2.0,50.0,0.027562634617643106,c,50.0,paper,1.0,0.0,"delta_h_kj_mol,delta_h_peak_kj_mol,s1_j_mol_k,s2_j_mol_k,delta_s_j_mol_k,h1_kj_mol_fig3,h2_kj_mol_fig3",True,fig2_plus_fig3_kinetics
373.0,383.0,5.0,50.0,0.04175379633260323,c,50.0,paper,1.0,0.0,"delta_h_kj_mol,delta_h_peak_kj_mol,s1_j_mol_k,s2_j_mol_k,delta_s_j_mol_k,h1_kj_mol_fig3,h2_kj_mol_fig3",True,fig2_plus_fig3_kinetics
373.0,383.0,10.0,50.0,0.032474086057086106,c,50.0,paper,1.0,0.0,"delta_h_kj_mol,delta_h_peak_kj_mol,s1_j_mol_k,s2_j_mol_k,delta_s_j_mol_k,h1_kj_mol_fig3,h2_kj_mol_fig3",True,fig2_plus_fig3_kinetics
373.0,383.0,20.0,50.0,0.020997524638485345,c,50.0,paper,1.0,0.0,"delta_h_kj_mol,delta_h_peak_kj_mol,s1_j_mol_k,s2_j_mol_k,delta_s_j_mol_k,h1_kj_mol_fig3,h2_kj_mol_fig3",True,fig2_plus_fig3_kinetics
373.0,383.0,50.0,50.0,0.018968146682741834,c,50.0,paper,1.0,0.0,"delta_h_kj_mol,delta_h_peak_kj_mol,s1_j_mol_k,s2_j_mol_k,delta_s_j_mol_k,h1_kj_mol_fig3,h2_kj_mol_fig3",True,fig2_plus_fig3_kinetics
373.0,383.0,100.0,50.0,0.01767883254954401,c,50.0,paper,1.0,0.0,"delta_h_kj_mol,delta_h_peak_kj_mol,s1_j_mol_k,s2_j_mol_k,delta_s_j_mol_k,h1_kj_mol_fig3,h2_kj_mol_fig3",True,fig2_plus_fig3_kinetics
373.0,383.0,0.1,100.0,0.02533514117342169,c,100.0,paper,1.0,0.0,"delta_h_kj_mol,delta_h_peak_kj_mol,s1_j_mol_k,s2_j_mol_k,delta_s_j_mol_k,h1_kj_mol_fig3,h2_kj_mol_fig3",True,fig2_plus_fig3_kinetics
373.0,383.0,0.2,100.0,0.024652813321596995,c,100.0,paper,1.0,0.0,"delta_h_kj_mol,delta_h_peak_kj_mol,s1_j_mol_k,s2_j_mol_k,delta_s_j_mol_k,h1_kj_mol_fig3,h2_kj_mol_fig3",True,fig2_plus_fig3_kinetics
373.0,383.0,0.5,100.0,0.023622873262414346,c,100.0,paper,1.0,0.0,"delta_h_kj_mol,delta_h_peak_kj_mol,s1_j_mol_k,s2_j_mol_k,delta_s_j_mol_k,h1_kj_mol_fig3,h2_kj_mol_fig3",True,fig2_plus_fig3_kinetics
373.0,383.0,1.0,100.0,0.03890183601434543,c,1000.0,paper,10.0,1.0,"delta_h_kj_mol,delta_h_peak_kj_mol,s1_j_mol_k,s2_j_mol_k,delta_s_j_mol_k,h1_kj_mol_fig3,h2_kj_mol_fig3",False,fig2_plus_fig3_kinetics
373.0,383.0,2.0,100.0,0.04095499520591241,c,1000.0,paper,10.0,1.0,"delta_h_kj_mol,delta_h_peak_kj_mol,s1_j_mol_k,s2_j_mol_k,delta_s_j_mol_k,h1_kj_mol_fig3,h2_kj_mol_fig3",False,fig2_plus_fig3_kinetics
373.0,383.0,5.0,100.0,0.05623747315226307,c,1000.0,paper,10.0,1.0,"delta_h_kj_mol,delta_h_peak_kj_mol,s1_j_mol_k,s2_j_mol_k,delta_s_j_mol_k,h1_kj_mol_fig3,h2_kj_mol_fig3",False,fig2_plus_fig3_kinetics
373.0,383.0,10.0,100.0,0.04782541107539406,c,1000.0,paper,10.0,1.0,"delta_h_kj_mol,delta_h_peak_kj_mol,s1_j_mol_k,s2_j_mol_k,delta_s_j_mol_k,h1_kj_mol_fig3,h2_kj_mol_fig3",False,fig2_plus_fig3_kinetics
373.0,383.0,20.0,100.0,0.03832094216633628,c,1000.0,paper,10.0,1.0,"delta_h_kj_mol,delta_h_peak_kj_mol,s1_j_mol_k,s2_j_mol_k,delta_s_j_mol_k,h1_kj_mol_fig3,h2_kj_mol_fig3",False,fig2_plus_fig3_kinetics
373.0,383.0,50.0,100.0,0.03272968860939727,c,100.0,paper,1.0,0.0,"delta_h_kj_mol,delta_h_peak_kj_mol,s1_j_mol_k,s2_j_mol_k,delta_s_j_mol_k,h1_kj_mol_fig3,h2_kj_mol_fig3",True,fig2_plus_fig3_kinetics
373.0,383.0,100.0,100.0,0.027818517888732196,c,100.0,paper,1.0,0.0,"delta_h_kj_mol,delta_h_peak_kj_mol,s1_j_mol_k,s2_j_mol_k,delta_s_j_mol_k,h1_kj_mol_fig3,h2_kj_mol_fig3",True,fig2_plus_fig3_kinetics
373.0,383.0,0.1,200.0,0.04870863353076012,c,200.0,paper,1.0,0.0,"delta_h_kj_mol,delta_h_peak_kj_mol,s1_j_mol_k,s2_j_mol_k,delta_s_j_mol_k,h1_kj_mol_fig3,h2_kj_mol_fig3",True,fig2_plus_fig3_kinetics
373.0,383.0,0.2,200.0,0.04791791083641133,c,200.0,paper,1.0,0.0,"delta_h_kj_mol,delta_h_peak_kj_mol,s1_j_mol_k,s2_j_mol_k,delta_s_j_mol_k,h1_kj_mol_fig3,h2_kj_mol_fig3",True,fig2_plus_fig3_kinetics
373.0,383.0,0.5,200.0,0.04681650075497434,c,200.0,paper,1.0,0.0,"delta_h_kj_mol,delta_h_peak_kj_mol,s1_j_mol_k,s2_j_mol_k,delta_s_j_mol_k,h1_kj_mol_fig3,h2_kj_mol_fig3",True,fig2_plus_fig3_kinetics
373.0,383.0,1.0,200.0,0.04618519050175973,c,200.0,paper,1.0,0.0,"delta_h_kj_mol,delta_h_peak_kj_mol,s1_j_mol_k,s2_j_mol_k,delta_s_j_mol_k,h1_kj_mol_fig3,h2_kj_mol_fig3",True,fig2_plus_fig3_kinetics
373.0,383.0,2.0,200.0,0.04818617915381262,c,200.0,paper,1.0,0.0,"delta_h_kj_mol,delta_h_peak_kj_mol,s1_j_mol_k,s2_j_mol_k,delta_s_j_mol_k,h1_kj_mol_fig3,h2_kj_mol_fig3",True,fig2_plus_fig3_kinetics
373.0,383.0,5.0,200.0,0.06295152428180449,c,200.0,paper,1.0,0.0,"delta_h_kj_mol,delta_h_peak_kj_mol,s1_j_mol_k,s2_j_mol_k,delta_s_j_mol_k,h1_kj_mol_fig3,h2_kj_mol_fig3",True,fig2_plus_fig3_kinetics
373.0,383.0,10.0,200.0,0.05380810412874088,c,200.0,paper,1.0,0.0,"delta_h_kj_mol,delta_h_peak_kj_mol,s1_j_mol_k,s2_j_mol_k,delta_s_j_mol_k,h1_kj_mol_fig3,h2_kj_mol_fig3",True,fig2_plus_fig3_kinetics
373.0,383.0,20.0,200.0,0.04170350601316876,c,200.0,paper,1.0,0.0,"delta_h_kj_mol,delta_h_peak_kj_mol,s1_j_mol_k,s2_j_mol_k,delta_s_j_mol_k,h1_kj_mol_fig3,h2_kj_mol_fig3",True,fig2_plus_fig3_kinetics
373.0,383.0,50.0,200.0,0.0327199688056266,c,200.0,paper,1.0,0.0,"delta_h_kj_mol,delta_h_peak_kj_mol,s1_j_mol_k,s2_j_mol_k,delta_s_j_mol_k,h1_kj_mol_fig3,h2_kj_mol_fig3",True,fig2_plus_fig3_kinetics
373.0,383.0,100.0,200.0,0.028102832778404925,c,200.0,paper,1.0,0.0,"delta_h_kj_mol,delta_h_peak_kj_mol,s1_j_mol_k,s2_j_mol_k,delta_s_j_mol_k,h1_kj_mol_fig3,h2_kj_mol_fig3",True,fig2_plus_fig3_kinetics
373.0,383.0,0.1,500.0,0.0587768465487653,c,500.0,paper,1.0,0.0,"delta_h_kj_mol,delta_h_peak_kj_mol,s1_j_mol_k,s2_j_mol_k,delta_s_j_mol_k,h1_kj_mol_fig3,h2_kj_mol_fig3",True,fig2_plus_fig3_kinetics
373.0,383.0,0.2,500.0,0.05792220066040671,c,500.0,paper,1.0,0.0,"delta_h_kj_mol,delta_h_peak_kj_mol,s1_j_mol_k,s2_j_mol_k,delta_s_j_mol_k,h1_kj_mol_fig3,h2_kj_mol_fig3",True,fig2_plus_fig3_kinetics
373.0,383.0,0.5,500.0,0.05678504886421703,c,500.0,paper,1.0,0.0,"delta_h_kj_mol,delta_h_peak_kj_mol,s1_j_mol_k,s2_j_mol_k,delta_s_j_mol_k,h1_kj_mol_fig3,h2_kj_mol_fig3",True,fig2_plus_fig3_kinetics
373.0,383.0,1.0,500.0,0.05616558392163118,c,500.0,paper,1.0,0.0,"delta_h_kj_mol,delta_h_peak_kj_mol,s1_j_mol_k,s2_j_mol_k,delta_s_j_mol_k,h1_kj_mol_fig3,h2_kj_mol_fig3",True,fig2_plus_fig3_kinetics
373.0,383.0,2.0,500.0,0.05830053424935128,c,500.0,paper,1.0,0.0,"delta_h_kj_mol,delta_h_peak_kj_mol,s1_j_mol_k,s2_j_mol_k,delta_s_j_mol_k,h1_kj_mol_fig3,h2_kj_mol_fig3",True,fig2_plus_fig3_kinetics
373.0,383.0,5.0,500.0,0.04493243371734436,c,500.0,paper,1.0,0.0,"delta_h_kj_mol,delta_h_peak_kj_mol,s1_j_mol_k,s2_j_mol_k,delta_s_j_mol_k,h1_kj_mol_fig3,h2_kj_mol_fig3",True,fig2_plus_fig3_kinetics
373.0,383.0,10.0,500.0,0.037851927888239816,c,500.0,paper,1.0,0.0,"delta_h_kj_mol,delta_h_peak_kj_mol,s1_j_mol_k,s2_j_mol_k,delta_s_j_mol_k,h1_kj_mol_fig3,h2_kj_mol_fig3",True,fig2_plus_fig3_kinetics
373.0,383.0,20.0,500.0,0.04435950188774538,c,500.0,paper,1.0,0.0,"delta_h_kj_mol,delta_h_peak_kj_mol,s1_j_mol_k,s2_j_mol_k,delta_s_j_mol_k,h1_kj_mol_fig3,h2_kj_mol_fig3",True,fig2_plus_fig3_kinetics
373.0,383.0,50.0,500.0,0.04941525067248219,c,500.0,paper,1.0,0.0,"delta_h_kj_mol,delta_h_peak_kj_mol,s1_j_mol_k,s2_j_mol_k,delta_s_j_mol_k,h1_kj_mol_fig3,h2_kj_mol_fig3",True,fig2_plus_fig3_kinetics
373.0,383.0,100.0,500.0,0.05300843394156851,c,500.0,paper,1.0,0.0,"delta_h_kj_mol,delta_h_peak_kj_mol,s1_j_mol_k,s2_j_mol_k,delta_s_j_mol_k,h1_kj_mol_fig3,h2_kj_mol_fig3",True,fig2_plus_fig3_kinetics
373.0,383.0,0.1,1000.0,0.07088329268190645,c,1000.0,paper,1.0,0.0,"delta_h_kj_mol,delta_h_peak_kj_mol,s1_j_mol_k,s2_j_mol_k,delta_s_j_mol_k,h1_kj_mol_fig3,h2_kj_mol_fig3",True,fig2_plus_fig3_kinetics
373.0,383.0,0.2,1000.0,0.06994312744698614,c,1000.0,paper,1.0,0.0,"delta_h_kj_mol,delta_h_peak_kj_mol,s1_j_mol_k,s2_j_mol_k,delta_s_j_mol_k,h1_kj_mol_fig3,h2_kj_mol_fig3",True,fig2_plus_fig3_kinetics
373.0,383.0,0.5,1000.0,0.06876705391608676,c,1000.0,paper,1.0,0.0,"delta_h_kj_mol,delta_h_peak_kj_mol,s1_j_mol_k,s2_j_mol_k,delta_s_j_mol_k,h1_kj_mol_fig3,h2_kj_mol_fig3",True,fig2_plus_fig3_kinetics
373.0,383.0,1.0,1000.0,0.06817708544835635,c,1000.0,paper,1.0,0.0,"delta_h_kj_mol,delta_h_peak_kj_mol,s1_j_mol_k,s2_j_mol_k,delta_s_j_mol_k,h1_kj_mol_fig3,h2_kj_mol_fig3",True,fig2_plus_fig3_kinetics
373.0,383.0,2.0,1000.0,0.07048926561238625,c,1000.0,paper,1.0,0.0,"delta_h_kj_mol,delta_h_peak_kj_mol,s1_j_mol_k,s2_j_mol_k,delta_s_j_mol_k,h1_kj_mol_fig3,h2_kj_mol_fig3",True,fig2_plus_fig3_kinetics
373.0,383.0,5.0,1000.0,0.04519418243517145,c,1000.0,paper,1.0,0.0,"delta_h_kj_mol,delta_h_peak_kj_mol,s1_j_mol_k,s2_j_mol_k,delta_s_j_mol_k,h1_kj_mol_fig3,h2_kj_mol_fig3",True,fig2_plus_fig3_kinetics
373.0,383.0,10.0,1000.0,0.03634237212399316,c,1000.0,paper,1.0,0.0,"delta_h_kj_mol,delta_h_peak_kj_mol,s1_j_mol_k,s2_j_mol_k,delta_s_j_mol_k,h1_kj_mol_fig3,h2_kj_mol_fig3",True,fig2_plus_fig3_kinetics
373.0,383.0,20.0,1000.0,0.03942418569278029,c,1000.0,paper,1.0,0.0,"delta_h_kj_mol,delta_h_peak_kj_mol,s1_j_mol_k,s2_j_mol_k,delta_s_j_mol_k,h1_kj_mol_fig3,h2_kj_mol_fig3",True,fig2_plus_fig3_kinetics
373.0,383.0,50.0,1000.0,0.04488546566476465,c,1000.0,paper,1.0,0.0,"delta_h_kj_mol,delta_h_peak_kj_mol,s1_j_mol_k,s2_j_mol_k,delta_s_j_mol_k,h1_kj_mol_fig3,h2_kj_mol_fig3",True,fig2_plus_fig3_kinetics
373.0,383.0,100.0,1000.0,0.04869035400258379,c,1000.0,paper,1.0,0.0,"delta_h_kj_mol,delta_h_peak_kj_mol,s1_j_mol_k,s2_j_mol_k,delta_s_j_mol_k,h1_kj_mol_fig3,h2_kj_mol_fig3",True,fig2_plus_fig3_kinetics
