panel,t1_temperature_k,t1_s,t2_temperature_k,t2_s,delta_t_k,log_t1,log_t2,inv_t1_k,inv_t2_k,s1_j_mol_k,s2_j_mol_k,delta_s_j_mol_k,h1_kj_mol_arrt,h2_kj_mol_arrt,h1_kj_mol_fig3,h2_kj_mol_fig3,tp1_1000kps_k_fig3,tp2_1000kps_k_fig3,tnm_dose1,tnm_dose2,delta_h_kj_mol,delta_h_peak_kj_mol,memory_effect_label,source_assignment_method
a,348.0,0.1,383.0,0.1,35.0,-1.0,-1.0,0.0028735632183908046,0.0026109660574412533,0.0,12.0,12.0,79.0184837178827,91.86691780928244,92.0,92.0,377.0,377.0,0.012816927230680841,0.11275684293123789,0.1764,0.136,0,shared_overlap_visible_markers
a,348.0,0.2,383.0,0.1,35.0,-0.6989700043360187,-1.0,0.0028735632183908046,0.0026109660574412533,0.0,12.0,12.0,81.02405863781482,91.86691780928244,92.0,92.0,380.0,377.0,0.017228862999065786,0.11275684293123789,0.19101,0.136,0,shared_overlap_visible_markers
a,348.0,0.5,383.0,0.1,35.0,-0.3010299956639812,-1.0,0.0028735632183908046,0.0026109660574412533,0.0,12.0,12.0,83.67528447087454,91.86691780928244,94.0,92.0,384.0,377.0,0.02544221829625759,0.11275684293123789,0.19101,0.136,0,shared_overlap_visible_markers
a,348.0,1.0,383.0,0.1,35.0,0.0,-1.0,0.0028735632183908046,0.0026109660574412533,0.0,12.0,12.0,85.68085939080665,91.86691780928244,98.0,92.0,389.0,377.0,0.034124357132955585,0.11275684293123789,0.21311,0.136,0,shared_overlap_visible_markers
a,348.0,2.0,383.0,0.1,35.0,0.3010299956639812,-1.0,0.0028735632183908046,0.0026109660574412533,0.0,12.0,12.0,87.68643431073873,91.86691780928244,112.0,92.0,397.0,377.0,0.045699055588746096,0.11275684293123789,0.21311,0.136,0,shared_overlap_visible_markers
a,348.0,5.0,383.0,0.1,35.0,0.6989700043360189,-1.0,0.0028735632183908046,0.0026109660574412533,0.0,12.0,12.0,90.33766014379846,91.86691780928244,148.0,92.0,408.0,377.0,0.06701373851330805,0.11275684293123789,0.24382,0.136,0,shared_overlap_visible_markers
a,348.0,10.0,383.0,0.1,35.0,1.0,-1.0,0.0028735632183908046,0.0026109660574412533,17.0,12.0,-5.0,98.25923506373057,91.86691780928244,155.0,92.0,414.0,377.0,0.08921698381787635,0.11275684293123789,0.24382,0.136,0,shared_overlap_visible_markers
a,348.0,20.0,383.0,0.1,35.0,1.3010299956639813,-1.0,0.0028735632183908046,0.0026109660574412533,9.0,12.0,3.0,97.48080998366268,91.86691780928244,156.0,92.0,419.0,377.0,0.11829678935296961,0.11275684293123789,0.27022,0.136,0,shared_overlap_visible_markers
a,348.0,50.0,383.0,0.1,35.0,1.6989700043360187,-1.0,0.0028735632183908046,0.0026109660574412533,9.0,12.0,3.0,100.1320358167224,91.86691780928244,157.0,92.0,424.0,377.0,0.17030555319628382,0.11275684293123789,0.27022,0.136,0,shared_overlap_visible_markers
a,348.0,100.0,383.0,0.1,35.0,2.0,-1.0,0.0028735632183908046,0.0026109660574412533,15.0,12.0,-3.0,104.22561073665449,91.86691780928244,156.0,92.0,427.0,377.0,0.22238638820612078,0.11275684293123789,0.32697,0.136,0,shared_overlap_visible_markers
a,348.0,0.1,383.0,0.2,35.0,-1.0,-0.6989700043360187,0.0028735632183908046,0.0026109660574412533,0.0,13.0,13.0,79.0184837178827,94.4572028504721,92.0,92.0,377.0,380.0,0.012816927230680841,0.14885936509313735,0.2236,0.136,0,shared_overlap_visible_markers
a,348.0,0.2,383.0,0.2,35.0,-0.6989700043360187,-0.6989700043360187,0.0028735632183908046,0.0026109660574412533,0.0,13.0,13.0,81.02405863781482,94.4572028504721,92.0,92.0,380.0,380.0,0.017228862999065786,0.14885936509313735,0.2236,0.136,0,shared_overlap_visible_markers
a,348.0,0.5,383.0,0.2,35.0,-0.3010299956639812,-0.6989700043360187,0.0028735632183908046,0.0026109660574412533,0.0,13.0,13.0,83.67528447087454,94.4572028504721,94.0,92.0,384.0,380.0,0.02544221829625759,0.14885936509313735,0.24494,0.136,0,shared_overlap_visible_markers
a,348.0,1.0,383.0,0.2,35.0,0.0,-0.6989700043360187,0.0028735632183908046,0.0026109660574412533,0.0,13.0,13.0,85.68085939080665,94.4572028504721,98.0,92.0,389.0,380.0,0.034124357132955585,0.14885936509313735,0.24494,0.136,0,shared_overlap_visible_markers
a,348.0,2.0,383.0,0.2,35.0,0.3010299956639812,-0.6989700043360187,0.0028735632183908046,0.0026109660574412533,0.0,13.0,13.0,87.68643431073873,94.4572028504721,112.0,92.0,397.0,380.0,0.045699055588746096,0.14885936509313735,0.25506,0.136,0,shared_overlap_visible_markers
a,348.0,5.0,383.0,0.2,35.0,0.6989700043360189,-0.6989700043360187,0.0028735632183908046,0.0026109660574412533,0.0,13.0,13.0,90.33766014379846,94.4572028504721,148.0,92.0,408.0,380.0,0.06701373851330805,0.14885936509313735,0.25506,0.136,0,shared_overlap_visible_markers
a,348.0,10.0,383.0,0.2,35.0,1.0,-0.6989700043360187,0.0028735632183908046,0.0026109660574412533,17.0,13.0,-4.0,98.25923506373057,94.4572028504721,155.0,92.0,414.0,380.0,0.08921698381787635,0.14885936509313735,0.27191,0.136,0,shared_overlap_visible_markers
a,348.0,20.0,383.0,0.2,35.0,1.3010299956639813,-0.6989700043360187,0.0028735632183908046,0.0026109660574412533,9.0,13.0,4.0,97.48080998366268,94.4572028504721,156.0,92.0,419.0,380.0,0.11829678935296961,0.14885936509313735,0.27191,0.136,0,shared_overlap_visible_markers
a,348.0,50.0,383.0,0.2,35.0,1.6989700043360187,-0.6989700043360187,0.0028735632183908046,0.0026109660574412533,9.0,13.0,4.0,100.1320358167224,94.4572028504721,157.0,92.0,424.0,380.0,0.17030555319628382,0.14885936509313735,0.30899,0.136,0,shared_overlap_visible_markers
a,348.0,100.0,383.0,0.2,35.0,2.0,-0.6989700043360187,0.0028735632183908046,0.0026109660574412533,15.0,13.0,-2.0,104.22561073665449,94.4572028504721,156.0,92.0,427.0,380.0,0.22238638820612078,0.14885936509313735,0.30899,0.136,0,shared_overlap_visible_markers
a,348.0,0.1,383.0,0.5,35.0,-1.0,-0.3010299956639812,0.0028735632183908046,0.0026109660574412533,0.0,14.0,14.0,79.0184837178827,97.7580749598453,92.0,94.0,377.0,384.0,0.012816927230680841,0.21259456914623753,0.25056,0.136,0,shared_overlap_visible_markers
a,348.0,0.2,383.0,0.5,35.0,-0.6989700043360187,-0.3010299956639812,0.0028735632183908046,0.0026109660574412533,0.0,14.0,14.0,81.02405863781482,97.7580749598453,92.0,94.0,380.0,384.0,0.017228862999065786,0.21259456914623753,0.25056,0.136,0,shared_overlap_visible_markers
a,348.0,0.5,383.0,0.5,35.0,-0.3010299956639812,-0.3010299956639812,0.0028735632183908046,0.0026109660574412533,0.0,14.0,14.0,83.67528447087454,97.7580749598453,94.0,94.0,384.0,384.0,0.02544221829625759,0.21259456914623753,0.26966,0.136,0,shared_overlap_visible_markers
a,348.0,1.0,383.0,0.5,35.0,0.0,-0.3010299956639812,0.0028735632183908046,0.0026109660574412533,0.0,14.0,14.0,85.68085939080665,97.7580749598453,98.0,94.0,389.0,384.0,0.034124357132955585,0.21259456914623753,0.26966,0.136,0,shared_overlap_visible_markers
a,348.0,2.0,383.0,0.5,35.0,0.3010299956639812,-0.3010299956639812,0.0028735632183908046,0.0026109660574412533,0.0,14.0,14.0,87.68643431073873,97.7580749598453,112.0,94.0,397.0,384.0,0.045699055588746096,0.21259456914623753,0.26966,0.136,0,shared_overlap_visible_markers
a,348.0,5.0,383.0,0.5,35.0,0.6989700043360189,-0.3010299956639812,0.0028735632183908046,0.0026109660574412533,0.0,14.0,14.0,90.33766014379846,97.7580749598453,148.0,94.0,408.0,384.0,0.06701373851330805,0.21259456914623753,0.29326,0.136,0,shared_overlap_visible_markers
a,348.0,10.0,383.0,0.5,35.0,1.0,-0.3010299956639812,0.0028735632183908046,0.0026109660574412533,17.0,14.0,-3.0,98.25923506373057,97.7580749598453,155.0,94.0,414.0,384.0,0.08921698381787635,0.21259456914623753,0.29326,0.136,0,shared_overlap_visible_markers
a,348.0,20.0,383.0,0.5,35.0,1.3010299956639813,-0.3010299956639812,0.0028735632183908046,0.0026109660574412533,9.0,14.0,5.0,97.48080998366268,97.7580749598453,156.0,94.0,419.0,384.0,0.11829678935296961,0.21259456914623753,0.29326,0.136,0,shared_overlap_visible_markers
a,348.0,50.0,383.0,0.5,35.0,1.6989700043360187,-0.3010299956639812,0.0028735632183908046,0.0026109660574412533,9.0,14.0,5.0,100.1320358167224,97.7580749598453,157.0,94.0,424.0,384.0,0.17030555319628382,0.21259456914623753,0.31798,0.136,0,shared_overlap_visible_markers
a,348.0,100.0,383.0,0.5,35.0,2.0,-0.3010299956639812,0.0028735632183908046,0.0026109660574412533,15.0,14.0,-1.0,104.22561073665449,97.7580749598453,156.0,94.0,427.0,384.0,0.22238638820612078,0.21259456914623753,0.31798,0.136,0,shared_overlap_visible_markers
a,348.0,0.1,383.0,1.0,35.0,-1.0,0.0,0.0028735632183908046,0.0026109660574412533,0.0,20.0,20.0,79.0184837178827,102.26336000103494,92.0,98.0,377.0,389.0,0.012816927230680841,0.27530543033820787,0.33596,0.136,0,shared_overlap_visible_markers
a,348.0,0.2,383.0,1.0,35.0,-0.6989700043360187,0.0,0.0028735632183908046,0.0026109660574412533,0.0,20.0,20.0,81.02405863781482,102.26336000103494,92.0,98.0,380.0,389.0,0.017228862999065786,0.27530543033820787,0.33596,0.136,0,shared_overlap_visible_markers
a,348.0,0.5,383.0,1.0,35.0,-0.3010299956639812,0.0,0.0028735632183908046,0.0026109660574412533,0.0,20.0,20.0,83.67528447087454,102.26336000103494,94.0,98.0,384.0,389.0,0.02544221829625759,0.27530543033820787,0.33596,0.136,0,shared_overlap_visible_markers
a,348.0,1.0,383.0,1.0,35.0,0.0,0.0,0.0028735632183908046,0.0026109660574412533,0.0,20.0,20.0,85.68085939080665,102.26336000103494,98.0,98.0,389.0,389.0,0.034124357132955585,0.27530543033820787,0.33596,0.136,0,shared_overlap_visible_markers
a,348.0,2.0,383.0,1.0,35.0,0.3010299956639812,0.0,0.0028735632183908046,0.0026109660574412533,0.0,20.0,20.0,87.68643431073873,102.26336000103494,112.0,98.0,397.0,389.0,0.045699055588746096,0.27530543033820787,0.33596,0.136,0,shared_overlap_visible_markers
a,348.0,5.0,383.0,1.0,35.0,0.6989700043360189,0.0,0.0028735632183908046,0.0026109660574412533,0.0,20.0,20.0,90.33766014379846,102.26336000103494,148.0,98.0,408.0,389.0,0.06701373851330805,0.27530543033820787,0.36067,0.136,0,shared_overlap_visible_markers
a,348.0,10.0,383.0,1.0,35.0,1.0,0.0,0.0028735632183908046,0.0026109660574412533,17.0,20.0,3.0,98.25923506373057,102.26336000103494,155.0,98.0,414.0,389.0,0.08921698381787635,0.27530543033820787,0.36067,0.136,0,shared_overlap_visible_markers
a,348.0,20.0,383.0,1.0,35.0,1.3010299956639813,0.0,0.0028735632183908046,0.0026109660574412533,9.0,20.0,11.0,97.48080998366268,102.26336000103494,156.0,98.0,419.0,389.0,0.11829678935296961,0.27530543033820787,0.36067,0.136,0,shared_overlap_visible_markers
a,348.0,50.0,383.0,1.0,35.0,1.6989700043360187,0.0,0.0028735632183908046,0.0026109660574412533,9.0,20.0,11.0,100.1320358167224,102.26336000103494,157.0,98.0,424.0,389.0,0.17030555319628382,0.27530543033820787,0.36067,0.136,0,shared_overlap_visible_markers
a,348.0,100.0,383.0,1.0,35.0,2.0,0.0,0.0028735632183908046,0.0026109660574412533,15.0,20.0,5.0,104.22561073665449,102.26336000103494,156.0,98.0,427.0,389.0,0.22238638820612078,0.27530543033820787,0.36067,0.136,0,shared_overlap_visible_markers
a,348.0,0.1,383.0,2.0,35.0,-1.0,0.3010299956639812,0.0028735632183908046,0.0026109660574412533,0.0,45.0,45.0,79.0184837178827,114.04564504222456,92.0,112.0,377.0,397.0,0.012816927230680841,0.3519684805509413,0.38315,0.136,0,shared_overlap_visible_markers
a,348.0,0.2,383.0,2.0,35.0,-0.6989700043360187,0.3010299956639812,0.0028735632183908046,0.0026109660574412533,0.0,45.0,45.0,81.02405863781482,114.04564504222456,92.0,112.0,380.0,397.0,0.017228862999065786,0.3519684805509413,0.38315,0.136,0,shared_overlap_visible_markers
a,348.0,0.5,383.0,2.0,35.0,-0.3010299956639812,0.3010299956639812,0.0028735632183908046,0.0026109660574412533,0.0,45.0,45.0,83.67528447087454,114.04564504222456,94.0,112.0,384.0,397.0,0.02544221829625759,0.3519684805509413,0.38315,0.136,0,shared_overlap_visible_markers
a,348.0,1.0,383.0,2.0,35.0,0.0,0.3010299956639812,0.0028735632183908046,0.0026109660574412533,0.0,45.0,45.0,85.68085939080665,114.04564504222456,98.0,112.0,389.0,397.0,0.034124357132955585,0.3519684805509413,0.40337,0.136,1,shared_overlap_visible_markers
a,348.0,2.0,383.0,2.0,35.0,0.3010299956639812,0.3010299956639812,0.0028735632183908046,0.0026109660574412533,0.0,45.0,45.0,87.68643431073873,114.04564504222456,112.0,112.0,397.0,397.0,0.045699055588746096,0.3519684805509413,0.40337,0.136,1,shared_overlap_visible_markers
a,348.0,5.0,383.0,2.0,35.0,0.6989700043360189,0.3010299956639812,0.0028735632183908046,0.0026109660574412533,0.0,45.0,45.0,90.33766014379846,114.04564504222456,148.0,112.0,408.0,397.0,0.06701373851330805,0.3519684805509413,0.40337,0.136,1,shared_overlap_visible_markers
a,348.0,10.0,383.0,2.0,35.0,1.0,0.3010299956639812,0.0028735632183908046,0.0026109660574412533,17.0,45.0,28.0,98.25923506373057,114.04564504222456,155.0,112.0,414.0,397.0,0.08921698381787635,0.3519684805509413,0.40337,0.136,1,shared_overlap_visible_markers
a,348.0,20.0,383.0,2.0,35.0,1.3010299956639813,0.3010299956639812,0.0028735632183908046,0.0026109660574412533,9.0,45.0,36.0,97.48080998366268,114.04564504222456,156.0,112.0,419.0,397.0,0.11829678935296961,0.3519684805509413,0.42697,0.136,1,shared_overlap_visible_markers
a,348.0,50.0,383.0,2.0,35.0,1.6989700043360187,0.3010299956639812,0.0028735632183908046,0.0026109660574412533,9.0,45.0,36.0,100.1320358167224,114.04564504222456,157.0,112.0,424.0,397.0,0.17030555319628382,0.3519684805509413,0.42697,0.136,1,shared_overlap_visible_markers
a,348.0,100.0,383.0,2.0,35.0,2.0,0.3010299956639812,0.0028735632183908046,0.0026109660574412533,15.0,45.0,30.0,104.22561073665449,114.04564504222456,156.0,112.0,427.0,397.0,0.22238638820612078,0.3519684805509413,0.42697,0.136,1,shared_overlap_visible_markers
a,348.0,0.1,383.0,5.0,35.0,-1.0,0.6989700043360189,0.0028735632183908046,0.0026109660574412533,0.0,132.0,132.0,79.0184837178827,150.2845171515978,92.0,148.0,377.0,408.0,0.012816927230680841,0.4744495689020165,0.45056,0.136,1,shared_overlap_visible_markers
a,348.0,0.2,383.0,5.0,35.0,-0.6989700043360187,0.6989700043360189,0.0028735632183908046,0.0026109660574412533,0.0,132.0,132.0,81.02405863781482,150.2845171515978,92.0,148.0,380.0,408.0,0.017228862999065786,0.4744495689020165,0.45056,0.136,1,shared_overlap_visible_markers
a,348.0,0.5,383.0,5.0,35.0,-0.3010299956639812,0.6989700043360189,0.0028735632183908046,0.0026109660574412533,0.0,132.0,132.0,83.67528447087454,150.2845171515978,94.0,148.0,384.0,408.0,0.02544221829625759,0.4744495689020165,0.45056,0.136,1,shared_overlap_visible_markers
a,348.0,1.0,383.0,5.0,35.0,0.0,0.6989700043360189,0.0028735632183908046,0.0026109660574412533,0.0,132.0,132.0,85.68085939080665,150.2845171515978,98.0,148.0,389.0,408.0,0.034124357132955585,0.4744495689020165,0.45056,0.136,1,shared_overlap_visible_markers
a,348.0,2.0,383.0,5.0,35.0,0.3010299956639812,0.6989700043360189,0.0028735632183908046,0.0026109660574412533,0.0,132.0,132.0,87.68643431073873,150.2845171515978,112.0,148.0,397.0,408.0,0.045699055588746096,0.4744495689020165,0.45056,0.136,1,shared_overlap_visible_markers
a,348.0,5.0,383.0,5.0,35.0,0.6989700043360189,0.6989700043360189,0.0028735632183908046,0.0026109660574412533,0.0,132.0,132.0,90.33766014379846,150.2845171515978,148.0,148.0,408.0,408.0,0.06701373851330805,0.4744495689020165,0.46966,0.136,1,shared_overlap_visible_markers
a,348.0,10.0,383.0,5.0,35.0,1.0,0.6989700043360189,0.0028735632183908046,0.0026109660574412533,17.0,132.0,115.0,98.25923506373057,150.2845171515978,155.0,148.0,414.0,408.0,0.08921698381787635,0.4744495689020165,0.46966,0.136,1,shared_overlap_visible_markers
a,348.0,20.0,383.0,5.0,35.0,1.3010299956639813,0.6989700043360189,0.0028735632183908046,0.0026109660574412533,9.0,132.0,123.0,97.48080998366268,150.2845171515978,156.0,148.0,419.0,408.0,0.11829678935296961,0.4744495689020165,0.46966,0.136,1,shared_overlap_visible_markers
a,348.0,50.0,383.0,5.0,35.0,1.6989700043360187,0.6989700043360189,0.0028735632183908046,0.0026109660574412533,9.0,132.0,123.0,100.1320358167224,150.2845171515978,157.0,148.0,424.0,408.0,0.17030555319628382,0.4744495689020165,0.46966,0.136,1,shared_overlap_visible_markers
a,348.0,100.0,383.0,5.0,35.0,2.0,0.6989700043360189,0.0028735632183908046,0.0026109660574412533,15.0,132.0,117.0,104.22561073665449,150.2845171515978,156.0,148.0,427.0,408.0,0.22238638820612078,0.4744495689020165,0.46966,0.136,1,shared_overlap_visible_markers
a,348.0,0.1,383.0,10.0,35.0,-1.0,1.0,0.0028735632183908046,0.0026109660574412533,0.0,158.0,158.0,79.0184837178827,162.44980219278744,92.0,155.0,377.0,414.0,0.012816927230680841,0.5796584374693803,0.51348,0.165,1,shared_overlap_visible_markers
a,348.0,0.2,383.0,10.0,35.0,-0.6989700043360187,1.0,0.0028735632183908046,0.0026109660574412533,0.0,158.0,158.0,81.02405863781482,162.44980219278744,92.0,155.0,380.0,414.0,0.017228862999065786,0.5796584374693803,0.51348,0.165,1,shared_overlap_visible_markers
a,348.0,0.5,383.0,10.0,35.0,-0.3010299956639812,1.0,0.0028735632183908046,0.0026109660574412533,0.0,158.0,158.0,83.67528447087454,162.44980219278744,94.0,155.0,384.0,414.0,0.02544221829625759,0.5796584374693803,0.51348,0.165,1,shared_overlap_visible_markers
a,348.0,1.0,383.0,10.0,35.0,0.0,1.0,0.0028735632183908046,0.0026109660574412533,0.0,158.0,158.0,85.68085939080665,162.44980219278744,98.0,155.0,389.0,414.0,0.034124357132955585,0.5796584374693803,0.51348,0.165,1,shared_overlap_visible_markers
a,348.0,2.0,383.0,10.0,35.0,0.3010299956639812,1.0,0.0028735632183908046,0.0026109660574412533,0.0,158.0,158.0,87.68643431073873,162.44980219278744,112.0,155.0,397.0,414.0,0.045699055588746096,0.5796584374693803,0.51348,0.165,1,shared_overlap_visible_markers
a,348.0,5.0,383.0,10.0,35.0,0.6989700043360189,1.0,0.0028735632183908046,0.0026109660574412533,0.0,158.0,158.0,90.33766014379846,162.44980219278744,148.0,155.0,408.0,414.0,0.06701373851330805,0.5796584374693803,0.53371,0.165,1,shared_overlap_visible_markers
a,348.0,10.0,383.0,10.0,35.0,1.0,1.0,0.0028735632183908046,0.0026109660574412533,17.0,158.0,141.0,98.25923506373057,162.44980219278744,155.0,155.0,414.0,414.0,0.08921698381787635,0.5796584374693803,0.53371,0.165,1,shared_overlap_visible_markers
a,348.0,20.0,383.0,10.0,35.0,1.3010299956639813,1.0,0.0028735632183908046,0.0026109660574412533,9.0,158.0,149.0,97.48080998366268,162.44980219278744,156.0,155.0,419.0,414.0,0.11829678935296961,0.5796584374693803,0.53371,0.165,1,shared_overlap_visible_markers
a,348.0,50.0,383.0,10.0,35.0,1.6989700043360187,1.0,0.0028735632183908046,0.0026109660574412533,9.0,158.0,149.0,100.1320358167224,162.44980219278744,157.0,155.0,424.0,414.0,0.17030555319628382,0.5796584374693803,0.53371,0.165,1,shared_overlap_visible_markers
a,348.0,100.0,383.0,10.0,35.0,2.0,1.0,0.0028735632183908046,0.0026109660574412533,15.0,158.0,143.0,104.22561073665449,162.44980219278744,156.0,155.0,427.0,414.0,0.22238638820612078,0.5796584374693803,0.53371,0.165,1,shared_overlap_visible_markers
a,348.0,0.1,383.0,20.0,35.0,-1.0,1.3010299956639813,0.0028735632183908046,0.0026109660574412533,0.0,163.0,163.0,79.0184837178827,166.57208723397704,92.0,156.0,377.0,419.0,0.012816927230680841,0.6888968370811791,0.54494,0.165,1,shared_overlap_visible_markers
a,348.0,0.2,383.0,20.0,35.0,-0.6989700043360187,1.3010299956639813,0.0028735632183908046,0.0026109660574412533,0.0,163.0,163.0,81.02405863781482,166.57208723397704,92.0,156.0,380.0,419.0,0.017228862999065786,0.6888968370811791,0.54494,0.165,1,shared_overlap_visible_markers
a,348.0,0.5,383.0,20.0,35.0,-0.3010299956639812,1.3010299956639813,0.0028735632183908046,0.0026109660574412533,0.0,163.0,163.0,83.67528447087454,166.57208723397704,94.0,156.0,384.0,419.0,0.02544221829625759,0.6888968370811791,0.54494,0.165,1,shared_overlap_visible_markers
a,348.0,1.0,383.0,20.0,35.0,0.0,1.3010299956639813,0.0028735632183908046,0.0026109660574412533,0.0,163.0,163.0,85.68085939080665,166.57208723397704,98.0,156.0,389.0,419.0,0.034124357132955585,0.6888968370811791,0.55281,0.165,1,shared_overlap_visible_markers
a,348.0,2.0,383.0,20.0,35.0,0.3010299956639812,1.3010299956639813,0.0028735632183908046,0.0026109660574412533,0.0,163.0,163.0,87.68643431073873,166.57208723397704,112.0,156.0,397.0,419.0,0.045699055588746096,0.6888968370811791,0.55281,0.165,1,shared_overlap_visible_markers
a,348.0,5.0,383.0,20.0,35.0,0.6989700043360189,1.3010299956639813,0.0028735632183908046,0.0026109660574412533,0.0,163.0,163.0,90.33766014379846,166.57208723397704,148.0,156.0,408.0,419.0,0.06701373851330805,0.6888968370811791,0.55281,0.165,1,shared_overlap_visible_markers
a,348.0,10.0,383.0,20.0,35.0,1.0,1.3010299956639813,0.0028735632183908046,0.0026109660574412533,17.0,163.0,146.0,98.25923506373057,166.57208723397704,155.0,156.0,414.0,419.0,0.08921698381787635,0.6888968370811791,0.55281,0.165,1,shared_overlap_visible_markers
a,348.0,20.0,383.0,20.0,35.0,1.3010299956639813,1.3010299956639813,0.0028735632183908046,0.0026109660574412533,9.0,163.0,154.0,97.48080998366268,166.57208723397704,156.0,156.0,419.0,419.0,0.11829678935296961,0.6888968370811791,0.5764,0.175,1,shared_overlap_visible_markers
a,348.0,50.0,383.0,20.0,35.0,1.6989700043360187,1.3010299956639813,0.0028735632183908046,0.0026109660574412533,9.0,163.0,154.0,100.1320358167224,166.57208723397704,157.0,156.0,424.0,419.0,0.17030555319628382,0.6888968370811791,0.5764,0.175,1,shared_overlap_visible_markers
a,348.0,100.0,383.0,20.0,35.0,2.0,1.3010299956639813,0.0028735632183908046,0.0026109660574412533,15.0,163.0,148.0,104.22561073665449,166.57208723397704,156.0,156.0,427.0,419.0,0.22238638820612078,0.6888968370811791,0.5764,0.175,1,shared_overlap_visible_markers
a,348.0,0.1,383.0,50.0,35.0,-1.0,1.6989700043360187,0.0028735632183908046,0.0026109660574412533,0.0,157.0,157.0,79.0184837178827,167.19195934335025,92.0,157.0,377.0,424.0,0.012816927230680841,0.8229793525209876,0.59888,0.175,1,shared_overlap_visible_markers
a,348.0,0.2,383.0,50.0,35.0,-0.6989700043360187,1.6989700043360187,0.0028735632183908046,0.0026109660574412533,0.0,157.0,157.0,81.02405863781482,167.19195934335025,92.0,157.0,380.0,424.0,0.017228862999065786,0.8229793525209876,0.59888,0.175,1,shared_overlap_visible_markers
a,348.0,0.5,383.0,50.0,35.0,-0.3010299956639812,1.6989700043360187,0.0028735632183908046,0.0026109660574412533,0.0,157.0,157.0,83.67528447087454,167.19195934335025,94.0,157.0,384.0,424.0,0.02544221829625759,0.8229793525209876,0.59888,0.175,1,shared_overlap_visible_markers
a,348.0,1.0,383.0,50.0,35.0,0.0,1.6989700043360187,0.0028735632183908046,0.0026109660574412533,0.0,157.0,157.0,85.68085939080665,167.19195934335025,98.0,157.0,389.0,424.0,0.034124357132955585,0.8229793525209876,0.59888,0.175,1,shared_overlap_visible_markers
a,348.0,2.0,383.0,50.0,35.0,0.3010299956639812,1.6989700043360187,0.0028735632183908046,0.0026109660574412533,0.0,157.0,157.0,87.68643431073873,167.19195934335025,112.0,157.0,397.0,424.0,0.045699055588746096,0.8229793525209876,0.59888,0.175,1,shared_overlap_visible_markers
a,348.0,5.0,383.0,50.0,35.0,0.6989700043360189,1.6989700043360187,0.0028735632183908046,0.0026109660574412533,0.0,157.0,157.0,90.33766014379846,167.19195934335025,148.0,157.0,408.0,424.0,0.06701373851330805,0.8229793525209876,0.61236,0.175,1,shared_overlap_visible_markers
a,348.0,10.0,383.0,50.0,35.0,1.0,1.6989700043360187,0.0028735632183908046,0.0026109660574412533,17.0,157.0,140.0,98.25923506373057,167.19195934335025,155.0,157.0,414.0,424.0,0.08921698381787635,0.8229793525209876,0.61236,0.175,1,shared_overlap_visible_markers
a,348.0,20.0,383.0,50.0,35.0,1.3010299956639813,1.6989700043360187,0.0028735632183908046,0.0026109660574412533,9.0,157.0,148.0,97.48080998366268,167.19195934335025,156.0,157.0,419.0,424.0,0.11829678935296961,0.8229793525209876,0.61236,0.175,1,shared_overlap_visible_markers
a,348.0,50.0,383.0,50.0,35.0,1.6989700043360187,1.6989700043360187,0.0028735632183908046,0.0026109660574412533,9.0,157.0,148.0,100.1320358167224,167.19195934335025,157.0,157.0,424.0,424.0,0.17030555319628382,0.8229793525209876,0.61236,0.175,1,shared_overlap_visible_markers
a,348.0,100.0,383.0,50.0,35.0,2.0,1.6989700043360187,0.0028735632183908046,0.0026109660574412533,15.0,157.0,142.0,104.22561073665449,167.19195934335025,156.0,157.0,427.0,424.0,0.22238638820612078,0.8229793525209876,0.61236,0.175,1,shared_overlap_visible_markers
a,348.0,0.1,383.0,100.0,35.0,-1.0,2.0,0.0028735632183908046,0.0026109660574412533,0.0,157.0,157.0,79.0184837178827,169.3992443845399,92.0,156.0,377.0,427.0,0.012816927230680841,0.9029685363075911,0.63258,0.175,1,shared_overlap_visible_markers
a,348.0,0.2,383.0,100.0,35.0,-0.6989700043360187,2.0,0.0028735632183908046,0.0026109660574412533,0.0,157.0,157.0,81.02405863781482,169.3992443845399,92.0,156.0,380.0,427.0,0.017228862999065786,0.9029685363075911,0.63258,0.175,1,shared_overlap_visible_markers
a,348.0,0.5,383.0,100.0,35.0,-0.3010299956639812,2.0,0.0028735632183908046,0.0026109660574412533,0.0,157.0,157.0,83.67528447087454,169.3992443845399,94.0,156.0,384.0,427.0,0.02544221829625759,0.9029685363075911,0.63258,0.175,1,shared_overlap_visible_markers
a,348.0,1.0,383.0,100.0,35.0,0.0,2.0,0.0028735632183908046,0.0026109660574412533,0.0,157.0,157.0,85.68085939080665,169.3992443845399,98.0,156.0,389.0,427.0,0.034124357132955585,0.9029685363075911,0.63258,0.175,1,shared_overlap_visible_markers
a,348.0,2.0,383.0,100.0,35.0,0.3010299956639812,2.0,0.0028735632183908046,0.0026109660574412533,0.0,157.0,157.0,87.68643431073873,169.3992443845399,112.0,156.0,397.0,427.0,0.045699055588746096,0.9029685363075911,0.63258,0.175,1,shared_overlap_visible_markers
a,348.0,5.0,383.0,100.0,35.0,0.6989700043360189,2.0,0.0028735632183908046,0.0026109660574412533,0.0,157.0,157.0,90.33766014379846,169.3992443845399,148.0,156.0,408.0,427.0,0.06701373851330805,0.9029685363075911,0.64944,0.175,1,shared_overlap_visible_markers
a,348.0,10.0,383.0,100.0,35.0,1.0,2.0,0.0028735632183908046,0.0026109660574412533,17.0,157.0,140.0,98.25923506373057,169.3992443845399,155.0,156.0,414.0,427.0,0.08921698381787635,0.9029685363075911,0.64944,0.175,1,shared_overlap_visible_markers
a,348.0,20.0,383.0,100.0,35.0,1.3010299956639813,2.0,0.0028735632183908046,0.0026109660574412533,9.0,157.0,148.0,97.48080998366268,169.3992443845399,156.0,156.0,419.0,427.0,0.11829678935296961,0.9029685363075911,0.64944,0.175,1,shared_overlap_visible_markers
a,348.0,50.0,383.0,100.0,35.0,1.6989700043360187,2.0,0.0028735632183908046,0.0026109660574412533,9.0,157.0,148.0,100.1320358167224,169.3992443845399,157.0,156.0,424.0,427.0,0.17030555319628382,0.9029685363075911,0.64944,0.175,1,shared_overlap_visible_markers
a,348.0,100.0,383.0,100.0,35.0,2.0,2.0,0.0028735632183908046,0.0026109660574412533,15.0,157.0,142.0,104.22561073665449,169.3992443845399,156.0,156.0,427.0,427.0,0.22238638820612078,0.9029685363075911,0.64944,0.175,1,shared_overlap_visible_markers
a,348.0,0.1,383.0,200.0,35.0,-1.0,2.3010299956639813,0.0028735632183908046,0.0026109660574412533,0.0,154.0,154.0,79.0184837178827,170.45752942572955,92.0,155.0,377.0,430.0,0.012816927230680841,0.9568347147679082,0.65618,0.175,1,shared_overlap_visible_markers
a,348.0,0.2,383.0,200.0,35.0,-0.6989700043360187,2.3010299956639813,0.0028735632183908046,0.0026109660574412533,0.0,154.0,154.0,81.02405863781482,170.45752942572955,92.0,155.0,380.0,430.0,0.017228862999065786,0.9568347147679082,0.65618,0.175,1,shared_overlap_visible_markers
a,348.0,0.5,383.0,200.0,35.0,-0.3010299956639812,2.3010299956639813,0.0028735632183908046,0.0026109660574412533,0.0,154.0,154.0,83.67528447087454,170.45752942572955,94.0,155.0,384.0,430.0,0.02544221829625759,0.9568347147679082,0.65618,0.175,1,shared_overlap_visible_markers
a,348.0,1.0,383.0,200.0,35.0,0.0,2.3010299956639813,0.0028735632183908046,0.0026109660574412533,0.0,154.0,154.0,85.68085939080665,170.45752942572955,98.0,155.0,389.0,430.0,0.034124357132955585,0.9568347147679082,0.65618,0.175,1,shared_overlap_visible_markers
a,348.0,2.0,383.0,200.0,35.0,0.3010299956639812,2.3010299956639813,0.0028735632183908046,0.0026109660574412533,0.0,154.0,154.0,87.68643431073873,170.45752942572955,112.0,155.0,397.0,430.0,0.045699055588746096,0.9568347147679082,0.65618,0.175,1,shared_overlap_visible_markers
a,348.0,5.0,383.0,200.0,35.0,0.6989700043360189,2.3010299956639813,0.0028735632183908046,0.0026109660574412533,0.0,154.0,154.0,90.33766014379846,170.45752942572955,148.0,155.0,408.0,430.0,0.06701373851330805,0.9568347147679082,0.66854,0.175,1,shared_overlap_visible_markers
a,348.0,10.0,383.0,200.0,35.0,1.0,2.3010299956639813,0.0028735632183908046,0.0026109660574412533,17.0,154.0,137.0,98.25923506373057,170.45752942572955,155.0,155.0,414.0,430.0,0.08921698381787635,0.9568347147679082,0.66854,0.175,1,shared_overlap_visible_markers
a,348.0,20.0,383.0,200.0,35.0,1.3010299956639813,2.3010299956639813,0.0028735632183908046,0.0026109660574412533,9.0,154.0,145.0,97.48080998366268,170.45752942572955,156.0,155.0,419.0,430.0,0.11829678935296961,0.9568347147679082,0.66854,0.175,1,shared_overlap_visible_markers
a,348.0,50.0,383.0,200.0,35.0,1.6989700043360187,2.3010299956639813,0.0028735632183908046,0.0026109660574412533,9.0,154.0,145.0,100.1320358167224,170.45752942572955,157.0,155.0,424.0,430.0,0.17030555319628382,0.9568347147679082,0.66854,0.175,1,shared_overlap_visible_markers
a,348.0,100.0,383.0,200.0,35.0,2.0,2.3010299956639813,0.0028735632183908046,0.0026109660574412533,15.0,154.0,139.0,104.22561073665449,170.45752942572955,156.0,155.0,427.0,430.0,0.22238638820612078,0.9568347147679082,0.66854,0.175,1,shared_overlap_visible_markers
a,348.0,0.1,383.0,500.0,35.0,-1.0,2.6989700043360187,0.0028735632183908046,0.0026109660574412533,0.0,153.0,153.0,79.0184837178827,172.99240153510274,92.0,155.0,377.0,432.0,0.012816927230680841,0.9905369698851628,0.68427,0.175,1,shared_overlap_visible_markers
a,348.0,0.2,383.0,500.0,35.0,-0.6989700043360187,2.6989700043360187,0.0028735632183908046,0.0026109660574412533,0.0,153.0,153.0,81.02405863781482,172.99240153510274,92.0,155.0,380.0,432.0,0.017228862999065786,0.9905369698851628,0.68427,0.175,1,shared_overlap_visible_markers
a,348.0,0.5,383.0,500.0,35.0,-0.3010299956639812,2.6989700043360187,0.0028735632183908046,0.0026109660574412533,0.0,153.0,153.0,83.67528447087454,172.99240153510274,94.0,155.0,384.0,432.0,0.02544221829625759,0.9905369698851628,0.68427,0.175,1,shared_overlap_visible_markers
a,348.0,1.0,383.0,500.0,35.0,0.0,2.6989700043360187,0.0028735632183908046,0.0026109660574412533,0.0,153.0,153.0,85.68085939080665,172.99240153510274,98.0,155.0,389.0,432.0,0.034124357132955585,0.9905369698851628,0.68427,0.175,1,shared_overlap_visible_markers
a,348.0,2.0,383.0,500.0,35.0,0.3010299956639812,2.6989700043360187,0.0028735632183908046,0.0026109660574412533,0.0,153.0,153.0,87.68643431073873,172.99240153510274,112.0,155.0,397.0,432.0,0.045699055588746096,0.9905369698851628,0.68427,0.175,1,shared_overlap_visible_markers
a,348.0,5.0,383.0,500.0,35.0,0.6989700043360189,2.6989700043360187,0.0028735632183908046,0.0026109660574412533,0.0,153.0,153.0,90.33766014379846,172.99240153510274,148.0,155.0,408.0,432.0,0.06701373851330805,0.9905369698851628,0.68427,0.175,1,shared_overlap_visible_markers
a,348.0,10.0,383.0,500.0,35.0,1.0,2.6989700043360187,0.0028735632183908046,0.0026109660574412533,17.0,153.0,136.0,98.25923506373057,172.99240153510274,155.0,155.0,414.0,432.0,0.08921698381787635,0.9905369698851628,0.68427,0.175,1,shared_overlap_visible_markers
a,348.0,20.0,383.0,500.0,35.0,1.3010299956639813,2.6989700043360187,0.0028735632183908046,0.0026109660574412533,9.0,153.0,144.0,97.48080998366268,172.99240153510274,156.0,155.0,419.0,432.0,0.11829678935296961,0.9905369698851628,0.68427,0.175,1,shared_overlap_visible_markers
a,348.0,50.0,383.0,500.0,35.0,1.6989700043360187,2.6989700043360187,0.0028735632183908046,0.0026109660574412533,9.0,153.0,144.0,100.1320358167224,172.99240153510274,157.0,155.0,424.0,432.0,0.17030555319628382,0.9905369698851628,0.68427,0.175,1,shared_overlap_visible_markers
a,348.0,100.0,383.0,500.0,35.0,2.0,2.6989700043360187,0.0028735632183908046,0.0026109660574412533,15.0,153.0,138.0,104.22561073665449,172.99240153510274,156.0,155.0,427.0,432.0,0.22238638820612078,0.9905369698851628,0.68427,0.175,1,shared_overlap_visible_markers
a,348.0,0.1,383.0,1000.0,35.0,-1.0,3.0,0.0028735632183908046,0.0026109660574412533,0.0,157.0,157.0,79.0184837178827,176.7316865762924,92.0,156.0,377.0,433.0,0.012816927230680841,0.9981239692321205,0.68258,0.175,1,shared_overlap_visible_markers
a,348.0,0.2,383.0,1000.0,35.0,-0.6989700043360187,3.0,0.0028735632183908046,0.0026109660574412533,0.0,157.0,157.0,81.02405863781482,176.7316865762924,92.0,156.0,380.0,433.0,0.017228862999065786,0.9981239692321205,0.68258,0.175,1,shared_overlap_visible_markers
a,348.0,0.5,383.0,1000.0,35.0,-0.3010299956639812,3.0,0.0028735632183908046,0.0026109660574412533,0.0,157.0,157.0,83.67528447087454,176.7316865762924,94.0,156.0,384.0,433.0,0.02544221829625759,0.9981239692321205,0.68258,0.175,1,shared_overlap_visible_markers
a,348.0,1.0,383.0,1000.0,35.0,0.0,3.0,0.0028735632183908046,0.0026109660574412533,0.0,157.0,157.0,85.68085939080665,176.7316865762924,98.0,156.0,389.0,433.0,0.034124357132955585,0.9981239692321205,0.68258,0.175,1,shared_overlap_visible_markers
a,348.0,2.0,383.0,1000.0,35.0,0.3010299956639812,3.0,0.0028735632183908046,0.0026109660574412533,0.0,157.0,157.0,87.68643431073873,176.7316865762924,112.0,156.0,397.0,433.0,0.045699055588746096,0.9981239692321205,0.68258,0.175,1,shared_overlap_visible_markers
a,348.0,5.0,383.0,1000.0,35.0,0.6989700043360189,3.0,0.0028735632183908046,0.0026109660574412533,0.0,157.0,157.0,90.33766014379846,176.7316865762924,148.0,156.0,408.0,433.0,0.06701373851330805,0.9981239692321205,0.6839,0.175,1,shared_overlap_visible_markers
a,348.0,10.0,383.0,1000.0,35.0,1.0,3.0,0.0028735632183908046,0.0026109660574412533,17.0,157.0,140.0,98.25923506373057,176.7316865762924,155.0,156.0,414.0,433.0,0.08921698381787635,0.9981239692321205,0.6839,0.175,1,shared_overlap_visible_markers
a,348.0,20.0,383.0,1000.0,35.0,1.3010299956639813,3.0,0.0028735632183908046,0.0026109660574412533,9.0,157.0,148.0,97.48080998366268,176.7316865762924,156.0,156.0,419.0,433.0,0.11829678935296961,0.9981239692321205,0.6839,0.175,1,shared_overlap_visible_markers
a,348.0,50.0,383.0,1000.0,35.0,1.6989700043360187,3.0,0.0028735632183908046,0.0026109660574412533,9.0,157.0,148.0,100.1320358167224,176.7316865762924,157.0,156.0,424.0,433.0,0.17030555319628382,0.9981239692321205,0.6839,0.175,1,shared_overlap_visible_markers
a,348.0,100.0,383.0,1000.0,35.0,2.0,3.0,0.0028735632183908046,0.0026109660574412533,15.0,157.0,142.0,104.22561073665449,176.7316865762924,156.0,156.0,427.0,433.0,0.22238638820612078,0.9981239692321205,0.6839,0.175,1,shared_overlap_visible_markers
b,363.0,0.1,383.0,0.1,20.0,-1.0,-1.0,0.0027548209366391185,0.0026109660574412533,0.0,12.0,12.0,82.55181984062106,91.86691780928244,92.0,92.0,377.0,377.0,0.03469962856629516,0.11275684293123789,0.19326,0.1,0,shared_overlap_visible_markers
b,363.0,0.2,383.0,0.1,20.0,-0.6989700043360187,-1.0,0.0027548209366391185,0.0026109660574412533,0.0,12.0,12.0,84.64384195537784,91.86691780928244,92.0,92.0,380.0,377.0,0.046464713773455735,0.11275684293123789,0.22247,0.1,0,shared_overlap_visible_markers
b,363.0,0.5,383.0,0.1,20.0,-0.3010299956639812,-1.0,0.0027548209366391185,0.0026109660574412533,0.0,12.0,12.0,87.40934476400048,91.86691780928244,94.0,92.0,384.0,377.0,0.06812356446259404,0.11275684293123789,0.22247,0.1,0,shared_overlap_visible_markers
b,363.0,1.0,383.0,0.1,20.0,0.0,-1.0,0.0027548209366391185,0.0026109660574412533,1.0,12.0,11.0,89.86436687875724,91.86691780928244,98.0,92.0,389.0,377.0,0.09067629437091873,0.11275684293123789,0.24382,0.1,0,shared_overlap_visible_markers
b,363.0,2.0,383.0,0.1,20.0,0.3010299956639812,-1.0,0.0027548209366391185,0.0026109660574412533,4.0,12.0,8.0,93.045388993514,91.86691780928244,112.0,92.0,397.0,377.0,0.1201995197194975,0.11275684293123789,0.24382,0.1,0,shared_overlap_visible_markers
b,363.0,5.0,383.0,0.1,20.0,0.6989700043360189,-1.0,0.0027548209366391185,0.0026109660574412533,14.0,12.0,-2.0,99.44089180213665,91.86691780928244,148.0,92.0,408.0,377.0,0.17295930789812775,0.11275684293123789,0.26742,0.1,0,shared_overlap_visible_markers
b,363.0,10.0,383.0,0.1,20.0,1.0,-1.0,0.0027548209366391185,0.0026109660574412533,16.0,12.0,-4.0,102.2589139168934,91.86691780928244,155.0,92.0,414.0,377.0,0.22573533264986623,0.11275684293123789,0.26742,0.1,0,shared_overlap_visible_markers
b,363.0,20.0,383.0,0.1,20.0,1.3010299956639813,-1.0,0.0027548209366391185,0.0026109660574412533,38.0,12.0,-26.0,112.33693603165015,91.86691780928244,156.0,92.0,419.0,377.0,0.2915517620742485,0.11275684293123789,0.33596,0.1,0,shared_overlap_visible_markers
b,363.0,50.0,383.0,0.1,20.0,1.6989700043360187,-1.0,0.0027548209366391185,0.0026109660574412533,95.0,12.0,-83.0,135.7934388402728,91.86691780928244,157.0,92.0,424.0,377.0,0.40018030391260007,0.11275684293123789,0.33596,0.1,0,shared_overlap_visible_markers
b,363.0,100.0,383.0,0.1,20.0,2.0,-1.0,0.0027548209366391185,0.0026109660574412533,122.0,12.0,-110.0,147.6864609550296,91.86691780928244,156.0,92.0,427.0,377.0,0.497724419902549,0.11275684293123789,0.58539,0.133,1,shared_overlap_visible_markers
b,363.0,0.1,383.0,0.2,20.0,-1.0,-0.6989700043360187,0.0027548209366391185,0.0026109660574412533,0.0,13.0,13.0,82.55181984062106,94.4572028504721,92.0,92.0,377.0,380.0,0.03469962856629516,0.14885936509313735,0.22809,0.1,0,shared_overlap_visible_markers
b,363.0,0.2,383.0,0.2,20.0,-0.6989700043360187,-0.6989700043360187,0.0027548209366391185,0.0026109660574412533,0.0,13.0,13.0,84.64384195537784,94.4572028504721,92.0,92.0,380.0,380.0,0.046464713773455735,0.14885936509313735,0.22809,0.1,0,shared_overlap_visible_markers
b,363.0,0.5,383.0,0.2,20.0,-0.3010299956639812,-0.6989700043360187,0.0027548209366391185,0.0026109660574412533,0.0,13.0,13.0,87.40934476400048,94.4572028504721,94.0,92.0,384.0,380.0,0.06812356446259404,0.14885936509313735,0.24494,0.1,0,shared_overlap_visible_markers
b,363.0,1.0,383.0,0.2,20.0,0.0,-0.6989700043360187,0.0027548209366391185,0.0026109660574412533,1.0,13.0,12.0,89.86436687875724,94.4572028504721,98.0,92.0,389.0,380.0,0.09067629437091873,0.14885936509313735,0.24494,0.1,0,shared_overlap_visible_markers
b,363.0,2.0,383.0,0.2,20.0,0.3010299956639812,-0.6989700043360187,0.0027548209366391185,0.0026109660574412533,4.0,13.0,9.0,93.045388993514,94.4572028504721,112.0,92.0,397.0,380.0,0.1201995197194975,0.14885936509313735,0.26854,0.1,0,shared_overlap_visible_markers
b,363.0,5.0,383.0,0.2,20.0,0.6989700043360189,-0.6989700043360187,0.0027548209366391185,0.0026109660574412533,14.0,13.0,-1.0,99.44089180213665,94.4572028504721,148.0,92.0,408.0,380.0,0.17295930789812775,0.14885936509313735,0.26854,0.1,0,shared_overlap_visible_markers
b,363.0,10.0,383.0,0.2,20.0,1.0,-0.6989700043360187,0.0027548209366391185,0.0026109660574412533,16.0,13.0,-3.0,102.2589139168934,94.4572028504721,155.0,92.0,414.0,380.0,0.22573533264986623,0.14885936509313735,0.33034,0.1,0,shared_overlap_visible_markers
b,363.0,20.0,383.0,0.2,20.0,1.3010299956639813,-0.6989700043360187,0.0027548209366391185,0.0026109660574412533,38.0,13.0,-25.0,112.33693603165015,94.4572028504721,156.0,92.0,419.0,380.0,0.2915517620742485,0.14885936509313735,0.33034,0.1,0,shared_overlap_visible_markers
b,363.0,50.0,383.0,0.2,20.0,1.6989700043360187,-0.6989700043360187,0.0027548209366391185,0.0026109660574412533,95.0,13.0,-82.0,135.7934388402728,94.4572028504721,157.0,92.0,424.0,380.0,0.40018030391260007,0.14885936509313735,0.56966,0.123,1,shared_overlap_visible_markers
b,363.0,100.0,383.0,0.2,20.0,2.0,-0.6989700043360187,0.0027548209366391185,0.0026109660574412533,122.0,13.0,-109.0,147.6864609550296,94.4572028504721,156.0,92.0,427.0,380.0,0.497724419902549,0.14885936509313735,0.56966,0.123,1,shared_overlap_visible_markers
b,363.0,0.1,383.0,0.5,20.0,-1.0,-0.3010299956639812,0.0027548209366391185,0.0026109660574412533,0.0,14.0,14.0,82.55181984062106,97.7580749598453,92.0,94.0,377.0,384.0,0.03469962856629516,0.21259456914623753,0.27191,0.1,0,shared_overlap_visible_markers
b,363.0,0.2,383.0,0.5,20.0,-0.6989700043360187,-0.3010299956639812,0.0027548209366391185,0.0026109660574412533,0.0,14.0,14.0,84.64384195537784,97.7580749598453,92.0,94.0,380.0,384.0,0.046464713773455735,0.21259456914623753,0.27191,0.1,0,shared_overlap_visible_markers
b,363.0,0.5,383.0,0.5,20.0,-0.3010299956639812,-0.3010299956639812,0.0027548209366391185,0.0026109660574412533,0.0,14.0,14.0,87.40934476400048,97.7580749598453,94.0,94.0,384.0,384.0,0.06812356446259404,0.21259456914623753,0.30449,0.1,0,shared_overlap_visible_markers
b,363.0,1.0,383.0,0.5,20.0,0.0,-0.3010299956639812,0.0027548209366391185,0.0026109660574412533,1.0,14.0,13.0,89.86436687875724,97.7580749598453,98.0,94.0,389.0,384.0,0.09067629437091873,0.21259456914623753,0.30449,0.1,0,shared_overlap_visible_markers
b,363.0,2.0,383.0,0.5,20.0,0.3010299956639812,-0.3010299956639812,0.0027548209366391185,0.0026109660574412533,4.0,14.0,10.0,93.045388993514,97.7580749598453,112.0,94.0,397.0,384.0,0.1201995197194975,0.21259456914623753,0.30449,0.1,0,shared_overlap_visible_markers
b,363.0,5.0,383.0,0.5,20.0,0.6989700043360189,-0.3010299956639812,0.0027548209366391185,0.0026109660574412533,14.0,14.0,0.0,99.44089180213665,97.7580749598453,148.0,94.0,408.0,384.0,0.17295930789812775,0.21259456914623753,0.33202,0.1,0,shared_overlap_visible_markers
b,363.0,10.0,383.0,0.5,20.0,1.0,-0.3010299956639812,0.0027548209366391185,0.0026109660574412533,16.0,14.0,-2.0,102.2589139168934,97.7580749598453,155.0,94.0,414.0,384.0,0.22573533264986623,0.21259456914623753,0.33202,0.1,0,shared_overlap_visible_markers
b,363.0,20.0,383.0,0.5,20.0,1.3010299956639813,-0.3010299956639812,0.0027548209366391185,0.0026109660574412533,38.0,14.0,-24.0,112.33693603165015,97.7580749598453,156.0,94.0,419.0,384.0,0.2915517620742485,0.21259456914623753,0.33202,0.1,0,shared_overlap_visible_markers
b,363.0,50.0,383.0,0.5,20.0,1.6989700043360187,-0.3010299956639812,0.0027548209366391185,0.0026109660574412533,95.0,14.0,-81.0,135.7934388402728,97.7580749598453,157.0,94.0,424.0,384.0,0.40018030391260007,0.21259456914623753,0.55843,0.123,1,shared_overlap_visible_markers
b,363.0,100.0,383.0,0.5,20.0,2.0,-0.3010299956639812,0.0027548209366391185,0.0026109660574412533,122.0,14.0,-108.0,147.6864609550296,97.7580749598453,156.0,94.0,427.0,384.0,0.497724419902549,0.21259456914623753,0.55843,0.123,1,shared_overlap_visible_markers
b,363.0,0.1,383.0,1.0,20.0,-1.0,0.0,0.0027548209366391185,0.0026109660574412533,0.0,20.0,20.0,82.55181984062106,102.26336000103494,92.0,98.0,377.0,389.0,0.03469962856629516,0.27530543033820787,0.33371,0.1,0,shared_overlap_visible_markers
b,363.0,0.2,383.0,1.0,20.0,-0.6989700043360187,0.0,0.0027548209366391185,0.0026109660574412533,0.0,20.0,20.0,84.64384195537784,102.26336000103494,92.0,98.0,380.0,389.0,0.046464713773455735,0.27530543033820787,0.33371,0.1,0,shared_overlap_visible_markers
b,363.0,0.5,383.0,1.0,20.0,-0.3010299956639812,0.0,0.0027548209366391185,0.0026109660574412533,0.0,20.0,20.0,87.40934476400048,102.26336000103494,94.0,98.0,384.0,389.0,0.06812356446259404,0.27530543033820787,0.33371,0.1,0,shared_overlap_visible_markers
b,363.0,1.0,383.0,1.0,20.0,0.0,0.0,0.0027548209366391185,0.0026109660574412533,1.0,20.0,19.0,89.86436687875724,102.26336000103494,98.0,98.0,389.0,389.0,0.09067629437091873,0.27530543033820787,0.33371,0.1,0,shared_overlap_visible_markers
b,363.0,2.0,383.0,1.0,20.0,0.3010299956639812,0.0,0.0027548209366391185,0.0026109660574412533,4.0,20.0,16.0,93.045388993514,102.26336000103494,112.0,98.0,397.0,389.0,0.1201995197194975,0.27530543033820787,0.33371,0.1,0,shared_overlap_visible_markers
b,363.0,5.0,383.0,1.0,20.0,0.6989700043360189,0.0,0.0027548209366391185,0.0026109660574412533,14.0,20.0,6.0,99.44089180213665,102.26336000103494,148.0,98.0,408.0,389.0,0.17295930789812775,0.27530543033820787,0.34944,0.1,0,shared_overlap_visible_markers
b,363.0,10.0,383.0,1.0,20.0,1.0,0.0,0.0027548209366391185,0.0026109660574412533,16.0,20.0,4.0,102.2589139168934,102.26336000103494,155.0,98.0,414.0,389.0,0.22573533264986623,0.27530543033820787,0.34944,0.1,0,shared_overlap_visible_markers
b,363.0,20.0,383.0,1.0,20.0,1.3010299956639813,0.0,0.0027548209366391185,0.0026109660574412533,38.0,20.0,-18.0,112.33693603165015,102.26336000103494,156.0,98.0,419.0,389.0,0.2915517620742485,0.27530543033820787,0.34944,0.1,0,shared_overlap_visible_markers
b,363.0,50.0,383.0,1.0,20.0,1.6989700043360187,0.0,0.0027548209366391185,0.0026109660574412533,95.0,20.0,-75.0,135.7934388402728,102.26336000103494,157.0,98.0,424.0,389.0,0.40018030391260007,0.27530543033820787,0.34944,0.1,0,shared_overlap_visible_markers
b,363.0,100.0,383.0,1.0,20.0,2.0,0.0,0.0027548209366391185,0.0026109660574412533,122.0,20.0,-102.0,147.6864609550296,102.26336000103494,156.0,98.0,427.0,389.0,0.497724419902549,0.27530543033820787,0.34944,0.1,0,shared_overlap_visible_markers
b,363.0,0.1,383.0,2.0,20.0,-1.0,0.3010299956639812,0.0027548209366391185,0.0026109660574412533,0.0,45.0,45.0,82.55181984062106,114.04564504222456,92.0,112.0,377.0,397.0,0.03469962856629516,0.3519684805509413,0.40112,0.1,1,shared_overlap_visible_markers
b,363.0,0.2,383.0,2.0,20.0,-0.6989700043360187,0.3010299956639812,0.0027548209366391185,0.0026109660574412533,0.0,45.0,45.0,84.64384195537784,114.04564504222456,92.0,112.0,380.0,397.0,0.046464713773455735,0.3519684805509413,0.40112,0.1,1,shared_overlap_visible_markers
b,363.0,0.5,383.0,2.0,20.0,-0.3010299956639812,0.3010299956639812,0.0027548209366391185,0.0026109660574412533,0.0,45.0,45.0,87.40934476400048,114.04564504222456,94.0,112.0,384.0,397.0,0.06812356446259404,0.3519684805509413,0.41685,0.1,1,shared_overlap_visible_markers
b,363.0,1.0,383.0,2.0,20.0,0.0,0.3010299956639812,0.0027548209366391185,0.0026109660574412533,1.0,45.0,44.0,89.86436687875724,114.04564504222456,98.0,112.0,389.0,397.0,0.09067629437091873,0.3519684805509413,0.41685,0.1,1,shared_overlap_visible_markers
b,363.0,2.0,383.0,2.0,20.0,0.3010299956639812,0.3010299956639812,0.0027548209366391185,0.0026109660574412533,4.0,45.0,41.0,93.045388993514,114.04564504222456,112.0,112.0,397.0,397.0,0.1201995197194975,0.3519684805509413,0.44157,0.1,1,shared_overlap_visible_markers
b,363.0,5.0,383.0,2.0,20.0,0.6989700043360189,0.3010299956639812,0.0027548209366391185,0.0026109660574412533,14.0,45.0,31.0,99.44089180213665,114.04564504222456,148.0,112.0,408.0,397.0,0.17295930789812775,0.3519684805509413,0.44157,0.1,1,shared_overlap_visible_markers
b,363.0,10.0,383.0,2.0,20.0,1.0,0.3010299956639812,0.0027548209366391185,0.0026109660574412533,16.0,45.0,29.0,102.2589139168934,114.04564504222456,155.0,112.0,414.0,397.0,0.22573533264986623,0.3519684805509413,0.47828,0.1,1,shared_overlap_visible_markers
b,363.0,20.0,383.0,2.0,20.0,1.3010299956639813,0.3010299956639812,0.0027548209366391185,0.0026109660574412533,38.0,45.0,7.0,112.33693603165015,114.04564504222456,156.0,112.0,419.0,397.0,0.2915517620742485,0.3519684805509413,0.47828,0.1,1,shared_overlap_visible_markers
b,363.0,50.0,383.0,2.0,20.0,1.6989700043360187,0.3010299956639812,0.0027548209366391185,0.0026109660574412533,95.0,45.0,-50.0,135.7934388402728,114.04564504222456,157.0,112.0,424.0,397.0,0.40018030391260007,0.3519684805509413,0.52809,0.123,1,shared_overlap_visible_markers
b,363.0,100.0,383.0,2.0,20.0,2.0,0.3010299956639812,0.0027548209366391185,0.0026109660574412533,122.0,45.0,-77.0,147.6864609550296,114.04564504222456,156.0,112.0,427.0,397.0,0.497724419902549,0.3519684805509413,0.52809,0.123,1,shared_overlap_visible_markers
b,363.0,0.1,383.0,5.0,20.0,-1.0,0.6989700043360189,0.0027548209366391185,0.0026109660574412533,0.0,132.0,132.0,82.55181984062106,150.2845171515978,92.0,148.0,377.0,408.0,0.03469962856629516,0.4744495689020165,0.45843,0.1,1,shared_overlap_visible_markers
b,363.0,0.2,383.0,5.0,20.0,-0.6989700043360187,0.6989700043360189,0.0027548209366391185,0.0026109660574412533,0.0,132.0,132.0,84.64384195537784,150.2845171515978,92.0,148.0,380.0,408.0,0.046464713773455735,0.4744495689020165,0.45843,0.1,1,shared_overlap_visible_markers
b,363.0,0.5,383.0,5.0,20.0,-0.3010299956639812,0.6989700043360189,0.0027548209366391185,0.0026109660574412533,0.0,132.0,132.0,87.40934476400048,150.2845171515978,94.0,148.0,384.0,408.0,0.06812356446259404,0.4744495689020165,0.4809,0.1,1,shared_overlap_visible_markers
b,363.0,1.0,383.0,5.0,20.0,0.0,0.6989700043360189,0.0027548209366391185,0.0026109660574412533,1.0,132.0,131.0,89.86436687875724,150.2845171515978,98.0,148.0,389.0,408.0,0.09067629437091873,0.4744495689020165,0.4809,0.1,1,shared_overlap_visible_markers
b,363.0,2.0,383.0,5.0,20.0,0.3010299956639812,0.6989700043360189,0.0027548209366391185,0.0026109660574412533,4.0,132.0,128.0,93.045388993514,150.2845171515978,112.0,148.0,397.0,408.0,0.1201995197194975,0.4744495689020165,0.4809,0.1,1,shared_overlap_visible_markers
b,363.0,5.0,383.0,5.0,20.0,0.6989700043360189,0.6989700043360189,0.0027548209366391185,0.0026109660574412533,14.0,132.0,118.0,99.44089180213665,150.2845171515978,148.0,148.0,408.0,408.0,0.17295930789812775,0.4744495689020165,0.49438,0.1,1,shared_overlap_visible_markers
b,363.0,10.0,383.0,5.0,20.0,1.0,0.6989700043360189,0.0027548209366391185,0.0026109660574412533,16.0,132.0,116.0,102.2589139168934,150.2845171515978,155.0,148.0,414.0,408.0,0.22573533264986623,0.4744495689020165,0.49438,0.1,1,shared_overlap_visible_markers
b,363.0,20.0,383.0,5.0,20.0,1.3010299956639813,0.6989700043360189,0.0027548209366391185,0.0026109660574412533,38.0,132.0,94.0,112.33693603165015,150.2845171515978,156.0,148.0,419.0,408.0,0.2915517620742485,0.4744495689020165,0.49438,0.1,1,shared_overlap_visible_markers
b,363.0,50.0,383.0,5.0,20.0,1.6989700043360187,0.6989700043360189,0.0027548209366391185,0.0026109660574412533,95.0,132.0,37.0,135.7934388402728,150.2845171515978,157.0,148.0,424.0,408.0,0.40018030391260007,0.4744495689020165,0.53315,0.123,1,shared_overlap_visible_markers
b,363.0,100.0,383.0,5.0,20.0,2.0,0.6989700043360189,0.0027548209366391185,0.0026109660574412533,122.0,132.0,10.0,147.6864609550296,150.2845171515978,156.0,148.0,427.0,408.0,0.497724419902549,0.4744495689020165,0.53315,0.123,1,shared_overlap_visible_markers
b,363.0,0.1,383.0,10.0,20.0,-1.0,1.0,0.0027548209366391185,0.0026109660574412533,0.0,158.0,158.0,82.55181984062106,162.44980219278744,92.0,155.0,377.0,414.0,0.03469962856629516,0.5796584374693803,0.50449,0.1,1,shared_overlap_visible_markers
b,363.0,0.2,383.0,10.0,20.0,-0.6989700043360187,1.0,0.0027548209366391185,0.0026109660574412533,0.0,158.0,158.0,84.64384195537784,162.44980219278744,92.0,155.0,380.0,414.0,0.046464713773455735,0.5796584374693803,0.50449,0.1,1,shared_overlap_visible_markers
b,363.0,0.5,383.0,10.0,20.0,-0.3010299956639812,1.0,0.0027548209366391185,0.0026109660574412533,0.0,158.0,158.0,87.40934476400048,162.44980219278744,94.0,155.0,384.0,414.0,0.06812356446259404,0.5796584374693803,0.50449,0.1,1,shared_overlap_visible_markers
b,363.0,1.0,383.0,10.0,20.0,0.0,1.0,0.0027548209366391185,0.0026109660574412533,1.0,158.0,157.0,89.86436687875724,162.44980219278744,98.0,155.0,389.0,414.0,0.09067629437091873,0.5796584374693803,0.50449,0.1,1,shared_overlap_visible_markers
b,363.0,2.0,383.0,10.0,20.0,0.3010299956639812,1.0,0.0027548209366391185,0.0026109660574412533,4.0,158.0,154.0,93.045388993514,162.44980219278744,112.0,155.0,397.0,414.0,0.1201995197194975,0.5796584374693803,0.50449,0.1,1,shared_overlap_visible_markers
b,363.0,5.0,383.0,10.0,20.0,0.6989700043360189,1.0,0.0027548209366391185,0.0026109660574412533,14.0,158.0,144.0,99.44089180213665,162.44980219278744,148.0,155.0,408.0,414.0,0.17295930789812775,0.5796584374693803,0.53708,0.123,1,shared_overlap_visible_markers
b,363.0,10.0,383.0,10.0,20.0,1.0,1.0,0.0027548209366391185,0.0026109660574412533,16.0,158.0,142.0,102.2589139168934,162.44980219278744,155.0,155.0,414.0,414.0,0.22573533264986623,0.5796584374693803,0.53708,0.123,1,shared_overlap_visible_markers
b,363.0,20.0,383.0,10.0,20.0,1.3010299956639813,1.0,0.0027548209366391185,0.0026109660574412533,38.0,158.0,120.0,112.33693603165015,162.44980219278744,156.0,155.0,419.0,414.0,0.2915517620742485,0.5796584374693803,0.53708,0.123,1,shared_overlap_visible_markers
b,363.0,50.0,383.0,10.0,20.0,1.6989700043360187,1.0,0.0027548209366391185,0.0026109660574412533,95.0,158.0,63.0,135.7934388402728,162.44980219278744,157.0,155.0,424.0,414.0,0.40018030391260007,0.5796584374693803,0.53708,0.123,1,shared_overlap_visible_markers
b,363.0,100.0,383.0,10.0,20.0,2.0,1.0,0.0027548209366391185,0.0026109660574412533,122.0,158.0,36.0,147.6864609550296,162.44980219278744,156.0,155.0,427.0,414.0,0.497724419902549,0.5796584374693803,0.53708,0.123,1,shared_overlap_visible_markers
b,363.0,0.1,383.0,20.0,20.0,-1.0,1.3010299956639813,0.0027548209366391185,0.0026109660574412533,0.0,163.0,163.0,82.55181984062106,166.57208723397704,92.0,156.0,377.0,419.0,0.03469962856629516,0.6888968370811791,0.54382,0.123,1,shared_overlap_visible_markers
b,363.0,0.2,383.0,20.0,20.0,-0.6989700043360187,1.3010299956639813,0.0027548209366391185,0.0026109660574412533,0.0,163.0,163.0,84.64384195537784,166.57208723397704,92.0,156.0,380.0,419.0,0.046464713773455735,0.6888968370811791,0.54382,0.123,1,shared_overlap_visible_markers
b,363.0,0.5,383.0,20.0,20.0,-0.3010299956639812,1.3010299956639813,0.0027548209366391185,0.0026109660574412533,0.0,163.0,163.0,87.40934476400048,166.57208723397704,94.0,156.0,384.0,419.0,0.06812356446259404,0.6888968370811791,0.54382,0.123,1,shared_overlap_visible_markers
b,363.0,1.0,383.0,20.0,20.0,0.0,1.3010299956639813,0.0027548209366391185,0.0026109660574412533,1.0,163.0,162.0,89.86436687875724,166.57208723397704,98.0,156.0,389.0,419.0,0.09067629437091873,0.6888968370811791,0.54382,0.123,1,shared_overlap_visible_markers
b,363.0,2.0,383.0,20.0,20.0,0.3010299956639812,1.3010299956639813,0.0027548209366391185,0.0026109660574412533,4.0,163.0,159.0,93.045388993514,166.57208723397704,112.0,156.0,397.0,419.0,0.1201995197194975,0.6888968370811791,0.54382,0.123,1,shared_overlap_visible_markers
b,363.0,5.0,383.0,20.0,20.0,0.6989700043360189,1.3010299956639813,0.0027548209366391185,0.0026109660574412533,14.0,163.0,149.0,99.44089180213665,166.57208723397704,148.0,156.0,408.0,419.0,0.17295930789812775,0.6888968370811791,0.56629,0.123,1,shared_overlap_visible_markers
b,363.0,10.0,383.0,20.0,20.0,1.0,1.3010299956639813,0.0027548209366391185,0.0026109660574412533,16.0,163.0,147.0,102.2589139168934,166.57208723397704,155.0,156.0,414.0,419.0,0.22573533264986623,0.6888968370811791,0.56629,0.123,1,shared_overlap_visible_markers
b,363.0,20.0,383.0,20.0,20.0,1.3010299956639813,1.3010299956639813,0.0027548209366391185,0.0026109660574412533,38.0,163.0,125.0,112.33693603165015,166.57208723397704,156.0,156.0,419.0,419.0,0.2915517620742485,0.6888968370811791,0.56629,0.123,1,shared_overlap_visible_markers
b,363.0,50.0,383.0,20.0,20.0,1.6989700043360187,1.3010299956639813,0.0027548209366391185,0.0026109660574412533,95.0,163.0,68.0,135.7934388402728,166.57208723397704,157.0,156.0,424.0,419.0,0.40018030391260007,0.6888968370811791,0.56629,0.123,1,shared_overlap_visible_markers
b,363.0,100.0,383.0,20.0,20.0,2.0,1.3010299956639813,0.0027548209366391185,0.0026109660574412533,122.0,163.0,41.0,147.6864609550296,166.57208723397704,156.0,156.0,427.0,419.0,0.497724419902549,0.6888968370811791,0.56629,0.123,1,shared_overlap_visible_markers
b,363.0,0.1,383.0,50.0,20.0,-1.0,1.6989700043360187,0.0027548209366391185,0.0026109660574412533,0.0,157.0,157.0,82.55181984062106,167.19195934335025,92.0,157.0,377.0,424.0,0.03469962856629516,0.8229793525209876,0.60562,0.133,1,shared_overlap_visible_markers
b,363.0,0.2,383.0,50.0,20.0,-0.6989700043360187,1.6989700043360187,0.0027548209366391185,0.0026109660574412533,0.0,157.0,157.0,84.64384195537784,167.19195934335025,92.0,157.0,380.0,424.0,0.046464713773455735,0.8229793525209876,0.60562,0.133,1,shared_overlap_visible_markers
b,363.0,0.5,383.0,50.0,20.0,-0.3010299956639812,1.6989700043360187,0.0027548209366391185,0.0026109660574412533,0.0,157.0,157.0,87.40934476400048,167.19195934335025,94.0,157.0,384.0,424.0,0.06812356446259404,0.8229793525209876,0.60562,0.133,1,shared_overlap_visible_markers
b,363.0,1.0,383.0,50.0,20.0,0.0,1.6989700043360187,0.0027548209366391185,0.0026109660574412533,1.0,157.0,156.0,89.86436687875724,167.19195934335025,98.0,157.0,389.0,424.0,0.09067629437091873,0.8229793525209876,0.60562,0.133,1,shared_overlap_visible_markers
b,363.0,2.0,383.0,50.0,20.0,0.3010299956639812,1.6989700043360187,0.0027548209366391185,0.0026109660574412533,4.0,157.0,153.0,93.045388993514,167.19195934335025,112.0,157.0,397.0,424.0,0.1201995197194975,0.8229793525209876,0.60562,0.133,1,shared_overlap_visible_markers
b,363.0,5.0,383.0,50.0,20.0,0.6989700043360189,1.6989700043360187,0.0027548209366391185,0.0026109660574412533,14.0,157.0,143.0,99.44089180213665,167.19195934335025,148.0,157.0,408.0,424.0,0.17295930789812775,0.8229793525209876,0.60674,0.133,1,shared_overlap_visible_markers
b,363.0,10.0,383.0,50.0,20.0,1.0,1.6989700043360187,0.0027548209366391185,0.0026109660574412533,16.0,157.0,141.0,102.2589139168934,167.19195934335025,155.0,157.0,414.0,424.0,0.22573533264986623,0.8229793525209876,0.60674,0.133,1,shared_overlap_visible_markers
b,363.0,20.0,383.0,50.0,20.0,1.3010299956639813,1.6989700043360187,0.0027548209366391185,0.0026109660574412533,38.0,157.0,119.0,112.33693603165015,167.19195934335025,156.0,157.0,419.0,424.0,0.2915517620742485,0.8229793525209876,0.60674,0.133,1,shared_overlap_visible_markers
b,363.0,50.0,383.0,50.0,20.0,1.6989700043360187,1.6989700043360187,0.0027548209366391185,0.0026109660574412533,95.0,157.0,62.0,135.7934388402728,167.19195934335025,157.0,157.0,424.0,424.0,0.40018030391260007,0.8229793525209876,0.60674,0.133,1,shared_overlap_visible_markers
b,363.0,100.0,383.0,50.0,20.0,2.0,1.6989700043360187,0.0027548209366391185,0.0026109660574412533,122.0,157.0,35.0,147.6864609550296,167.19195934335025,156.0,157.0,427.0,424.0,0.497724419902549,0.8229793525209876,0.60674,0.133,1,shared_overlap_visible_markers
b,363.0,0.1,383.0,100.0,20.0,-1.0,2.0,0.0027548209366391185,0.0026109660574412533,0.0,157.0,157.0,82.55181984062106,169.3992443845399,92.0,156.0,377.0,427.0,0.03469962856629516,0.9029685363075911,0.64831,0.133,1,shared_overlap_visible_markers
b,363.0,0.2,383.0,100.0,20.0,-0.6989700043360187,2.0,0.0027548209366391185,0.0026109660574412533,0.0,157.0,157.0,84.64384195537784,169.3992443845399,92.0,156.0,380.0,427.0,0.046464713773455735,0.9029685363075911,0.64831,0.133,1,shared_overlap_visible_markers
b,363.0,0.5,383.0,100.0,20.0,-0.3010299956639812,2.0,0.0027548209366391185,0.0026109660574412533,0.0,157.0,157.0,87.40934476400048,169.3992443845399,94.0,156.0,384.0,427.0,0.06812356446259404,0.9029685363075911,0.64831,0.133,1,shared_overlap_visible_markers
b,363.0,1.0,383.0,100.0,20.0,0.0,2.0,0.0027548209366391185,0.0026109660574412533,1.0,157.0,156.0,89.86436687875724,169.3992443845399,98.0,156.0,389.0,427.0,0.09067629437091873,0.9029685363075911,0.64831,0.133,1,shared_overlap_visible_markers
b,363.0,2.0,383.0,100.0,20.0,0.3010299956639812,2.0,0.0027548209366391185,0.0026109660574412533,4.0,157.0,153.0,93.045388993514,169.3992443845399,112.0,156.0,397.0,427.0,0.1201995197194975,0.9029685363075911,0.64831,0.133,1,shared_overlap_visible_markers
b,363.0,5.0,383.0,100.0,20.0,0.6989700043360189,2.0,0.0027548209366391185,0.0026109660574412533,14.0,157.0,143.0,99.44089180213665,169.3992443845399,148.0,156.0,408.0,427.0,0.17295930789812775,0.9029685363075911,0.64831,0.133,1,shared_overlap_visible_markers
b,363.0,10.0,383.0,100.0,20.0,1.0,2.0,0.0027548209366391185,0.0026109660574412533,16.0,157.0,141.0,102.2589139168934,169.3992443845399,155.0,156.0,414.0,427.0,0.22573533264986623,0.9029685363075911,0.64831,0.133,1,shared_overlap_visible_markers
b,363.0,20.0,383.0,100.0,20.0,1.3010299956639813,2.0,0.0027548209366391185,0.0026109660574412533,38.0,157.0,119.0,112.33693603165015,169.3992443845399,156.0,156.0,419.0,427.0,0.2915517620742485,0.9029685363075911,0.64831,0.133,1,shared_overlap_visible_markers
b,363.0,50.0,383.0,100.0,20.0,1.6989700043360187,2.0,0.0027548209366391185,0.0026109660574412533,95.0,157.0,62.0,135.7934388402728,169.3992443845399,157.0,156.0,424.0,427.0,0.40018030391260007,0.9029685363075911,0.64831,0.133,1,shared_overlap_visible_markers
b,363.0,100.0,383.0,100.0,20.0,2.0,2.0,0.0027548209366391185,0.0026109660574412533,122.0,157.0,35.0,147.6864609550296,169.3992443845399,156.0,156.0,427.0,427.0,0.497724419902549,0.9029685363075911,0.64831,0.133,1,shared_overlap_visible_markers
b,363.0,0.1,383.0,200.0,20.0,-1.0,2.3010299956639813,0.0027548209366391185,0.0026109660574412533,0.0,154.0,154.0,82.55181984062106,170.45752942572955,92.0,155.0,377.0,430.0,0.03469962856629516,0.9568347147679082,0.66404,0.143,1,shared_overlap_visible_markers
b,363.0,0.2,383.0,200.0,20.0,-0.6989700043360187,2.3010299956639813,0.0027548209366391185,0.0026109660574412533,0.0,154.0,154.0,84.64384195537784,170.45752942572955,92.0,155.0,380.0,430.0,0.046464713773455735,0.9568347147679082,0.66404,0.143,1,shared_overlap_visible_markers
b,363.0,0.5,383.0,200.0,20.0,-0.3010299956639812,2.3010299956639813,0.0027548209366391185,0.0026109660574412533,0.0,154.0,154.0,87.40934476400048,170.45752942572955,94.0,155.0,384.0,430.0,0.06812356446259404,0.9568347147679082,0.66404,0.143,1,shared_overlap_visible_markers
b,363.0,1.0,383.0,200.0,20.0,0.0,2.3010299956639813,0.0027548209366391185,0.0026109660574412533,1.0,154.0,153.0,89.86436687875724,170.45752942572955,98.0,155.0,389.0,430.0,0.09067629437091873,0.9568347147679082,0.66404,0.143,1,shared_overlap_visible_markers
b,363.0,2.0,383.0,200.0,20.0,0.3010299956639812,2.3010299956639813,0.0027548209366391185,0.0026109660574412533,4.0,154.0,150.0,93.045388993514,170.45752942572955,112.0,155.0,397.0,430.0,0.1201995197194975,0.9568347147679082,0.66404,0.143,1,shared_overlap_visible_markers
b,363.0,5.0,383.0,200.0,20.0,0.6989700043360189,2.3010299956639813,0.0027548209366391185,0.0026109660574412533,14.0,154.0,140.0,99.44089180213665,170.45752942572955,148.0,155.0,408.0,430.0,0.17295930789812775,0.9568347147679082,0.66404,0.143,1,shared_overlap_visible_markers
b,363.0,10.0,383.0,200.0,20.0,1.0,2.3010299956639813,0.0027548209366391185,0.0026109660574412533,16.0,154.0,138.0,102.2589139168934,170.45752942572955,155.0,155.0,414.0,430.0,0.22573533264986623,0.9568347147679082,0.66404,0.143,1,shared_overlap_visible_markers
b,363.0,20.0,383.0,200.0,20.0,1.3010299956639813,2.3010299956639813,0.0027548209366391185,0.0026109660574412533,38.0,154.0,116.0,112.33693603165015,170.45752942572955,156.0,155.0,419.0,430.0,0.2915517620742485,0.9568347147679082,0.66404,0.143,1,shared_overlap_visible_markers
b,363.0,50.0,383.0,200.0,20.0,1.6989700043360187,2.3010299956639813,0.0027548209366391185,0.0026109660574412533,95.0,154.0,59.0,135.7934388402728,170.45752942572955,157.0,155.0,424.0,430.0,0.40018030391260007,0.9568347147679082,0.66404,0.143,1,shared_overlap_visible_markers
b,363.0,100.0,383.0,200.0,20.0,2.0,2.3010299956639813,0.0027548209366391185,0.0026109660574412533,122.0,154.0,32.0,147.6864609550296,170.45752942572955,156.0,155.0,427.0,430.0,0.497724419902549,0.9568347147679082,0.66404,0.143,1,shared_overlap_visible_markers
b,363.0,0.1,383.0,500.0,20.0,-1.0,2.6989700043360187,0.0027548209366391185,0.0026109660574412533,0.0,153.0,153.0,82.55181984062106,172.99240153510274,92.0,155.0,377.0,432.0,0.03469962856629516,0.9905369698851628,0.68652,0.143,1,shared_overlap_visible_markers
b,363.0,0.2,383.0,500.0,20.0,-0.6989700043360187,2.6989700043360187,0.0027548209366391185,0.0026109660574412533,0.0,153.0,153.0,84.64384195537784,172.99240153510274,92.0,155.0,380.0,432.0,0.046464713773455735,0.9905369698851628,0.68652,0.143,1,shared_overlap_visible_markers
b,363.0,0.5,383.0,500.0,20.0,-0.3010299956639812,2.6989700043360187,0.0027548209366391185,0.0026109660574412533,0.0,153.0,153.0,87.40934476400048,172.99240153510274,94.0,155.0,384.0,432.0,0.06812356446259404,0.9905369698851628,0.68652,0.143,1,shared_overlap_visible_markers
b,363.0,1.0,383.0,500.0,20.0,0.0,2.6989700043360187,0.0027548209366391185,0.0026109660574412533,1.0,153.0,152.0,89.86436687875724,172.99240153510274,98.0,155.0,389.0,432.0,0.09067629437091873,0.9905369698851628,0.68652,0.143,1,shared_overlap_visible_markers
b,363.0,2.0,383.0,500.0,20.0,0.3010299956639812,2.6989700043360187,0.0027548209366391185,0.0026109660574412533,4.0,153.0,149.0,93.045388993514,172.99240153510274,112.0,155.0,397.0,432.0,0.1201995197194975,0.9905369698851628,0.68652,0.143,1,shared_overlap_visible_markers
b,363.0,5.0,383.0,500.0,20.0,0.6989700043360189,2.6989700043360187,0.0027548209366391185,0.0026109660574412533,14.0,153.0,139.0,99.44089180213665,172.99240153510274,148.0,155.0,408.0,432.0,0.17295930789812775,0.9905369698851628,0.68652,0.143,1,shared_overlap_visible_markers
b,363.0,10.0,383.0,500.0,20.0,1.0,2.6989700043360187,0.0027548209366391185,0.0026109660574412533,16.0,153.0,137.0,102.2589139168934,172.99240153510274,155.0,155.0,414.0,432.0,0.22573533264986623,0.9905369698851628,0.68652,0.143,1,shared_overlap_visible_markers
b,363.0,20.0,383.0,500.0,20.0,1.3010299956639813,2.6989700043360187,0.0027548209366391185,0.0026109660574412533,38.0,153.0,115.0,112.33693603165015,172.99240153510274,156.0,155.0,419.0,432.0,0.2915517620742485,0.9905369698851628,0.68652,0.143,1,shared_overlap_visible_markers
b,363.0,50.0,383.0,500.0,20.0,1.6989700043360187,2.6989700043360187,0.0027548209366391185,0.0026109660574412533,95.0,153.0,58.0,135.7934388402728,172.99240153510274,157.0,155.0,424.0,432.0,0.40018030391260007,0.9905369698851628,0.68652,0.143,1,shared_overlap_visible_markers
b,363.0,100.0,383.0,500.0,20.0,2.0,2.6989700043360187,0.0027548209366391185,0.0026109660574412533,122.0,153.0,31.0,147.6864609550296,172.99240153510274,156.0,155.0,427.0,432.0,0.497724419902549,0.9905369698851628,0.68652,0.143,1,shared_overlap_visible_markers
b,363.0,0.1,383.0,1000.0,20.0,-1.0,3.0,0.0027548209366391185,0.0026109660574412533,0.0,157.0,157.0,82.55181984062106,176.7316865762924,92.0,156.0,377.0,433.0,0.03469962856629516,0.9981239692321205,0.68371,0.143,1,shared_overlap_visible_markers
b,363.0,0.2,383.0,1000.0,20.0,-0.6989700043360187,3.0,0.0027548209366391185,0.0026109660574412533,0.0,157.0,157.0,84.64384195537784,176.7316865762924,92.0,156.0,380.0,433.0,0.046464713773455735,0.9981239692321205,0.68371,0.143,1,shared_overlap_visible_markers
b,363.0,0.5,383.0,1000.0,20.0,-0.3010299956639812,3.0,0.0027548209366391185,0.0026109660574412533,0.0,157.0,157.0,87.40934476400048,176.7316865762924,94.0,156.0,384.0,433.0,0.06812356446259404,0.9981239692321205,0.68371,0.143,1,shared_overlap_visible_markers
b,363.0,1.0,383.0,1000.0,20.0,0.0,3.0,0.0027548209366391185,0.0026109660574412533,1.0,157.0,156.0,89.86436687875724,176.7316865762924,98.0,156.0,389.0,433.0,0.09067629437091873,0.9981239692321205,0.68371,0.143,1,shared_overlap_visible_markers
b,363.0,2.0,383.0,1000.0,20.0,0.3010299956639812,3.0,0.0027548209366391185,0.0026109660574412533,4.0,157.0,153.0,93.045388993514,176.7316865762924,112.0,156.0,397.0,433.0,0.1201995197194975,0.9981239692321205,0.68371,0.143,1,shared_overlap_visible_markers
b,363.0,5.0,383.0,1000.0,20.0,0.6989700043360189,3.0,0.0027548209366391185,0.0026109660574412533,14.0,157.0,143.0,99.44089180213665,176.7316865762924,148.0,156.0,408.0,433.0,0.17295930789812775,0.9981239692321205,0.68427,0.143,1,shared_overlap_visible_markers
b,363.0,10.0,383.0,1000.0,20.0,1.0,3.0,0.0027548209366391185,0.0026109660574412533,16.0,157.0,141.0,102.2589139168934,176.7316865762924,155.0,156.0,414.0,433.0,0.22573533264986623,0.9981239692321205,0.68427,0.143,1,shared_overlap_visible_markers
b,363.0,20.0,383.0,1000.0,20.0,1.3010299956639813,3.0,0.0027548209366391185,0.0026109660574412533,38.0,157.0,119.0,112.33693603165015,176.7316865762924,156.0,156.0,419.0,433.0,0.2915517620742485,0.9981239692321205,0.68427,0.143,1,shared_overlap_visible_markers
b,363.0,50.0,383.0,1000.0,20.0,1.6989700043360187,3.0,0.0027548209366391185,0.0026109660574412533,95.0,157.0,62.0,135.7934388402728,176.7316865762924,157.0,156.0,424.0,433.0,0.40018030391260007,0.9981239692321205,0.68427,0.143,1,shared_overlap_visible_markers
b,363.0,100.0,383.0,1000.0,20.0,2.0,3.0,0.0027548209366391185,0.0026109660574412533,122.0,157.0,35.0,147.6864609550296,176.7316865762924,156.0,156.0,427.0,433.0,0.497724419902549,0.9981239692321205,0.68427,0.143,1,shared_overlap_visible_markers
c,373.0,0.1,383.0,0.1,10.0,-1.0,-1.0,0.002680965147453083,0.0026109660574412533,2.0,12.0,10.0,85.65625415217451,91.86691780928244,92.0,92.0,377.0,377.0,0.06393688597154112,0.11275684293123789,0.19663,0.057,0,shared_overlap_visible_markers
c,373.0,0.2,383.0,0.1,10.0,-0.6989700043360187,-1.0,0.002680965147453083,0.0026109660574412533,2.0,12.0,10.0,87.80590773014772,91.86691780928244,92.0,92.0,380.0,377.0,0.08516807806454108,0.11275684293123789,0.24045,0.057,0,shared_overlap_visible_markers
c,373.0,0.5,383.0,0.1,10.0,-0.3010299956639812,-1.0,0.002680965147453083,0.0026109660574412533,3.0,12.0,9.0,91.02059518914565,91.86691780928244,94.0,92.0,384.0,377.0,0.12365982805969689,0.11275684293123789,0.2809,0.057,0,shared_overlap_visible_markers
c,373.0,1.0,383.0,0.1,10.0,0.0,-1.0,0.002680965147453083,0.0026109660574412533,5.0,12.0,7.0,93.91624876711884,91.86691780928244,98.0,92.0,389.0,377.0,0.1629203883894238,0.11275684293123789,0.3191,0.057,0,shared_overlap_visible_markers
c,373.0,2.0,383.0,0.1,10.0,0.3010299956639812,-1.0,0.002680965147453083,0.0026109660574412533,8.0,12.0,4.0,97.18490234509204,91.86691780928244,112.0,92.0,397.0,377.0,0.21304700712026226,0.11275684293123789,0.39101,0.057,0,shared_overlap_visible_markers
c,373.0,5.0,383.0,0.1,10.0,0.6989700043360189,-1.0,0.002680965147453083,0.0026109660574412533,25.0,12.0,-13.0,106.36758980408997,91.86691780928244,148.0,92.0,408.0,377.0,0.2990264484455367,0.11275684293123789,0.39101,0.057,0,shared_overlap_visible_markers
c,373.0,10.0,383.0,0.1,10.0,1.0,-1.0,0.002680965147453083,0.0026109660574412533,82.0,12.0,-70.0,129.77824338206318,91.86691780928244,155.0,92.0,414.0,377.0,0.38038195427221255,0.11275684293123789,0.44382,0.057,1,shared_overlap_visible_markers
c,373.0,20.0,383.0,0.1,10.0,1.3010299956639813,-1.0,0.002680965147453083,0.0026109660574412533,127.0,12.0,-115.0,148.71289696003637,91.86691780928244,156.0,92.0,419.0,377.0,0.475261957765561,0.11275684293123789,0.51011,0.087,1,shared_overlap_visible_markers
c,373.0,50.0,383.0,0.1,10.0,1.6989700043360187,-1.0,0.002680965147453083,0.0026109660574412533,144.0,12.0,-132.0,157.89558441903426,91.86691780928244,157.0,92.0,424.0,377.0,0.6156732865520889,0.11275684293123789,0.59326,0.1,1,shared_overlap_visible_markers
c,373.0,100.0,383.0,0.1,10.0,2.0,-1.0,0.002680965147453083,0.0026109660574412533,144.0,12.0,-132.0,160.0452379970075,91.86691780928244,156.0,92.0,427.0,377.0,0.7242632412232468,0.11275684293123789,0.64607,0.108,1,shared_overlap_visible_markers
c,373.0,0.1,383.0,0.2,10.0,-1.0,-0.6989700043360187,0.002680965147453083,0.0026109660574412533,2.0,13.0,11.0,85.65625415217451,94.4572028504721,92.0,92.0,377.0,380.0,0.06393688597154112,0.14885936509313735,0.21629,0.057,0,direct_10_visible_markers
c,373.0,0.2,383.0,0.2,10.0,-0.6989700043360187,-0.6989700043360187,0.002680965147453083,0.0026109660574412533,2.0,13.0,11.0,87.80590773014772,94.4572028504721,92.0,92.0,380.0,380.0,0.08516807806454108,0.14885936509313735,0.23146,0.057,0,direct_10_visible_markers
c,373.0,0.5,383.0,0.2,10.0,-0.3010299956639812,-0.6989700043360187,0.002680965147453083,0.0026109660574412533,3.0,13.0,10.0,91.02059518914565,94.4572028504721,94.0,92.0,384.0,380.0,0.12365982805969689,0.14885936509313735,0.2573,0.057,0,direct_10_visible_markers
c,373.0,1.0,383.0,0.2,10.0,0.0,-0.6989700043360187,0.002680965147453083,0.0026109660574412533,5.0,13.0,8.0,93.91624876711884,94.4572028504721,98.0,92.0,389.0,380.0,0.1629203883894238,0.14885936509313735,0.28652,0.057,0,direct_10_visible_markers
c,373.0,2.0,383.0,0.2,10.0,0.3010299956639812,-0.6989700043360187,0.002680965147453083,0.0026109660574412533,8.0,13.0,5.0,97.18490234509204,94.4572028504721,112.0,92.0,397.0,380.0,0.21304700712026226,0.14885936509313735,0.31742,0.057,0,direct_10_visible_markers
c,373.0,5.0,383.0,0.2,10.0,0.6989700043360189,-0.6989700043360187,0.002680965147453083,0.0026109660574412533,25.0,13.0,-12.0,106.36758980408997,94.4572028504721,148.0,92.0,408.0,380.0,0.2990264484455367,0.14885936509313735,0.39101,0.057,0,direct_10_visible_markers
c,373.0,10.0,383.0,0.2,10.0,1.0,-0.6989700043360187,0.002680965147453083,0.0026109660574412533,82.0,13.0,-69.0,129.77824338206318,94.4572028504721,155.0,92.0,414.0,380.0,0.38038195427221255,0.14885936509313735,0.43596,0.057,1,direct_10_visible_markers
c,373.0,20.0,383.0,0.2,10.0,1.3010299956639813,-0.6989700043360187,0.002680965147453083,0.0026109660574412533,127.0,13.0,-114.0,148.71289696003637,94.4572028504721,156.0,92.0,419.0,380.0,0.475261957765561,0.14885936509313735,0.50562,0.087,1,direct_10_visible_markers
c,373.0,50.0,383.0,0.2,10.0,1.6989700043360187,-0.6989700043360187,0.002680965147453083,0.0026109660574412533,144.0,13.0,-131.0,157.89558441903426,94.4572028504721,157.0,92.0,424.0,380.0,0.6156732865520889,0.14885936509313735,0.58539,0.1,1,direct_10_visible_markers
c,373.0,100.0,383.0,0.2,10.0,2.0,-0.6989700043360187,0.002680965147453083,0.0026109660574412533,144.0,13.0,-131.0,160.0452379970075,94.4572028504721,156.0,92.0,427.0,380.0,0.7242632412232468,0.14885936509313735,0.64045,0.108,1,direct_10_visible_markers
c,373.0,0.1,383.0,0.5,10.0,-1.0,-0.3010299956639812,0.002680965147453083,0.0026109660574412533,2.0,14.0,12.0,85.65625415217451,97.7580749598453,92.0,94.0,377.0,384.0,0.06393688597154112,0.21259456914623753,0.27135,0.057,0,shared_overlap_visible_markers
c,373.0,0.2,383.0,0.5,10.0,-0.6989700043360187,-0.3010299956639812,0.002680965147453083,0.0026109660574412533,2.0,14.0,12.0,87.80590773014772,97.7580749598453,92.0,94.0,380.0,384.0,0.08516807806454108,0.21259456914623753,0.28315,0.057,0,shared_overlap_visible_markers
c,373.0,0.5,383.0,0.5,10.0,-0.3010299956639812,-0.3010299956639812,0.002680965147453083,0.0026109660574412533,3.0,14.0,11.0,91.02059518914565,97.7580749598453,94.0,94.0,384.0,384.0,0.12365982805969689,0.21259456914623753,0.32809,0.057,0,shared_overlap_visible_markers
c,373.0,1.0,383.0,0.5,10.0,0.0,-0.3010299956639812,0.002680965147453083,0.0026109660574412533,5.0,14.0,9.0,93.91624876711884,97.7580749598453,98.0,94.0,389.0,384.0,0.1629203883894238,0.21259456914623753,0.32809,0.057,0,shared_overlap_visible_markers
c,373.0,2.0,383.0,0.5,10.0,0.3010299956639812,-0.3010299956639812,0.002680965147453083,0.0026109660574412533,8.0,14.0,6.0,97.18490234509204,97.7580749598453,112.0,94.0,397.0,384.0,0.21304700712026226,0.21259456914623753,0.38876,0.057,0,shared_overlap_visible_markers
c,373.0,5.0,383.0,0.5,10.0,0.6989700043360189,-0.3010299956639812,0.002680965147453083,0.0026109660574412533,25.0,14.0,-11.0,106.36758980408997,97.7580749598453,148.0,94.0,408.0,384.0,0.2990264484455367,0.21259456914623753,0.42921,0.057,1,shared_overlap_visible_markers
c,373.0,10.0,383.0,0.5,10.0,1.0,-0.3010299956639812,0.002680965147453083,0.0026109660574412533,82.0,14.0,-68.0,129.77824338206318,97.7580749598453,155.0,94.0,414.0,384.0,0.38038195427221255,0.21259456914623753,0.49888,0.087,1,shared_overlap_visible_markers
c,373.0,20.0,383.0,0.5,10.0,1.3010299956639813,-0.3010299956639812,0.002680965147453083,0.0026109660574412533,127.0,14.0,-113.0,148.71289696003637,97.7580749598453,156.0,94.0,419.0,384.0,0.475261957765561,0.21259456914623753,0.49888,0.087,1,shared_overlap_visible_markers
c,373.0,50.0,383.0,0.5,10.0,1.6989700043360187,-0.3010299956639812,0.002680965147453083,0.0026109660574412533,144.0,14.0,-130.0,157.89558441903426,97.7580749598453,157.0,94.0,424.0,384.0,0.6156732865520889,0.21259456914623753,0.57303,0.1,1,shared_overlap_visible_markers
c,373.0,100.0,383.0,0.5,10.0,2.0,-0.3010299956639812,0.002680965147453083,0.0026109660574412533,144.0,14.0,-130.0,160.0452379970075,97.7580749598453,156.0,94.0,427.0,384.0,0.7242632412232468,0.21259456914623753,0.62809,0.108,1,shared_overlap_visible_markers
c,373.0,0.1,383.0,1.0,10.0,-1.0,0.0,0.002680965147453083,0.0026109660574412533,2.0,20.0,18.0,85.65625415217451,102.26336000103494,92.0,98.0,377.0,389.0,0.06393688597154112,0.27530543033820787,0.33258,0.057,0,shared_overlap_visible_markers
c,373.0,0.2,383.0,1.0,10.0,-0.6989700043360187,0.0,0.002680965147453083,0.0026109660574412533,2.0,20.0,18.0,87.80590773014772,102.26336000103494,92.0,98.0,380.0,389.0,0.08516807806454108,0.27530543033820787,0.35169,0.057,0,shared_overlap_visible_markers
c,373.0,0.5,383.0,1.0,10.0,-0.3010299956639812,0.0,0.002680965147453083,0.0026109660574412533,3.0,20.0,17.0,91.02059518914565,102.26336000103494,94.0,98.0,384.0,389.0,0.12365982805969689,0.27530543033820787,0.35169,0.057,0,shared_overlap_visible_markers
c,373.0,1.0,383.0,1.0,10.0,0.0,0.0,0.002680965147453083,0.0026109660574412533,5.0,20.0,15.0,93.91624876711884,102.26336000103494,98.0,98.0,389.0,389.0,0.1629203883894238,0.27530543033820787,0.38989,0.057,0,shared_overlap_visible_markers
c,373.0,2.0,383.0,1.0,10.0,0.3010299956639812,0.0,0.002680965147453083,0.0026109660574412533,8.0,20.0,12.0,97.18490234509204,102.26336000103494,112.0,98.0,397.0,389.0,0.21304700712026226,0.27530543033820787,0.43258,0.057,1,shared_overlap_visible_markers
c,373.0,5.0,383.0,1.0,10.0,0.6989700043360189,0.0,0.002680965147453083,0.0026109660574412533,25.0,20.0,-5.0,106.36758980408997,102.26336000103494,148.0,98.0,408.0,389.0,0.2990264484455367,0.27530543033820787,0.43258,0.057,1,shared_overlap_visible_markers
c,373.0,10.0,383.0,1.0,10.0,1.0,0.0,0.002680965147453083,0.0026109660574412533,82.0,20.0,-62.0,129.77824338206318,102.26336000103494,155.0,98.0,414.0,389.0,0.38038195427221255,0.27530543033820787,0.49719,0.087,1,shared_overlap_visible_markers
c,373.0,20.0,383.0,1.0,10.0,1.3010299956639813,0.0,0.002680965147453083,0.0026109660574412533,127.0,20.0,-107.0,148.71289696003637,102.26336000103494,156.0,98.0,419.0,389.0,0.475261957765561,0.27530543033820787,0.56067,0.1,1,shared_overlap_visible_markers
c,373.0,50.0,383.0,1.0,10.0,1.6989700043360187,0.0,0.002680965147453083,0.0026109660574412533,144.0,20.0,-124.0,157.89558441903426,102.26336000103494,157.0,98.0,424.0,389.0,0.6156732865520889,0.27530543033820787,0.56067,0.1,1,shared_overlap_visible_markers
c,373.0,100.0,383.0,1.0,10.0,2.0,0.0,0.002680965147453083,0.0026109660574412533,144.0,20.0,-124.0,160.0452379970075,102.26336000103494,156.0,98.0,427.0,389.0,0.7242632412232468,0.27530543033820787,0.62247,0.108,1,shared_overlap_visible_markers
c,373.0,0.1,383.0,2.0,10.0,-1.0,0.3010299956639812,0.002680965147453083,0.0026109660574412533,2.0,45.0,43.0,85.65625415217451,114.04564504222456,92.0,112.0,377.0,397.0,0.06393688597154112,0.3519684805509413,0.36629,0.057,0,shared_overlap_visible_markers
c,373.0,0.2,383.0,2.0,10.0,-0.6989700043360187,0.3010299956639812,0.002680965147453083,0.0026109660574412533,2.0,45.0,43.0,87.80590773014772,114.04564504222456,92.0,112.0,380.0,397.0,0.08516807806454108,0.3519684805509413,0.39775,0.057,0,shared_overlap_visible_markers
c,373.0,0.5,383.0,2.0,10.0,-0.3010299956639812,0.3010299956639812,0.002680965147453083,0.0026109660574412533,3.0,45.0,42.0,91.02059518914565,114.04564504222456,94.0,112.0,384.0,397.0,0.12365982805969689,0.3519684805509413,0.39775,0.057,0,shared_overlap_visible_markers
c,373.0,1.0,383.0,2.0,10.0,0.0,0.3010299956639812,0.002680965147453083,0.0026109660574412533,5.0,45.0,40.0,93.91624876711884,114.04564504222456,98.0,112.0,389.0,397.0,0.1629203883894238,0.3519684805509413,0.42921,0.057,1,shared_overlap_visible_markers
c,373.0,2.0,383.0,2.0,10.0,0.3010299956639812,0.3010299956639812,0.002680965147453083,0.0026109660574412533,8.0,45.0,37.0,97.18490234509204,114.04564504222456,112.0,112.0,397.0,397.0,0.21304700712026226,0.3519684805509413,0.45225,0.057,1,shared_overlap_visible_markers
c,373.0,5.0,383.0,2.0,10.0,0.6989700043360189,0.3010299956639812,0.002680965147453083,0.0026109660574412533,25.0,45.0,20.0,106.36758980408997,114.04564504222456,148.0,112.0,408.0,397.0,0.2990264484455367,0.3519684805509413,0.45225,0.057,1,shared_overlap_visible_markers
c,373.0,10.0,383.0,2.0,10.0,1.0,0.3010299956639812,0.002680965147453083,0.0026109660574412533,82.0,45.0,-37.0,129.77824338206318,114.04564504222456,155.0,112.0,414.0,397.0,0.38038195427221255,0.3519684805509413,0.49888,0.087,1,shared_overlap_visible_markers
c,373.0,20.0,383.0,2.0,10.0,1.3010299956639813,0.3010299956639812,0.002680965147453083,0.0026109660574412533,127.0,45.0,-82.0,148.71289696003637,114.04564504222456,156.0,112.0,419.0,397.0,0.475261957765561,0.3519684805509413,0.55618,0.1,1,shared_overlap_visible_markers
c,373.0,50.0,383.0,2.0,10.0,1.6989700043360187,0.3010299956639812,0.002680965147453083,0.0026109660574412533,144.0,45.0,-99.0,157.89558441903426,114.04564504222456,157.0,112.0,424.0,397.0,0.6156732865520889,0.3519684805509413,0.55618,0.1,1,shared_overlap_visible_markers
c,373.0,100.0,383.0,2.0,10.0,2.0,0.3010299956639812,0.002680965147453083,0.0026109660574412533,144.0,45.0,-99.0,160.0452379970075,114.04564504222456,156.0,112.0,427.0,397.0,0.7242632412232468,0.3519684805509413,0.61798,0.1,1,shared_overlap_visible_markers
c,373.0,0.1,383.0,5.0,10.0,-1.0,0.6989700043360189,0.002680965147453083,0.0026109660574412533,2.0,132.0,130.0,85.65625415217451,150.2845171515978,92.0,148.0,377.0,408.0,0.06393688597154112,0.4744495689020165,0.44404,0.057,1,shared_overlap_visible_markers
c,373.0,0.2,383.0,5.0,10.0,-0.6989700043360187,0.6989700043360189,0.002680965147453083,0.0026109660574412533,2.0,132.0,130.0,87.80590773014772,150.2845171515978,92.0,148.0,380.0,408.0,0.08516807806454108,0.4744495689020165,0.46573,0.057,1,shared_overlap_visible_markers
c,373.0,0.5,383.0,5.0,10.0,-0.3010299956639812,0.6989700043360189,0.002680965147453083,0.0026109660574412533,3.0,132.0,129.0,91.02059518914565,150.2845171515978,94.0,148.0,384.0,408.0,0.12365982805969689,0.4744495689020165,0.46573,0.057,1,shared_overlap_visible_markers
c,373.0,1.0,383.0,5.0,10.0,0.0,0.6989700043360189,0.002680965147453083,0.0026109660574412533,5.0,132.0,127.0,93.91624876711884,150.2845171515978,98.0,148.0,389.0,408.0,0.1629203883894238,0.4744495689020165,0.49551,0.087,1,shared_overlap_visible_markers
c,373.0,2.0,383.0,5.0,10.0,0.3010299956639812,0.6989700043360189,0.002680965147453083,0.0026109660574412533,8.0,132.0,124.0,97.18490234509204,150.2845171515978,112.0,148.0,397.0,408.0,0.21304700712026226,0.4744495689020165,0.49551,0.087,1,shared_overlap_visible_markers
c,373.0,5.0,383.0,5.0,10.0,0.6989700043360189,0.6989700043360189,0.002680965147453083,0.0026109660574412533,25.0,132.0,107.0,106.36758980408997,150.2845171515978,148.0,148.0,408.0,408.0,0.2990264484455367,0.4744495689020165,0.51573,0.087,1,shared_overlap_visible_markers
c,373.0,10.0,383.0,5.0,10.0,1.0,0.6989700043360189,0.002680965147453083,0.0026109660574412533,82.0,132.0,50.0,129.77824338206318,150.2845171515978,155.0,148.0,414.0,408.0,0.38038195427221255,0.4744495689020165,0.51573,0.087,1,shared_overlap_visible_markers
c,373.0,20.0,383.0,5.0,10.0,1.3010299956639813,0.6989700043360189,0.002680965147453083,0.0026109660574412533,127.0,132.0,5.0,148.71289696003637,150.2845171515978,156.0,148.0,419.0,408.0,0.475261957765561,0.4744495689020165,0.55843,0.1,1,shared_overlap_visible_markers
c,373.0,50.0,383.0,5.0,10.0,1.6989700043360187,0.6989700043360189,0.002680965147453083,0.0026109660574412533,144.0,132.0,-12.0,157.89558441903426,150.2845171515978,157.0,148.0,424.0,408.0,0.6156732865520889,0.4744495689020165,0.55843,0.1,1,shared_overlap_visible_markers
c,373.0,100.0,383.0,5.0,10.0,2.0,0.6989700043360189,0.002680965147453083,0.0026109660574412533,144.0,132.0,-12.0,160.0452379970075,150.2845171515978,156.0,148.0,427.0,408.0,0.7242632412232468,0.4744495689020165,0.60449,0.1,1,shared_overlap_visible_markers
c,373.0,0.1,383.0,10.0,10.0,-1.0,1.0,0.002680965147453083,0.0026109660574412533,2.0,158.0,156.0,85.65625415217451,162.44980219278744,92.0,155.0,377.0,414.0,0.06393688597154112,0.5796584374693803,0.5264,0.087,1,shared_overlap_visible_markers
c,373.0,0.2,383.0,10.0,10.0,-0.6989700043360187,1.0,0.002680965147453083,0.0026109660574412533,2.0,158.0,156.0,87.80590773014772,162.44980219278744,92.0,155.0,380.0,414.0,0.08516807806454108,0.5796584374693803,0.5264,0.087,1,shared_overlap_visible_markers
c,373.0,0.5,383.0,10.0,10.0,-0.3010299956639812,1.0,0.002680965147453083,0.0026109660574412533,3.0,158.0,155.0,91.02059518914565,162.44980219278744,94.0,155.0,384.0,414.0,0.12365982805969689,0.5796584374693803,0.55112,0.087,1,shared_overlap_visible_markers
c,373.0,1.0,383.0,10.0,10.0,0.0,1.0,0.002680965147453083,0.0026109660574412533,5.0,158.0,153.0,93.91624876711884,162.44980219278744,98.0,155.0,389.0,414.0,0.1629203883894238,0.5796584374693803,0.55112,0.087,1,shared_overlap_visible_markers
c,373.0,2.0,383.0,10.0,10.0,0.3010299956639812,1.0,0.002680965147453083,0.0026109660574412533,8.0,158.0,150.0,97.18490234509204,162.44980219278744,112.0,155.0,397.0,414.0,0.21304700712026226,0.5796584374693803,0.55112,0.087,1,shared_overlap_visible_markers
c,373.0,5.0,383.0,10.0,10.0,0.6989700043360189,1.0,0.002680965147453083,0.0026109660574412533,25.0,158.0,133.0,106.36758980408997,162.44980219278744,148.0,155.0,408.0,414.0,0.2990264484455367,0.5796584374693803,0.56854,0.1,1,shared_overlap_visible_markers
c,373.0,10.0,383.0,10.0,10.0,1.0,1.0,0.002680965147453083,0.0026109660574412533,82.0,158.0,76.0,129.77824338206318,162.44980219278744,155.0,155.0,414.0,414.0,0.38038195427221255,0.5796584374693803,0.56854,0.1,1,shared_overlap_visible_markers
c,373.0,20.0,383.0,10.0,10.0,1.3010299956639813,1.0,0.002680965147453083,0.0026109660574412533,127.0,158.0,31.0,148.71289696003637,162.44980219278744,156.0,155.0,419.0,414.0,0.475261957765561,0.5796584374693803,0.56854,0.1,1,shared_overlap_visible_markers
c,373.0,50.0,383.0,10.0,10.0,1.6989700043360187,1.0,0.002680965147453083,0.0026109660574412533,144.0,158.0,14.0,157.89558441903426,162.44980219278744,157.0,155.0,424.0,414.0,0.6156732865520889,0.5796584374693803,0.60787,0.1,1,shared_overlap_visible_markers
c,373.0,100.0,383.0,10.0,10.0,2.0,1.0,0.002680965147453083,0.0026109660574412533,144.0,158.0,14.0,160.0452379970075,162.44980219278744,156.0,155.0,427.0,414.0,0.7242632412232468,0.5796584374693803,0.60787,0.1,1,shared_overlap_visible_markers
c,373.0,0.1,383.0,20.0,10.0,-1.0,1.3010299956639813,0.002680965147453083,0.0026109660574412533,2.0,163.0,161.0,85.65625415217451,166.57208723397704,92.0,156.0,377.0,419.0,0.06393688597154112,0.6888968370811791,0.5618,0.1,1,shared_overlap_visible_markers
c,373.0,0.2,383.0,20.0,10.0,-0.6989700043360187,1.3010299956639813,0.002680965147453083,0.0026109660574412533,2.0,163.0,161.0,87.80590773014772,166.57208723397704,92.0,156.0,380.0,419.0,0.08516807806454108,0.6888968370811791,0.5618,0.1,1,shared_overlap_visible_markers
c,373.0,0.5,383.0,20.0,10.0,-0.3010299956639812,1.3010299956639813,0.002680965147453083,0.0026109660574412533,3.0,163.0,160.0,91.02059518914565,166.57208723397704,94.0,156.0,384.0,419.0,0.12365982805969689,0.6888968370811791,0.57303,0.1,1,shared_overlap_visible_markers
c,373.0,1.0,383.0,20.0,10.0,0.0,1.3010299956639813,0.002680965147453083,0.0026109660574412533,5.0,163.0,158.0,93.91624876711884,166.57208723397704,98.0,156.0,389.0,419.0,0.1629203883894238,0.6888968370811791,0.57303,0.1,1,shared_overlap_visible_markers
c,373.0,2.0,383.0,20.0,10.0,0.3010299956639812,1.3010299956639813,0.002680965147453083,0.0026109660574412533,8.0,163.0,155.0,97.18490234509204,166.57208723397704,112.0,156.0,397.0,419.0,0.21304700712026226,0.6888968370811791,0.57303,0.1,1,shared_overlap_visible_markers
c,373.0,5.0,383.0,20.0,10.0,0.6989700043360189,1.3010299956639813,0.002680965147453083,0.0026109660574412533,25.0,163.0,138.0,106.36758980408997,166.57208723397704,148.0,156.0,408.0,419.0,0.2990264484455367,0.6888968370811791,0.5794,0.1,1,shared_overlap_visible_markers
c,373.0,10.0,383.0,20.0,10.0,1.0,1.3010299956639813,0.002680965147453083,0.0026109660574412533,82.0,163.0,81.0,129.77824338206318,166.57208723397704,155.0,156.0,414.0,419.0,0.38038195427221255,0.6888968370811791,0.5794,0.1,1,shared_overlap_visible_markers
c,373.0,20.0,383.0,20.0,10.0,1.3010299956639813,1.3010299956639813,0.002680965147453083,0.0026109660574412533,127.0,163.0,36.0,148.71289696003637,166.57208723397704,156.0,156.0,419.0,419.0,0.475261957765561,0.6888968370811791,0.5794,0.1,1,shared_overlap_visible_markers
c,373.0,50.0,383.0,20.0,10.0,1.6989700043360187,1.3010299956639813,0.002680965147453083,0.0026109660574412533,144.0,163.0,19.0,157.89558441903426,166.57208723397704,157.0,156.0,424.0,419.0,0.6156732865520889,0.6888968370811791,0.61461,0.1,1,shared_overlap_visible_markers
c,373.0,100.0,383.0,20.0,10.0,2.0,1.3010299956639813,0.002680965147453083,0.0026109660574412533,144.0,163.0,19.0,160.0452379970075,166.57208723397704,156.0,156.0,427.0,419.0,0.7242632412232468,0.6888968370811791,0.61461,0.1,1,shared_overlap_visible_markers
c,373.0,0.1,383.0,50.0,10.0,-1.0,1.6989700043360187,0.002680965147453083,0.0026109660574412533,2.0,157.0,155.0,85.65625415217451,167.19195934335025,92.0,157.0,377.0,424.0,0.06393688597154112,0.8229793525209876,0.63034,0.108,1,shared_overlap_visible_markers
c,373.0,0.2,383.0,50.0,10.0,-0.6989700043360187,1.6989700043360187,0.002680965147453083,0.0026109660574412533,2.0,157.0,155.0,87.80590773014772,167.19195934335025,92.0,157.0,380.0,424.0,0.08516807806454108,0.8229793525209876,0.63034,0.108,1,shared_overlap_visible_markers
c,373.0,0.5,383.0,50.0,10.0,-0.3010299956639812,1.6989700043360187,0.002680965147453083,0.0026109660574412533,3.0,157.0,154.0,91.02059518914565,167.19195934335025,94.0,157.0,384.0,424.0,0.12365982805969689,0.8229793525209876,0.63034,0.108,1,shared_overlap_visible_markers
c,373.0,1.0,383.0,50.0,10.0,0.0,1.6989700043360187,0.002680965147453083,0.0026109660574412533,5.0,157.0,152.0,93.91624876711884,167.19195934335025,98.0,157.0,389.0,424.0,0.1629203883894238,0.8229793525209876,0.63034,0.108,1,shared_overlap_visible_markers
c,373.0,2.0,383.0,50.0,10.0,0.3010299956639812,1.6989700043360187,0.002680965147453083,0.0026109660574412533,8.0,157.0,149.0,97.18490234509204,167.19195934335025,112.0,157.0,397.0,424.0,0.21304700712026226,0.8229793525209876,0.63034,0.108,1,shared_overlap_visible_markers
c,373.0,5.0,383.0,50.0,10.0,0.6989700043360189,1.6989700043360187,0.002680965147453083,0.0026109660574412533,25.0,157.0,132.0,106.36758980408997,167.19195934335025,148.0,157.0,408.0,424.0,0.2990264484455367,0.8229793525209876,0.63034,0.108,1,shared_overlap_visible_markers
c,373.0,10.0,383.0,50.0,10.0,1.0,1.6989700043360187,0.002680965147453083,0.0026109660574412533,82.0,157.0,75.0,129.77824338206318,167.19195934335025,155.0,157.0,414.0,424.0,0.38038195427221255,0.8229793525209876,0.63034,0.108,1,shared_overlap_visible_markers
c,373.0,20.0,383.0,50.0,10.0,1.3010299956639813,1.6989700043360187,0.002680965147453083,0.0026109660574412533,127.0,157.0,30.0,148.71289696003637,167.19195934335025,156.0,157.0,419.0,424.0,0.475261957765561,0.8229793525209876,0.63034,0.108,1,shared_overlap_visible_markers
c,373.0,50.0,383.0,50.0,10.0,1.6989700043360187,1.6989700043360187,0.002680965147453083,0.0026109660574412533,144.0,157.0,13.0,157.89558441903426,167.19195934335025,157.0,157.0,424.0,424.0,0.6156732865520889,0.8229793525209876,0.63034,0.108,1,shared_overlap_visible_markers
c,373.0,100.0,383.0,50.0,10.0,2.0,1.6989700043360187,0.002680965147453083,0.0026109660574412533,144.0,157.0,13.0,160.0452379970075,167.19195934335025,156.0,157.0,427.0,424.0,0.7242632412232468,0.8229793525209876,0.63034,0.108,1,shared_overlap_visible_markers
c,373.0,0.1,383.0,100.0,10.0,-1.0,2.0,0.002680965147453083,0.0026109660574412533,2.0,157.0,155.0,85.65625415217451,169.3992443845399,92.0,156.0,377.0,427.0,0.06393688597154112,0.9029685363075911,0.63034,0.108,1,shared_overlap_visible_markers
c,373.0,0.2,383.0,100.0,10.0,-0.6989700043360187,2.0,0.002680965147453083,0.0026109660574412533,2.0,157.0,155.0,87.80590773014772,169.3992443845399,92.0,156.0,380.0,427.0,0.08516807806454108,0.9029685363075911,0.63034,0.108,1,shared_overlap_visible_markers
c,373.0,0.5,383.0,100.0,10.0,-0.3010299956639812,2.0,0.002680965147453083,0.0026109660574412533,3.0,157.0,154.0,91.02059518914565,169.3992443845399,94.0,156.0,384.0,427.0,0.12365982805969689,0.9029685363075911,0.63034,0.108,1,shared_overlap_visible_markers
c,373.0,1.0,383.0,100.0,10.0,0.0,2.0,0.002680965147453083,0.0026109660574412533,5.0,157.0,152.0,93.91624876711884,169.3992443845399,98.0,156.0,389.0,427.0,0.1629203883894238,0.9029685363075911,0.65281,0.108,1,shared_overlap_visible_markers
c,373.0,2.0,383.0,100.0,10.0,0.3010299956639812,2.0,0.002680965147453083,0.0026109660574412533,8.0,157.0,149.0,97.18490234509204,169.3992443845399,112.0,156.0,397.0,427.0,0.21304700712026226,0.9029685363075911,0.65281,0.108,1,shared_overlap_visible_markers
c,373.0,5.0,383.0,100.0,10.0,0.6989700043360189,2.0,0.002680965147453083,0.0026109660574412533,25.0,157.0,132.0,106.36758980408997,169.3992443845399,148.0,156.0,408.0,427.0,0.2990264484455367,0.9029685363075911,0.65281,0.108,1,shared_overlap_visible_markers
c,373.0,10.0,383.0,100.0,10.0,1.0,2.0,0.002680965147453083,0.0026109660574412533,82.0,157.0,75.0,129.77824338206318,169.3992443845399,155.0,156.0,414.0,427.0,0.38038195427221255,0.9029685363075911,0.65281,0.108,1,shared_overlap_visible_markers
c,373.0,20.0,383.0,100.0,10.0,1.3010299956639813,2.0,0.002680965147453083,0.0026109660574412533,127.0,157.0,30.0,148.71289696003637,169.3992443845399,156.0,156.0,419.0,427.0,0.475261957765561,0.9029685363075911,0.65506,0.108,1,shared_overlap_visible_markers
c,373.0,50.0,383.0,100.0,10.0,1.6989700043360187,2.0,0.002680965147453083,0.0026109660574412533,144.0,157.0,13.0,157.89558441903426,169.3992443845399,157.0,156.0,424.0,427.0,0.6156732865520889,0.9029685363075911,0.65506,0.108,1,shared_overlap_visible_markers
c,373.0,100.0,383.0,100.0,10.0,2.0,2.0,0.002680965147453083,0.0026109660574412533,144.0,157.0,13.0,160.0452379970075,169.3992443845399,156.0,156.0,427.0,427.0,0.7242632412232468,0.9029685363075911,0.65506,0.108,1,shared_overlap_visible_markers
c,373.0,0.1,383.0,200.0,10.0,-1.0,2.3010299956639813,0.002680965147453083,0.0026109660574412533,2.0,154.0,152.0,85.65625415217451,170.45752942572955,92.0,155.0,377.0,430.0,0.06393688597154112,0.9568347147679082,0.65618,0.108,1,shared_overlap_visible_markers
c,373.0,0.2,383.0,200.0,10.0,-0.6989700043360187,2.3010299956639813,0.002680965147453083,0.0026109660574412533,2.0,154.0,152.0,87.80590773014772,170.45752942572955,92.0,155.0,380.0,430.0,0.08516807806454108,0.9568347147679082,0.65618,0.108,1,shared_overlap_visible_markers
c,373.0,0.5,383.0,200.0,10.0,-0.3010299956639812,2.3010299956639813,0.002680965147453083,0.0026109660574412533,3.0,154.0,151.0,91.02059518914565,170.45752942572955,94.0,155.0,384.0,430.0,0.12365982805969689,0.9568347147679082,0.65618,0.108,1,shared_overlap_visible_markers
c,373.0,1.0,383.0,200.0,10.0,0.0,2.3010299956639813,0.002680965147453083,0.0026109660574412533,5.0,154.0,149.0,93.91624876711884,170.45752942572955,98.0,155.0,389.0,430.0,0.1629203883894238,0.9568347147679082,0.65618,0.108,1,shared_overlap_visible_markers
c,373.0,2.0,383.0,200.0,10.0,0.3010299956639812,2.3010299956639813,0.002680965147453083,0.0026109660574412533,8.0,154.0,146.0,97.18490234509204,170.45752942572955,112.0,155.0,397.0,430.0,0.21304700712026226,0.9568347147679082,0.65618,0.108,1,shared_overlap_visible_markers
c,373.0,5.0,383.0,200.0,10.0,0.6989700043360189,2.3010299956639813,0.002680965147453083,0.0026109660574412533,25.0,154.0,129.0,106.36758980408997,170.45752942572955,148.0,155.0,408.0,430.0,0.2990264484455367,0.9568347147679082,0.65618,0.108,1,shared_overlap_visible_markers
c,373.0,10.0,383.0,200.0,10.0,1.0,2.3010299956639813,0.002680965147453083,0.0026109660574412533,82.0,154.0,72.0,129.77824338206318,170.45752942572955,155.0,155.0,414.0,430.0,0.38038195427221255,0.9568347147679082,0.65618,0.108,1,shared_overlap_visible_markers
c,373.0,20.0,383.0,200.0,10.0,1.3010299956639813,2.3010299956639813,0.002680965147453083,0.0026109660574412533,127.0,154.0,27.0,148.71289696003637,170.45752942572955,156.0,155.0,419.0,430.0,0.475261957765561,0.9568347147679082,0.65618,0.108,1,shared_overlap_visible_markers
c,373.0,50.0,383.0,200.0,10.0,1.6989700043360187,2.3010299956639813,0.002680965147453083,0.0026109660574412533,144.0,154.0,10.0,157.89558441903426,170.45752942572955,157.0,155.0,424.0,430.0,0.6156732865520889,0.9568347147679082,0.65618,0.108,1,shared_overlap_visible_markers
c,373.0,100.0,383.0,200.0,10.0,2.0,2.3010299956639813,0.002680965147453083,0.0026109660574412533,144.0,154.0,10.0,160.0452379970075,170.45752942572955,156.0,155.0,427.0,430.0,0.7242632412232468,0.9568347147679082,0.65618,0.108,1,shared_overlap_visible_markers
c,373.0,0.1,383.0,500.0,10.0,-1.0,2.6989700043360187,0.002680965147453083,0.0026109660574412533,2.0,153.0,151.0,85.65625415217451,172.99240153510274,92.0,155.0,377.0,432.0,0.06393688597154112,0.9905369698851628,0.66854,0.108,1,shared_overlap_visible_markers
c,373.0,0.2,383.0,500.0,10.0,-0.6989700043360187,2.6989700043360187,0.002680965147453083,0.0026109660574412533,2.0,153.0,151.0,87.80590773014772,172.99240153510274,92.0,155.0,380.0,432.0,0.08516807806454108,0.9905369698851628,0.66854,0.108,1,shared_overlap_visible_markers
c,373.0,0.5,383.0,500.0,10.0,-0.3010299956639812,2.6989700043360187,0.002680965147453083,0.0026109660574412533,3.0,153.0,150.0,91.02059518914565,172.99240153510274,94.0,155.0,384.0,432.0,0.12365982805969689,0.9905369698851628,0.66854,0.108,1,shared_overlap_visible_markers
c,373.0,1.0,383.0,500.0,10.0,0.0,2.6989700043360187,0.002680965147453083,0.0026109660574412533,5.0,153.0,148.0,93.91624876711884,172.99240153510274,98.0,155.0,389.0,432.0,0.1629203883894238,0.9905369698851628,0.66854,0.108,1,shared_overlap_visible_markers
c,373.0,2.0,383.0,500.0,10.0,0.3010299956639812,2.6989700043360187,0.002680965147453083,0.0026109660574412533,8.0,153.0,145.0,97.18490234509204,172.99240153510274,112.0,155.0,397.0,432.0,0.21304700712026226,0.9905369698851628,0.66854,0.108,1,shared_overlap_visible_markers
c,373.0,5.0,383.0,500.0,10.0,0.6989700043360189,2.6989700043360187,0.002680965147453083,0.0026109660574412533,25.0,153.0,128.0,106.36758980408997,172.99240153510274,148.0,155.0,408.0,432.0,0.2990264484455367,0.9905369698851628,0.68539,0.118,1,shared_overlap_visible_markers
c,373.0,10.0,383.0,500.0,10.0,1.0,2.6989700043360187,0.002680965147453083,0.0026109660574412533,82.0,153.0,71.0,129.77824338206318,172.99240153510274,155.0,155.0,414.0,432.0,0.38038195427221255,0.9905369698851628,0.68539,0.118,1,shared_overlap_visible_markers
c,373.0,20.0,383.0,500.0,10.0,1.3010299956639813,2.6989700043360187,0.002680965147453083,0.0026109660574412533,127.0,153.0,26.0,148.71289696003637,172.99240153510274,156.0,155.0,419.0,432.0,0.475261957765561,0.9905369698851628,0.68539,0.118,1,shared_overlap_visible_markers
c,373.0,50.0,383.0,500.0,10.0,1.6989700043360187,2.6989700043360187,0.002680965147453083,0.0026109660574412533,144.0,153.0,9.0,157.89558441903426,172.99240153510274,157.0,155.0,424.0,432.0,0.6156732865520889,0.9905369698851628,0.68539,0.118,1,shared_overlap_visible_markers
c,373.0,100.0,383.0,500.0,10.0,2.0,2.6989700043360187,0.002680965147453083,0.0026109660574412533,144.0,153.0,9.0,160.0452379970075,172.99240153510274,156.0,155.0,427.0,432.0,0.7242632412232468,0.9905369698851628,0.68539,0.118,1,shared_overlap_visible_markers
c,373.0,0.1,383.0,1000.0,10.0,-1.0,3.0,0.002680965147453083,0.0026109660574412533,2.0,157.0,155.0,85.65625415217451,176.7316865762924,92.0,156.0,377.0,433.0,0.06393688597154112,0.9981239692321205,0.68202,0.108,1,shared_overlap_visible_markers
c,373.0,0.2,383.0,1000.0,10.0,-0.6989700043360187,3.0,0.002680965147453083,0.0026109660574412533,2.0,157.0,155.0,87.80590773014772,176.7316865762924,92.0,156.0,380.0,433.0,0.08516807806454108,0.9981239692321205,0.68202,0.108,1,shared_overlap_visible_markers
c,373.0,0.5,383.0,1000.0,10.0,-0.3010299956639812,3.0,0.002680965147453083,0.0026109660574412533,3.0,157.0,154.0,91.02059518914565,176.7316865762924,94.0,156.0,384.0,433.0,0.12365982805969689,0.9981239692321205,0.68202,0.108,1,shared_overlap_visible_markers
c,373.0,1.0,383.0,1000.0,10.0,0.0,3.0,0.002680965147453083,0.0026109660574412533,5.0,157.0,152.0,93.91624876711884,176.7316865762924,98.0,156.0,389.0,433.0,0.1629203883894238,0.9981239692321205,0.68202,0.108,1,shared_overlap_visible_markers
c,373.0,2.0,383.0,1000.0,10.0,0.3010299956639812,3.0,0.002680965147453083,0.0026109660574412533,8.0,157.0,149.0,97.18490234509204,176.7316865762924,112.0,156.0,397.0,433.0,0.21304700712026226,0.9981239692321205,0.68202,0.108,1,shared_overlap_visible_markers
c,373.0,5.0,383.0,1000.0,10.0,0.6989700043360189,3.0,0.002680965147453083,0.0026109660574412533,25.0,157.0,132.0,106.36758980408997,176.7316865762924,148.0,156.0,408.0,433.0,0.2990264484455367,0.9981239692321205,0.68652,0.118,1,shared_overlap_visible_markers
c,373.0,10.0,383.0,1000.0,10.0,1.0,3.0,0.002680965147453083,0.0026109660574412533,82.0,157.0,75.0,129.77824338206318,176.7316865762924,155.0,156.0,414.0,433.0,0.38038195427221255,0.9981239692321205,0.68652,0.118,1,shared_overlap_visible_markers
c,373.0,20.0,383.0,1000.0,10.0,1.3010299956639813,3.0,0.002680965147453083,0.0026109660574412533,127.0,157.0,30.0,148.71289696003637,176.7316865762924,156.0,156.0,419.0,433.0,0.475261957765561,0.9981239692321205,0.68652,0.118,1,shared_overlap_visible_markers
c,373.0,50.0,383.0,1000.0,10.0,1.6989700043360187,3.0,0.002680965147453083,0.0026109660574412533,144.0,157.0,13.0,157.89558441903426,176.7316865762924,157.0,156.0,424.0,433.0,0.6156732865520889,0.9981239692321205,0.68652,0.118,1,shared_overlap_visible_markers
c,373.0,100.0,383.0,1000.0,10.0,2.0,3.0,0.002680965147453083,0.0026109660574412533,144.0,157.0,13.0,160.0452379970075,176.7316865762924,156.0,156.0,427.0,433.0,0.7242632412232468,0.9981239692321205,0.68652,0.118,1,shared_overlap_visible_markers
