sample_id,pair,actual_t1_s,actual_t2_s,mode,T1_C,T2_C,t1_s,t2_s,total_anneal_time_s,rank,loss,target_loss,target_delta_h_total_J_g,pred_delta_h_total_J_g,error_delta_h_total_J_g,target_peak_area_J_g,pred_peak_area_J_g,error_peak_area_J_g,target_recovery_index,pred_recovery_index,error_recovery_index,target_path_dependence_index,pred_path_dependence_index,error_path_dependence_index
kovacs_eig_01_002,65->100,10.000020000000001,1200.0,two_step,65,100,4.998,1000.02,1005.02,1,0.2067244033103449,0.2067244033103449,-1.0348745117784686,-1.033498977181556,0.001375534596912642,-1.8937568826751487,-1.8895709267799767,0.004185955895172011,0.8182921801359746,0.8222821572619071,0.00398997712593252,0.12552056133551504,0.21543271847199805,0.08991215713648301
kovacs_eig_01_002,65->100,10.000020000000001,1200.0,two_step,65,100,4.998,900,904.998,2,0.24177268431293086,0.24177268431293086,-1.0348745117784686,-1.023753531121343,0.011120980657125523,-1.8937568826751487,-1.8849281980448092,0.00882868463033959,0.8182921801359746,0.8101963299686159,-0.008095850167358698,0.12552056133551504,0.21560356358972696,0.09008300225421192
kovacs_eig_01_002,65->100,10.000020000000001,1200.0,two_step,65,100,4.998,1200,1205,3,0.261646825160327,0.261646825160327,-1.0348745117784686,-1.0502493184336228,-0.015374806655154227,-1.8937568826751487,-1.8974108491267088,-0.00365396645156002,0.8182921801359746,0.8433703464495788,0.025078166313604155,0.12552056133551504,0.21436389929559327,0.08884333796007823
kovacs_eig_01_002,65->100,10.000020000000001,1200.0,two_step,65,100,0.4998,100,100.5,4,0.29944747114018005,0.29944747114018005,-1.0348745117784686,-1.0433685847321563,-0.008494072953687759,-1.8937568826751487,-1.8701328398108705,0.023624042864278216,0.8182921801359746,0.9032721206174457,0.08497994048147106,0.12552056133551504,0.08491383737348951,-0.040606723962025526
kovacs_eig_01_002,65->100,10.000020000000001,1200.0,two_step,65,100,0.4998,100,100.5,5,0.29944747114018005,0.29944747114018005,-1.0348745117784686,-1.0433685847321563,-0.008494072953687759,-1.8937568826751487,-1.8701328398108705,0.023624042864278216,0.8182921801359746,0.9032721206174457,0.08497994048147106,0.12552056133551504,0.08491383737348951,-0.040606723962025526
kovacs_eig_01_002,65->100,10.000020000000001,1200.0,two_step,65,100,0.4998,100.02,100.52,6,0.2994562414092511,0.2994562414092511,-1.0348745117784686,-1.043395258017972,-0.008520746239503385,-1.8937568826751487,-1.8701521974034805,0.023604685271668258,0.8182921801359746,0.903297598518241,0.08500541838226638,0.12552056133551504,0.08492811948249224,-0.0405924418530228
kovacs_eig_01_002,65->100,10.000020000000001,1200.0,two_step,65,100,0.798,100.02,100.818,7,0.3091211888170996,0.3091211888170996,-1.0348745117784686,-0.9796645477921064,0.05520996398636213,-1.8937568826751487,-1.8363512003526181,0.05740568232253063,0.8182921801359746,0.8263099750589763,0.008017794923001698,0.12552056133551504,0.09661141661783507,-0.02890914471767997
kovacs_eig_01_002,65->100,10.000020000000001,1200.0,two_step,65,100,0.798,100,100.798,8,0.3092018394795982,0.3092018394795982,-1.0348745117784686,-0.9796387435890189,0.05523576818944964,-1.8937568826751487,-1.836332141199384,0.05742474147576471,0.8182921801359746,0.8262858728250171,0.007993692689042486,0.12552056133551504,0.09659693685901927,-0.02892362447649577
kovacs_eig_01_002,65->100,10.000020000000001,1200.0,two_step,65,100,0.798,100,100.798,9,0.3092018394795982,0.3092018394795982,-1.0348745117784686,-0.9796387435890189,0.05523576818944964,-1.8937568826751487,-1.836332141199384,0.05742474147576471,0.8182921801359746,0.8262858728250171,0.007993692689042486,0.12552056133551504,0.09659693685901927,-0.02892362447649577
kovacs_eig_01_002,65->100,10.000020000000001,1200.0,two_step,65,100,1.0002,100.02,101.02,10,0.4210107569043324,0.4210107569043324,-1.0348745117784686,-0.9497279142487005,0.08514659752976805,-1.8937568826751487,-1.8202927802369193,0.07346410243822943,0.8182921801359746,0.790441086058333,-0.027851094077641636,0.12552056133551504,0.10199047423323856,-0.02353008710227647
kovacs_eig_01_003,50->80,10.000020000000001,1800.0,two_step,50,80,10,1800,1810,1,0.19179785691369275,0.19179785691369275,-1.3494640141366285,-1.3411058477177207,0.008358166418907853,-2.0965362600141484,-2.077338343475525,0.01919791653862335,1.0,0.9568503015264516,-0.04314969847354844,-0.22395717867362253,-0.19613799911536306,0.027819179558259466
kovacs_eig_01_003,50->80,10.000020000000001,1800.0,two_step,50,80,10,1800,1810,2,0.19179785691369275,0.19179785691369275,-1.3494640141366285,-1.3411058477177207,0.008358166418907853,-2.0965362600141484,-2.077338343475525,0.01919791653862335,1.0,0.9568503015264516,-0.04314969847354844,-0.22395717867362253,-0.19613799911536306,0.027819179558259466
kovacs_eig_01_003,50->80,10.000020000000001,1800.0,two_step,50,80,10.02,1800,1810.02,3,0.19328684435991156,0.19328684435991156,-1.3494640141366285,-1.3408244912992684,0.008639522837360136,-2.0965362600141484,-2.0771877439981687,0.019348516015979644,1.0,0.9565148812898443,-0.0434851187101557,-0.22395717867362253,-0.19609742583805323,0.027859752835569296
kovacs_eig_01_003,50->80,10.000020000000001,1800.0,two_step,50,80,4.998,1800,1805,4,0.38893476566405544,0.38893476566405544,-1.3494640141366285,-1.4401879518968572,-0.09072393776022869,-2.0965362600141484,-2.130149519859442,-0.03361325984529362,1.0,1.0753775233849032,0.07537752338490322,-0.22395717867362253,-0.2104855718853338,0.013471606788288737
kovacs_eig_01_003,50->80,10.000020000000001,1800.0,two_step,50,80,4.998,1200,1205,5,0.4278127957855138,0.4278127957855138,-1.3494640141366285,-1.2979216880107831,0.05154232612584542,-2.0965362600141484,-2.028310508452541,0.0682257515616076,1.0,0.9748753837348958,-0.025124616265104205,-0.22395717867362253,-0.16181149248326473,0.06214568619035779
kovacs_eig_01_003,50->80,10.000020000000001,1800.0,two_step,50,80,1.0002,600,601,6,0.5833626213552049,0.5833626213552049,-1.3494640141366285,-1.3458258351659995,0.0036381789706290135,-2.0965362600141484,-2.015267300334083,0.08126895968006531,1.0,1.1192545824789208,0.11925458247892085,-0.22395717867362253,-0.13978008119884247,0.08417709747478005
kovacs_eig_01_003,50->80,10.000020000000001,1800.0,two_step,50,80,1.0002,900,901,7,0.6174012244241129,0.6174012244241129,-1.3494640141366285,-1.446726326480529,-0.09726231234390048,-2.0965362600141484,-2.0899757534816934,0.0065605065324549905,1.0,1.194492138566328,0.19449213856632808,-0.22395717867362253,-0.16888075951717718,0.055076419156445344
kovacs_eig_01_003,50->80,10.000020000000001,1800.0,two_step,50,80,0.798,600,600.798,8,0.6389616830429556,0.6389616830429556,-1.3494640141366285,-1.3789487132056177,-0.029484699068989206,-2.0965362600141484,-2.032774556266198,0.06376170374795054,1.0,1.1591255675555447,0.15912556755554474,-0.22395717867362253,-0.14465782861017165,0.07929935006345087
kovacs_eig_01_003,50->80,10.000020000000001,1800.0,two_step,50,80,0.798,499.98,500.778,9,0.6486664674167059,0.6486664674167059,-1.3494640141366285,-1.3399186478563836,0.009545366280244938,-2.0965362600141484,-2.003749125901016,0.09278713411313255,1.0,1.1290225921658135,0.12902259216581347,-0.22395717867362253,-0.13479620200620954,0.08916097666741299
kovacs_eig_01_003,50->80,10.000020000000001,1800.0,two_step,50,80,1.0002,499.98,500.98,10,0.691330258038465,0.691330258038465,-1.3494640141366285,-1.306847953088899,0.042616061047729525,-2.0965362600141484,-1.9862648672725125,0.11027139274163589,1.0,1.0892230909829614,0.08922309098296144,-0.22395717867362253,-0.1299156477296752,0.09404153094394732
kovacs_eig_01_004,50->100,10.000020000000001,10.000020000000001,two_step,50,100,100.02,0.4998,100.52,1,0.12293423818332277,0.12293423818332277,-0.9448983335947144,-0.9347654428351784,0.01013289075953605,-1.733195786910836,-1.726760864803359,0.006434922107477092,0.7002026906210237,0.6543787517600557,-0.04582393886096803,-0.2397959967216231,-0.23327493261900395,0.006521064102619156
kovacs_eig_01_004,50->100,10.000020000000001,10.000020000000001,two_step,50,100,100,0.4998,100.5,2,0.12307781412645467,0.12307781412645467,-0.9448983335947144,-0.9347477910856753,0.010150542509039129,-1.733195786910836,-1.7267525910920318,0.006443195818804259,0.7002026906210237,0.6543642838398462,-0.045838406781177454,-0.2397959967216231,-0.23324164035566325,0.006554356365959857
kovacs_eig_01_004,50->100,10.000020000000001,10.000020000000001,two_step,50,100,100,0.4998,100.5,3,0.12307781412645467,0.12307781412645467,-0.9448983335947144,-0.9347477910856753,0.010150542509039129,-1.733195786910836,-1.7267525910920318,0.006443195818804259,0.7002026906210237,0.6543642838398462,-0.045838406781177454,-0.2397959967216231,-0.23324164035566325,0.006554356365959857
kovacs_eig_01_004,50->100,10.000020000000001,10.000020000000001,two_step,50,100,0.798,4.998,5.796,4,0.14157569954002155,0.14157569954002155,-0.9448983335947144,-0.9307914881560183,0.014106845438696114,-1.733195786910836,-1.734769242520891,-0.0015734556100548414,0.7002026906210237,0.7225184688129218,0.022315778191898117,-0.2397959967216231,-0.20286590657895395,0.03693009014266915
kovacs_eig_01_004,50->100,10.000020000000001,10.000020000000001,two_step,50,100,1.0002,4.998,5.9982,5,0.1665766717056344,0.1665766717056344,-0.9448983335947144,-0.9218381865088605,0.02306014708585391,-1.733195786910836,-1.7284214057765677,0.004774381134268424,0.7002026906210237,0.7124842392193861,0.01228154859836239,-0.2397959967216231,-0.19384180821141375,0.045954188510209354
kovacs_eig_01_004,50->100,10.000020000000001,10.000020000000001,two_step,50,100,100.02,0.798,100.818,6,0.17037509425416414,0.17037509425416414,-0.9448983335947144,-0.9327558845618891,0.012142449032825353,-1.733195786910836,-1.719321034971119,0.0138747519397171,0.7002026906210237,0.6667635831502127,-0.033439107470811025,-0.2397959967216231,-0.26846109443305227,-0.028665097711429166
kovacs_eig_01_004,50->100,10.000020000000001,10.000020000000001,two_step,50,100,100,0.798,100.798,7,0.17038057069666127,0.17038057069666127,-0.9448983335947144,-0.9327379568155387,0.012160376779175697,-1.733195786910836,-1.719312587435989,0.013883199474847174,0.7002026906210237,0.6667488645632711,-0.0334538260577526,-0.2397959967216231,-0.26842746901666126,-0.02863147229503815
kovacs_eig_01_004,50->100,10.000020000000001,10.000020000000001,two_step,50,100,100,0.798,100.798,8,0.17038057069666127,0.17038057069666127,-0.9448983335947144,-0.9327379568155387,0.012160376779175697,-1.733195786910836,-1.719312587435989,0.013883199474847174,0.7002026906210237,0.6667488645632711,-0.0334538260577526,-0.2397959967216231,-0.26842746901666126,-0.02863147229503815
kovacs_eig_01_004,50->100,10.000020000000001,10.000020000000001,two_step,50,100,4.998,1.0002,5.9982,9,0.18871582792523198,0.18871582792523198,-0.9448983335947144,-0.9724793434701533,-0.027581009875438878,-1.733195786910836,-1.748985977745337,-0.01579019083450084,0.7002026906210237,0.7066027602650141,0.006400069643990425,-0.2397959967216231,-0.19534549193445622,0.04445050478716689
kovacs_eig_01_004,50->100,10.000020000000001,10.000020000000001,two_step,50,100,0.4998,4.998,5.4978,10,0.19243673090932956,0.19243673090932956,-0.9448983335947144,-0.9575332376067905,-0.01263490401207612,-1.733195786910836,-1.7510380814139088,-0.01784229450307273,0.7002026906210237,0.7541654886394843,0.0539627980184606,-0.2397959967216231,-0.22211528091326158,0.01768071580836153
kovacs_eig_01_005,50->100,1800.0,10.000020000000001,two_step,50,100,1800,10.02,1810.02,1,0.05353902556777225,0.05353902556777225,-1.0979280042202304,-1.1004316579290037,-0.002503653708773257,-1.817888413755372,-1.831414211029288,-0.013525797273916007,0.8136030251408164,0.8128794597736165,-0.0007235653671998632,-0.3928256673471391,-0.39971166763019206,-0.006886000283052973
kovacs_eig_01_005,50->100,1800.0,10.000020000000001,two_step,50,100,1800,10,1810,2,0.0536792655465179,0.0536792655465179,-1.0979280042202304,-1.1003407943248844,-0.0024127901046540057,-1.817888413755372,-1.8313502376236694,-0.013461823868297529,0.8136030251408164,0.8126902837930609,-0.0009127413477555413,-0.3928256673471391,-0.399777101005583,-0.006951433658443917
kovacs_eig_01_005,50->100,1800.0,10.000020000000001,two_step,50,100,1800,10,1810,3,0.0536792655465179,0.0536792655465179,-1.0979280042202304,-1.1003407943248844,-0.0024127901046540057,-1.817888413755372,-1.8313502376236694,-0.013461823868297529,0.8136030251408164,0.8126902837930609,-0.0009127413477555413,-0.3928256673471391,-0.399777101005583,-0.006951433658443917
kovacs_eig_01_005,50->100,1800.0,10.000020000000001,two_step,50,100,1800,4.998,1805,4,0.16623808568849843,0.16623808568849843,-1.0979280042202304,-1.0745195723260144,0.023408431894216042,-1.817888413755372,-1.8147490404779707,0.003139373277401214,0.8136030251408164,0.7559673579840973,-0.057635667156719084,-0.3928256673471391,-0.40401742130398877,-0.011191753956849682
kovacs_eig_01_005,50->100,1800.0,10.000020000000001,two_step,50,100,0.1002,0.4998,0.6,5,0.19363352544254764,0.19363352544254764,-1.0979280042202304,-1.1054939868082796,-0.0075659825880491915,-1.817888413755372,-1.829902028304345,-0.012013614548973095,0.8136030251408164,0.8701645258596991,0.05656150071888266,-0.3928256673471391,-0.3655998992390294,0.02722576810810967
kovacs_eig_01_005,50->100,1800.0,10.000020000000001,two_step,50,100,0.1002,0.798,0.8982,6,0.2014918676848318,0.2014918676848318,-1.0979280042202304,-1.0984579949910078,-0.0005299907707774221,-1.817888413755372,-1.8261828582448618,-0.008294444489489905,0.8136030251408164,0.874375023511063,0.060771998370246605,-0.3928256673471391,-0.35510449555862694,0.03772117178851214
kovacs_eig_01_005,50->100,1800.0,10.000020000000001,two_step,50,100,0.1002,1.0002,1.1004,7,0.22028870205703938,0.22028870205703938,-1.0979280042202304,-1.097739595901235,0.00018840831899535893,-1.817888413755372,-1.8254681460709958,-0.007579732315623922,0.8136030251408164,0.8799444353464283,0.0663414102056119,-0.3928256673471391,-0.3494066239581947,0.04341904338894437
kovacs_eig_01_005,50->100,1800.0,10.000020000000001,two_step,50,100,600,0.4998,600.5,8,0.2210395025204499,0.2210395025204499,-1.0979280042202304,-1.0729640116215804,0.02496399259865001,-1.817888413755372,-1.8087849936189033,0.009103420136468587,0.8136030251408164,0.7270595475041799,-0.0865434776366365,-0.3928256673471391,-0.3987945482049635,-0.005968880857824432
kovacs_eig_01_005,50->100,1800.0,10.000020000000001,two_step,50,100,1200,4.998,1205,9,0.2216719876851692,0.2216719876851692,-1.0979280042202304,-1.0858794296414978,0.012048574578732651,-1.817888413755372,-1.810842444018118,0.007045969737254021,0.8136030251408164,0.7870231229655517,-0.026579902175264736,-0.3928256673471391,-0.45987027634811756,-0.06704460900097847
kovacs_eig_01_005,50->100,1800.0,10.000020000000001,two_step,50,100,1200,10,1210,10,0.22561910614798006,0.22561910614798006,-1.0979280042202304,-1.1115873488679058,-0.013659344647675375,-1.817888413755372,-1.8278500532495265,-0.009961639494154628,0.8136030251408164,0.8433765297504197,0.029773504609603263,-0.3928256673471391,-0.45442259149936104,-0.061596924152221955
kovacs_eig_01_006,55->90,600.0,300.0,two_step,55,90,0.4998,100.02,100.52,1,0.15252296237477164,0.15252296237477164,-1.1977614957632745,-1.1805084539266282,0.017253041836646332,-1.9082959692093322,-1.9112980896148675,-0.003002120405535269,1.0,0.9926435573135635,-0.007356442686436537,-0.18880620872089904,-0.13888531888611727,0.04992088983478177
kovacs_eig_01_006,55->90,600.0,300.0,two_step,55,90,0.4998,100,100.5,2,0.15255018129397235,0.15255018129397235,-1.1977614957632745,-1.1804825516205835,0.017278944142691044,-1.9082959692093322,-1.9112776806628409,-0.002981711453508673,1.0,0.9926204073082533,-0.007379592691746706,-0.18880620872089904,-0.13888700491155292,0.04991920380934611
kovacs_eig_01_006,55->90,600.0,300.0,two_step,55,90,0.4998,100,100.5,3,0.15255018129397235,0.15255018129397235,-1.1977614957632745,-1.1804825516205835,0.017278944142691044,-1.9082959692093322,-1.9112776806628409,-0.002981711453508673,1.0,0.9926204073082533,-0.007379592691746706,-0.18880620872089904,-0.13888700491155292,0.04991920380934611
kovacs_eig_01_006,55->90,600.0,300.0,two_step,55,90,499.98,300,799.98,4,0.2160173608226432,0.2160173608226432,-1.1977614957632745,-1.1775943723307887,0.020167123432485834,-1.9082959692093322,-1.8989483436589254,0.009347625550406802,1.0,0.9810591765578315,-0.01894082344216852,-0.18880620872089904,-0.24999103375555612,-0.06118482503465708
kovacs_eig_01_006,55->90,600.0,300.0,two_step,55,90,600,300,900,5,0.2496590755968986,0.2496590755968986,-1.1977614957632745,-1.2062199611596913,-0.008458465396416814,-1.9082959692093322,-1.9154578425860518,-0.007161873376719585,1.0,1.0059305266971572,0.005930526697157212,-0.18880620872089904,-0.28853712328048764,-0.0997309145595886
kovacs_eig_01_006,55->90,600.0,300.0,two_step,55,90,0.1002,10,10.1002,6,0.25354376802980255,0.25354376802980255,-1.1977614957632745,-1.207329127045391,-0.009567631282116462,-1.9082959692093322,-1.8869291956888834,0.0213667735204488,1.0,1.050349752418899,0.05034975241889894,-0.18880620872089904,-0.23693318218985338,-0.04812697346895434
kovacs_eig_01_006,55->90,600.0,300.0,two_step,55,90,0.1002,10,10.1002,7,0.25354376802980255,0.25354376802980255,-1.1977614957632745,-1.207329127045391,-0.009567631282116462,-1.9082959692093322,-1.8869291956888834,0.0213667735204488,1.0,1.050349752418899,0.05034975241889894,-0.18880620872089904,-0.23693318218985338,-0.04812697346895434
kovacs_eig_01_006,55->90,600.0,300.0,two_step,55,90,0.1002,10.02,10.1202,8,0.2537347735896572,0.2537347735896572,-1.1977614957632745,-1.2074591480588932,-0.009697652295618697,-1.9082959692093322,-1.8870035990909326,0.021292370118399573,1.0,1.050521344142032,0.05052134414203202,-0.18880620872089904,-0.23687285875173442,-0.04806665003083538
kovacs_eig_01_006,55->90,600.0,300.0,two_step,55,90,300,499.98,799.98,9,0.25383333171617917,0.25383333171617917,-1.1977614957632745,-1.15964998248891,0.03811151327436457,-1.9082959692093322,-1.907436432100576,0.0008595371087563031,1.0,0.9223013280432804,-0.07769867195671964,-0.18880620872089904,-0.160645802212508,0.02816040650839105
kovacs_eig_01_006,55->90,600.0,300.0,two_step,55,90,300,600,900,10,0.2780355033788474,0.2780355033788474,-1.1977614957632745,-1.1710819869307445,0.026679508832530008,-1.9082959692093322,-1.9202758516220109,-0.011979882412678666,1.0,0.9114459523973097,-0.08855404760269026,-0.18880620872089904,-0.1619118711424429,0.026894337578456134
kovacs_eig_01_007,50->70,10.000020000000001,1800.0,two_step,50,70,4.998,1800,1805,1,0.42316413449845236,0.42316413449845236,-1.193298130178259,-1.1859178242754562,0.007380305902802808,-1.9742909268451183,-1.914176753166646,0.06011417367847227,0.8842756217858224,0.9485028374982534,0.06422721571243095,-0.06779129471525303,0.0059044641376503615,0.07369575885290339
kovacs_eig_01_007,50->70,10.000020000000001,1800.0,two_step,50,70,4.998,1200,1205,2,0.6316685790342315,0.6316685790342315,-1.193298130178259,-1.106389342585212,0.08690878759304699,-1.9742909268451183,-1.857237222100507,0.11705370474461141,0.8842756217858224,0.8861128345162346,0.0018372127304121522,-0.06779129471525303,0.023948377268877045,0.09173967198413008
kovacs_eig_01_007,50->70,10.000020000000001,1800.0,two_step,50,70,0.4998,100.02,100.52,3,0.6533003995281536,0.6533003995281536,-1.193298130178259,-1.152262850145486,0.041035280032773125,-1.9742909268451183,-1.8548424469848985,0.11944847986021978,0.8842756217858224,1.0017696833404715,0.11749406155464903,-0.06779129471525303,-0.024368752043940824,0.0434225426713122
kovacs_eig_01_007,50->70,10.000020000000001,1800.0,two_step,50,70,0.4998,100,100.5,4,0.6533065275541572,0.6533065275541572,-1.193298130178259,-1.152245057236901,0.04105307294135807,-1.9742909268451183,-1.8548325306323574,0.11945839621276089,0.8842756217858224,1.0017497279660441,0.1174741061802217,-0.06779129471525303,-0.02437598024183448,0.043415314473418544
kovacs_eig_01_007,50->70,10.000020000000001,1800.0,two_step,50,70,0.4998,100,100.5,5,0.6533065275541572,0.6533065275541572,-1.193298130178259,-1.152245057236901,0.04105307294135807,-1.9742909268451183,-1.8548325306323574,0.11945839621276089,0.8842756217858224,1.0017497279660441,0.1174741061802217,-0.06779129471525303,-0.02437598024183448,0.043415314473418544
kovacs_eig_01_007,50->70,10.000020000000001,1800.0,two_step,50,70,0.798,300,300.798,6,0.6571951841491678,0.6571951841491678,-1.193298130178259,-1.1901453799174988,0.0031527502607602287,-1.9742909268451183,-1.879858115228094,0.09443281161702433,0.8842756217858224,1.0348997553435924,0.15062413355776993,-0.06779129471525303,0.011321512681094152,0.07911280739634718
kovacs_eig_01_007,50->70,10.000020000000001,1800.0,two_step,50,70,0.4998,49.98,50.4798,7,0.661318070294161,0.661318070294161,-1.193298130178259,-1.093985397550302,0.09931273262795703,-1.9742909268451183,-1.8231306219648682,0.15116030488025012,0.8842756217858224,0.9347772447776397,0.05050162299181726,-0.06779129471525303,-0.05160247132617532,0.016188823389077706
kovacs_eig_01_007,50->70,10.000020000000001,1800.0,two_step,50,70,0.4998,60,60.4998,8,0.6614926670862324,0.6614926670862324,-1.193298130178259,-1.108700996867244,0.08459713331101493,-1.9742909268451183,-1.831006941720737,0.14328398512438123,0.8842756217858224,0.9519839972582551,0.06770837547243269,-0.06779129471525303,-0.04406000368987703,0.023731291025375995
kovacs_eig_01_007,50->70,10.000020000000001,1800.0,two_step,50,70,0.4998,30,30.4998,9,0.6788469957932379,0.6788469957932379,-1.193298130178259,-1.0551499683203083,0.13814816185795076,-1.9742909268451183,-1.8026441199079568,0.1716468069371615,0.8842756217858224,0.8885629997251179,0.004287377939295456,-0.06779129471525303,-0.07371325253361644,-0.00592195781836341
kovacs_eig_01_007,50->70,10.000020000000001,1800.0,two_step,50,70,0.1002,10,10.1002,10,0.6832230504622128,0.6832230504622128,-1.193298130178259,-1.212634638949691,-0.019336508771431893,-1.9742909268451183,-1.8942406965010545,0.08005023034406378,0.8842756217858224,1.064572275033219,0.18029665324739652,-0.06779129471525303,-0.13997155290917587,-0.07218025819392285
kovacs_eig_01_008,50->100,10.000020000000001,1800.0,two_step,50,100,10.02,1200,1210.02,1,0.17543763879137944,0.17543763879137944,-0.9209352116157631,-0.908888594577256,0.012046617038507068,-1.8161675737894751,-1.8010367846067155,0.015130789182759674,0.6824451796922993,0.6827321242904361,0.000286944598136718,0.23945986149822052,0.18327359120698503,-0.05618627029123549
kovacs_eig_01_008,50->100,10.000020000000001,1800.0,two_step,50,100,10,1200,1210,2,0.17544609161828567,0.17544609161828567,-0.9209352116157631,-0.9091519063495808,0.01178330526618232,-1.8161675737894751,-1.8011647184087645,0.015002855380710667,0.6824451796922993,0.6830773685600383,0.0006321888677389698,0.23945986149822052,0.18318155928543323,-0.05627830221278729
kovacs_eig_01_008,50->100,10.000020000000001,1800.0,two_step,50,100,10,1200,1210,3,0.17544609161828567,0.17544609161828567,-0.9209352116157631,-0.9091519063495808,0.01178330526618232,-1.8161675737894751,-1.8011647184087645,0.015002855380710667,0.6824451796922993,0.6830773685600383,0.0006321888677389698,0.23945986149822052,0.18318155928543323,-0.05627830221278729
kovacs_eig_01_008,50->100,10.000020000000001,1800.0,two_step,50,100,10.02,1800,1810.02,4,0.2146140516333671,0.2146140516333671,-0.9209352116157631,-0.9329588212308242,-0.012023609615061104,-1.8161675737894751,-1.8087584599127917,0.007409113876683415,0.6824451796922993,0.7210841272130816,0.03863894752078223,0.23945986149822052,0.18586609907489907,-0.05359376242332145
kovacs_eig_01_008,50->100,10.000020000000001,1800.0,two_step,50,100,10,1800,1810,5,0.21551191178962303,0.21551191178962303,-0.9209352116157631,-0.9332256045356286,-0.012290392919865556,-1.8161675737894751,-1.8088875225220542,0.007280051267420928,0.6824451796922993,0.7214341662090575,0.038988986516758195,0.23945986149822052,0.1857737089094056,-0.05368615258881493
kovacs_eig_01_008,50->100,10.000020000000001,1800.0,two_step,50,100,10,1800,1810,6,0.21551191178962303,0.21551191178962303,-0.9209352116157631,-0.9332256045356286,-0.012290392919865556,-1.8161675737894751,-1.8088875225220542,0.007280051267420928,0.6824451796922993,0.7214341662090575,0.038988986516758195,0.23945986149822052,0.1857737089094056,-0.05368615258881493
kovacs_eig_01_008,50->100,10.000020000000001,1800.0,two_step,50,100,10,1000.02,1010.02,7,0.232079247282704,0.232079247282704,-0.9209352116157631,-0.898324444681404,0.02261076693435904,-1.8161675737894751,-1.7974346129458152,0.01873296084365994,0.6824451796922993,0.6663442883874753,-0.01610089130482406,0.23945986149822052,0.18151070240626102,-0.057949159091959496
kovacs_eig_01_008,50->100,10.000020000000001,1800.0,two_step,50,100,10,1000.02,1010.02,8,0.232079247282704,0.232079247282704,-0.9209352116157631,-0.898324444681404,0.02261076693435904,-1.8161675737894751,-1.7974346129458152,0.01873296084365994,0.6824451796922993,0.6663442883874753,-0.01610089130482406,0.23945986149822052,0.18151070240626102,-0.057949159091959496
kovacs_eig_01_008,50->100,10.000020000000001,1800.0,two_step,50,100,10.02,1000.02,1010.04,9,0.2332099154873462,0.2332099154873462,-0.9209352116157631,-0.8980637217730686,0.022871489842694492,-1.8161675737894751,-1.7973074207218582,0.018860153067616903,0.6824451796922993,0.6660029378199933,-0.01644224187230603,0.23945986149822052,0.18160227111743504,-0.05785759038078547
kovacs_eig_01_008,50->100,10.000020000000001,1800.0,two_step,50,100,10,900,910,10,0.26678728882043157,0.26678728882043157,-0.9209352116157631,-0.8919578943226676,0.028977317293095495,-1.8161675737894751,-1.7950800117332204,0.021087562056254727,0.6824451796922993,0.6568595407622321,-0.025585638930067267,0.23945986149822052,0.18035740231044925,-0.05910245918777127
kovacs_eig_01_009,50->85,10.000020000000001,60.0,two_step,50,85,100,100.02,200.02,1,0.07420761313354417,0.07420761313354417,-0.7478574994172109,-0.7627881006829267,-0.01493060126571577,-1.6315597342153063,-1.6277669756651851,0.003792758550121178,0.5541885456617245,0.5491183119517508,-0.005070233709973726,-0.03052327631189189,-0.015455600248487703,0.015067676063404187
kovacs_eig_01_009,50->85,10.000020000000001,60.0,two_step,50,85,100,100.02,200.02,2,0.07420761313354417,0.07420761313354417,-0.7478574994172109,-0.7627881006829267,-0.01493060126571577,-1.6315597342153063,-1.6277669756651851,0.003792758550121178,0.5541885456617245,0.5491183119517508,-0.005070233709973726,-0.03052327631189189,-0.015455600248487703,0.015067676063404187
kovacs_eig_01_009,50->85,10.000020000000001,60.0,two_step,50,85,100.02,100.02,200.04,3,0.07421903113472014,0.07421903113472014,-0.7478574994172109,-0.7627889914956157,-0.014931492078404829,-1.6315597342153063,-1.6277624175117855,0.003797316703520792,0.5541885456617245,0.5491259715003252,-0.005062574161399325,-0.03052327631189189,-0.015450174403294499,0.01507310190859739
kovacs_eig_01_009,50->85,10.000020000000001,60.0,two_step,50,85,100.02,100,200.02,4,0.07423853162278395,0.07423853162278395,-0.7478574994172109,-0.7627727178677736,-0.01491521845056265,-1.6315597342153063,-1.6277500511720946,0.00380968304321172,0.5541885456617245,0.5491106011962046,-0.005077944465519901,-0.03052327631189189,-0.015454931117675708,0.015068345194216182
kovacs_eig_01_009,50->85,10.000020000000001,60.0,two_step,50,85,100.02,100,200.02,5,0.07423853162278395,0.07423853162278395,-0.7478574994172109,-0.7627727178677736,-0.01491521845056265,-1.6315597342153063,-1.6277500511720946,0.00380968304321172,0.5541885456617245,0.5491106011962046,-0.005077944465519901,-0.03052327631189189,-0.015454931117675708,0.015068345194216182
kovacs_eig_01_009,50->85,10.000020000000001,60.0,two_step,50,85,100,100,200,6,0.0742432502713137,0.0742432502713137,-0.7478574994172109,-0.7627799193920815,-0.014922419974870538,-1.6315597342153063,-1.6277532562387118,0.0038064779765945023,0.5541885456617245,0.5491164803274148,-0.0050720653343097055,-0.03052327631189189,-0.015449878000918911,0.015073398310972978
kovacs_eig_01_009,50->85,10.000020000000001,60.0,two_step,50,85,100,100,200,7,0.0742432502713137,0.0742432502713137,-0.7478574994172109,-0.7627799193920815,-0.014922419974870538,-1.6315597342153063,-1.6277532562387118,0.0038064779765945023,0.5541885456617245,0.5491164803274148,-0.0050720653343097055,-0.03052327631189189,-0.015449878000918911,0.015073398310972978
kovacs_eig_01_009,50->85,10.000020000000001,60.0,two_step,50,85,100,100,200,8,0.0742432502713137,0.0742432502713137,-0.7478574994172109,-0.7627799193920815,-0.014922419974870538,-1.6315597342153063,-1.6277532562387118,0.0038064779765945023,0.5541885456617245,0.5491164803274148,-0.0050720653343097055,-0.03052327631189189,-0.015449878000918911,0.015073398310972978
kovacs_eig_01_009,50->85,10.000020000000001,60.0,two_step,50,85,100,100,200,9,0.0742432502713137,0.0742432502713137,-0.7478574994172109,-0.7627799193920815,-0.014922419974870538,-1.6315597342153063,-1.6277532562387118,0.0038064779765945023,0.5541885456617245,0.5491164803274148,-0.0050720653343097055,-0.03052327631189189,-0.015449878000918911,0.015073398310972978
kovacs_eig_01_009,50->85,10.000020000000001,60.0,two_step,50,85,60,100,160,10,0.0794071721611969,0.0794071721611969,-0.7478574994172109,-0.7608029806945006,-0.012945481277289672,-1.6315597342153063,-1.6386896695778284,-0.007129935362522044,0.5541885456617245,0.5313961729385441,-0.022792372723180354,-0.03052327631189189,-0.029554039309919854,0.0009692370019720349
kovacs_eig_01_010,75->100,10.000020000000001,1800.0,two_step,75,100,0.4998,100.02,100.52,1,0.2404702698578289,0.2404702698578289,-1.0508807941658473,-1.0702919427236472,-0.019411148557799907,-1.9177149893321301,-1.9010136206237342,0.01670136870839589,1.0,0.9252042391035243,-0.07479576089647566,0.10951427894813626,0.1295328384663986,0.02001855951826234
kovacs_eig_01_010,75->100,10.000020000000001,1800.0,two_step,75,100,0.4998,100,100.5,2,0.2404959827459186,0.2404959827459186,-1.0508807941658473,-1.0702613831624885,-0.01938058899664119,-1.9177149893321301,-1.900991472455817,0.016723516876313127,1.0,0.9251758848840492,-0.07482411511595077,0.10951427894813626,0.12952036712452786,0.0200060881763916
kovacs_eig_01_010,75->100,10.000020000000001,1800.0,two_step,75,100,0.4998,100,100.5,3,0.2404959827459186,0.2404959827459186,-1.0508807941658473,-1.0702613831624885,-0.01938058899664119,-1.9177149893321301,-1.900991472455817,0.016723516876313127,1.0,0.9251758848840492,-0.07482411511595077,0.10951427894813626,0.12952036712452786,0.0200060881763916
kovacs_eig_01_010,75->100,10.000020000000001,1800.0,two_step,75,100,10.02,1800,1810.02,4,0.3813476119847705,0.3813476119847705,-1.0508807941658473,-1.1035219754478562,-0.0526411812820089,-1.9177149893321301,-1.9470642757417012,-0.029349286409571018,1.0,0.8839099544393533,-0.11609004556064673,0.10951427894813626,0.12235700753521636,0.012842728587080104
kovacs_eig_01_010,75->100,10.000020000000001,1800.0,two_step,75,100,10,1800,1810,5,0.3815642081696704,0.3815642081696704,-1.0508807941658473,-1.1037972110021097,-0.05291641683626236,-1.9177149893321301,-1.947208194193859,-0.029493204861728906,1.0,0.8842478730691307,-0.11575212693086934,0.10951427894813626,0.12233841802179798,0.012824139073661728
kovacs_eig_01_010,75->100,10.000020000000001,1800.0,two_step,75,100,10,1800,1810,6,0.3815642081696704,0.3815642081696704,-1.0508807941658473,-1.1037972110021097,-0.05291641683626236,-1.9177149893321301,-1.947208194193859,-0.029493204861728906,1.0,0.8842478730691307,-0.11575212693086934,0.10951427894813626,0.12233841802179798,0.012824139073661728
kovacs_eig_01_010,75->100,10.000020000000001,1800.0,two_step,75,100,10,1200,1210,7,0.39744717209193553,0.39744717209193553,-1.0508807941658473,-1.0499614346801835,0.0009193594856637954,-1.9177149893321301,-1.919410129655853,-0.0016951403237228657,1.0,0.8185454299867363,-0.1814545700132637,0.10951427894813626,0.15235560956465585,0.042841330616519596
kovacs_eig_01_010,75->100,10.000020000000001,1800.0,two_step,75,100,10,1200,1210,8,0.39744717209193553,0.39744717209193553,-1.0508807941658473,-1.0499614346801835,0.0009193594856637954,-1.9177149893321301,-1.919410129655853,-0.0016951403237228657,1.0,0.8185454299867363,-0.1814545700132637,0.10951427894813626,0.15235560956465585,0.042841330616519596
kovacs_eig_01_010,75->100,10.000020000000001,1800.0,two_step,75,100,10.02,1200,1210.02,9,0.3981367025441168,0.3981367025441168,-1.0508807941658473,-1.0496896452674649,0.0011911488983824547,-1.9177149893321301,-1.919267486252123,-0.0015524969199929295,1.0,0.818211890599235,-0.18178810940076495,0.10951427894813626,0.15237349322600285,0.0428592142778666
kovacs_eig_01_010,75->100,10.000020000000001,1800.0,two_step,75,100,4.998,600,604.998,10,0.4409525617102493,0.4409525617102493,-1.0508807941658473,-1.052441255968997,-0.0015604618031497264,-1.9177149893321301,-1.9198668044712677,-0.002151815139137536,1.0,0.8289380329678332,-0.1710619670321668,0.10951427894813626,0.18049138733383766,0.0709771083857014
kovacs_eig_03_001,50->65,10.000020000000001,1200.0,two_step,50,65,10,1200,1210,1,0.17749679591279377,0.17749679591279377,-0.9766531124625322,-0.9457834334467474,0.030869679015784746,-1.756735708550484,-1.7519484140925734,0.004787294457910596,0.7237340916329537,0.7417341551963201,0.018000063563366475,0.14885372300047384,0.10849580837514652,-0.04035791462532731
kovacs_eig_03_001,50->65,10.000020000000001,1200.0,two_step,50,65,10,1200,1210,2,0.17749679591279377,0.17749679591279377,-0.9766531124625322,-0.9457834334467474,0.030869679015784746,-1.756735708550484,-1.7519484140925734,0.004787294457910596,0.7237340916329537,0.7417341551963201,0.018000063563366475,0.14885372300047384,0.10849580837514652,-0.04035791462532731
kovacs_eig_03_001,50->65,10.000020000000001,1200.0,two_step,50,65,10.02,1200,1210.02,3,0.17783970542535404,0.17783970542535404,-0.9766531124625322,-0.9454802222241487,0.031172890238383433,-1.756735708550484,-1.751777908726728,0.004957799823755993,0.7237340916329537,0.7413897030773099,0.017655611444356234,0.14885372300047384,0.10850282553100282,-0.040350897469471014
kovacs_eig_03_001,50->65,10.000020000000001,1200.0,two_step,50,65,4.998,600,604.998,4,0.22708207612420284,0.22708207612420284,-0.9766531124625322,-0.9651067525297816,0.01154635993275055,-1.756735708550484,-1.7557686419269134,0.0009670666235706005,0.7237340916329537,0.7815997446387978,0.05786565300584412,0.14885372300047384,0.09654441676001693,-0.052309306240456904
kovacs_eig_03_001,50->65,10.000020000000001,1200.0,two_step,50,65,10,1000.02,1010.02,5,0.2368045789183738,0.2368045789183738,-0.9766531124625322,-0.9214171010843585,0.05523601137817369,-1.756735708550484,-1.7358800289756742,0.020855679574809827,0.7237340916329537,0.7199140714196431,-0.0038200202133105154,0.14885372300047384,0.10745916588261356,-0.041394557117860276
kovacs_eig_03_001,50->65,10.000020000000001,1200.0,two_step,50,65,10,1000.02,1010.02,6,0.2368045789183738,0.2368045789183738,-0.9766531124625322,-0.9214171010843585,0.05523601137817369,-1.756735708550484,-1.7358800289756742,0.020855679574809827,0.7237340916329537,0.7199140714196431,-0.0038200202133105154,0.14885372300047384,0.10745916588261356,-0.041394557117860276
kovacs_eig_03_001,50->65,10.000020000000001,1200.0,two_step,50,65,10.02,1000.02,1010.04,7,0.23828780707732988,0.23828780707732988,-0.9766531124625322,-0.9211155017710738,0.05553761069145835,-1.756735708550484,-1.735710082819928,0.021025625730556108,0.7237340916329537,0.7195717238963073,-0.004162367736646355,0.14885372300047384,0.1074663092225066,-0.04138741377796723
kovacs_eig_03_001,50->65,10.000020000000001,1200.0,two_step,50,65,4.998,499.98,504.978,8,0.26827490295944334,0.26827490295944334,-0.9766531124625322,-0.9451447542985603,0.031508358163971906,-1.756735708550484,-1.743400790848185,0.013334917702298998,0.7237340916329537,0.7619973656364782,0.03826327400352458,0.14885372300047384,0.09190097655669704,-0.05695274644377679
kovacs_eig_03_001,50->65,10.000020000000001,1200.0,two_step,50,65,10,900,910,9,0.30357093255466383,0.30357093255466383,-0.9766531124625322,-0.908040846961181,0.06861226550135113,-1.756735708550484,-1.7271483770554408,0.029587331495043223,0.7237340916329537,0.7077174422973007,-0.016016649335652944,0.14885372300047384,0.10634760503789034,-0.042506117962583495
kovacs_eig_03_001,50->65,10.000020000000001,1200.0,two_step,50,65,10,900,910,10,0.30357093255466383,0.30357093255466383,-0.9766531124625322,-0.908040846961181,0.06861226550135113,-1.756735708550484,-1.7271483770554408,0.029587331495043223,0.7237340916329537,0.7077174422973007,-0.016016649335652944,0.14885372300047384,0.10634760503789034,-0.042506117962583495
kovacs_eig_03_002,50->75,10.000020000000001,10.000020000000001,two_step,50,75,30,30,60,1,0.17382131091038033,0.17382131091038033,-0.7054400065972599,-0.7112025276956987,-0.005762521098438778,-1.5364627714938504,-1.5697407846752727,-0.03327801318142232,0.5227557009355246,0.5038620850510884,-0.018893615884436166,-0.0010349900609126772,-0.024810693893888493,-0.023775703832975816
kovacs_eig_03_002,50->75,10.000020000000001,10.000020000000001,two_step,50,75,49.98,49.98,99.96,2,0.17690750955756646,0.17690750955756646,-0.7054400065972599,-0.6793457799456629,0.026094226651596997,-1.5364627714938504,-1.5523143304887765,-0.015851558994926185,0.5227557009355246,0.4695543839838934,-0.05320131695163122,-0.0010349900609126772,0.0014223088502252207,0.002457298911137898
kovacs_eig_03_002,50->75,10.000020000000001,10.000020000000001,two_step,50,75,60,49.98,109.98,3,0.19751070708477897,0.19751070708477897,-0.7054400065972599,-0.6703895484434076,0.035050458153852326,-1.5364627714938504,-1.5483417352468107,-0.011878963752960381,0.5227557009355246,0.4588978780260765,-0.06385782290944808,-0.0010349900609126772,0.0003887679855884424,0.0014237580465011196
kovacs_eig_03_002,50->75,10.000020000000001,10.000020000000001,two_step,50,75,49.98,60,109.98,4,0.21499002931261418,0.21499002931261418,-0.7054400065972599,-0.6708185559019485,0.03462145069531142,-1.5364627714938504,-1.552302036791517,-0.01583926529766666,0.5227557009355246,0.4568652726395117,-0.06589042829601288,-0.0010349900609126772,0.0027436024588827004,0.0037785925197953776
kovacs_eig_03_002,50->75,10.000020000000001,10.000020000000001,two_step,50,75,49.98,30,79.98,5,0.21770564364995473,0.21770564364995473,-0.7054400065972599,-0.6870691558875304,0.018370850709729547,-1.5364627714938504,-1.5592165879740445,-0.022753816480194144,0.5227557009355246,0.4743514854669423,-0.04840421546858231,-0.0010349900609126772,-0.024809066294008482,-0.023774076233095805
kovacs_eig_03_002,50->75,10.000020000000001,10.000020000000001,two_step,50,75,60,60,120,6,0.21825739417993195,0.21825739417993195,-0.7054400065972599,-0.6689412672121637,0.03649873938509618,-1.5364627714938504,-1.5469330246785085,-0.010470253184658107,0.5227557009355246,0.45817793218618685,-0.06457776874933774,-0.0010349900609126772,0.010303048816317793,0.01133803887723047
kovacs_eig_03_002,50->75,10.000020000000001,10.000020000000001,two_step,50,75,60,4.998,64.998,7,0.2287952026423578,0.2287952026423578,-0.7054400065972599,-0.695249731259575,0.010190275337684906,-1.5364627714938504,-1.579637320185289,-0.04317454869143855,0.5227557009355246,0.465010816110464,-0.05774488482506057,-0.0010349900609126772,-0.0046991007693217846,-0.0036641107084091074
kovacs_eig_03_002,50->75,10.000020000000001,10.000020000000001,two_step,50,75,60,30,90,8,0.23454401413342962,0.23454401413342962,-0.7054400065972599,-0.6779193229708166,0.027520683626443332,-1.5364627714938504,-1.5551176520038328,-0.01865488050998243,0.5227557009355246,0.4636525491676736,-0.05910315176785097,-0.0010349900609126772,-0.02193119191754453,-0.020896201856631852
kovacs_eig_03_002,50->75,10.000020000000001,10.000020000000001,two_step,50,75,30,49.98,79.98,9,0.23512558535945283,0.23512558535945283,-0.7054400065972599,-0.685993662341903,0.019446344255356962,-1.5364627714938504,-1.5677799193450532,-0.031317147851202876,0.5227557009355246,0.4685459310816136,-0.054209769853911016,-0.0010349900609126772,-0.017389802324592196,-0.01635481226367952
kovacs_eig_03_002,50->75,10.000020000000001,10.000020000000001,two_step,50,75,49.98,4.998,54.978,10,0.25363310778595066,0.25363310778595066,-0.7054400065972599,-0.7114026854595452,-0.005962678862285298,-1.5364627714938504,-1.5878163670202825,-0.05135359552643215,0.5227557009355246,0.48268156066765255,-0.04007414026787204,-0.0010349900609126772,-0.02432511186232454,-0.023290121801411864
kovacs_eig_03_003,65->65,10.000020000000001,1800.0,two_step,65,65,0.1002,4.998,5.0982,1,0.3714993968729402,0.3714993968729402,-1.2282772065476173,-1.151356518860593,0.07692068768702431,-1.9072257866189468,-1.8826047303557105,0.024621056263236296,0.9712188499356239,1.0031846592404776,0.03196580930485371,-0.10277037108461129,-0.041105125694985964,0.061665245389625326
kovacs_eig_03_003,65->65,10.000020000000001,1800.0,two_step,65,65,0.1002,10,10.1002,2,0.4344627787345641,0.4344627787345641,-1.2282772065476173,-1.2132679271528115,0.015009279394805786,-1.9072257866189468,-1.9181194105477188,-0.010893623928772023,0.9712188499356239,1.0694532144667435,0.09823436453111956,-0.10277037108461129,0.0021044988527127786,0.10487486993732406
kovacs_eig_03_003,65->65,10.000020000000001,1800.0,two_step,65,65,0.1002,10,10.1002,3,0.4344627787345641,0.4344627787345641,-1.2282772065476173,-1.2132679271528115,0.015009279394805786,-1.9072257866189468,-1.9181194105477188,-0.010893623928772023,0.9712188499356239,1.0694532144667435,0.09823436453111956,-0.10277037108461129,0.0021044988527127786,0.10487486993732406
kovacs_eig_03_003,65->65,10.000020000000001,1800.0,two_step,65,65,0.1002,10.02,10.1202,4,0.43500789624878144,0.43500789624878144,-1.2282772065476173,-1.2134477124046181,0.014829494142999167,-1.9072257866189468,-1.918221769396932,-0.01099598277798508,0.9712188499356239,1.0696463799863005,0.09842753005067661,-0.10277037108461129,0.0022326204262810567,0.10500299151089235
kovacs_eig_03_003,65->65,10.000020000000001,1800.0,two_step,65,65,4.998,1800,1805,5,0.6778158693180133,0.6778158693180133,-1.2282772065476173,-1.1729110966992726,0.05536610984834467,-1.9072257866189468,-1.9124581110260264,-0.005232324407079547,0.9712188499356239,0.9604272625713705,-0.010791587364253452,-0.10277037108461129,0.1633762991294611,0.2661466702140724
kovacs_eig_03_003,65->65,10.000020000000001,1800.0,two_step,65,65,0.4998,100.02,100.52,6,0.7174878607288852,0.7174878607288852,-1.2282772065476173,-1.1615314656656657,0.06674574088195162,-1.9072257866189468,-1.88473864980162,0.022487136817326725,0.9712188499356239,1.0108123138096512,0.03959346387402729,-0.10277037108461129,0.12956787407967835,0.23233824516428964
kovacs_eig_03_003,65->65,10.000020000000001,1800.0,two_step,65,65,0.4998,100,100.5,7,0.7174939322336146,0.7174939322336146,-1.2282772065476173,-1.161511169135032,0.06676603741258536,-1.9072257866189468,-1.8847266768066961,0.022499109812250673,0.9712188499356239,1.0107914817020283,0.039572631766404354,-0.10277037108461129,0.12955684926963112,0.23232722035424241
kovacs_eig_03_003,65->65,10.000020000000001,1800.0,two_step,65,65,0.4998,100,100.5,8,0.7174939322336146,0.7174939322336146,-1.2282772065476173,-1.161511169135032,0.06676603741258536,-1.9072257866189468,-1.8847266768066961,0.022499109812250673,0.9712188499356239,1.0107914817020283,0.039572631766404354,-0.10277037108461129,0.12955684926963112,0.23232722035424241
kovacs_eig_03_003,65->65,10.000020000000001,1800.0,two_step,65,65,0.798,300,300.798,9,0.7601281850111113,0.7601281850111113,-1.2282772065476173,-1.2034645043673937,0.024812702180223578,-1.9072257866189468,-1.9113023335572688,-0.004076546938321934,0.9712188499356239,1.0465208186092427,0.07530196867361882,-0.10277037108461129,0.17710756471166186,0.2798779357962732
kovacs_eig_03_003,65->65,10.000020000000001,1800.0,two_step,65,65,0.4998,60,60.4998,10,0.7716011683079161,0.7716011683079161,-1.2282772065476173,-1.1108247487530867,0.11745245779453062,-1.9072257866189468,-1.8549878997049987,0.05223788691394815,0.9712188499356239,0.9583580284778941,-0.01286082145772982,-0.10277037108461129,0.10066210200464232,0.2034324730892536
kovacs_eig_03_004,85->100,10.000020000000001,1200.0,two_step,85,100,10.02,1000.02,1010.04,1,0.14922417286763381,0.14922417286763381,-1.134523977976264,-1.1395943583164614,-0.005070380340197467,-1.9859282590715772,-1.9888835857914613,-0.002955326719884077,1.0,0.9563618714248504,-0.04363812857514959,0.02587109513771968,-0.0032433086426060104,-0.02911440378032569
kovacs_eig_03_004,85->100,10.000020000000001,1200.0,two_step,85,100,10,1000.02,1010.02,2,0.14927356769767147,0.14927356769767147,-1.134523977976264,-1.1398275583187174,-0.005303580342453484,-1.9859282590715772,-1.9889940997985351,-0.0030658407269579246,1.0,0.9566617257219544,-0.043338274278045597,0.02587109513771968,-0.003187724788413851,-0.02905881992613353
kovacs_eig_03_004,85->100,10.000020000000001,1200.0,two_step,85,100,10,1000.02,1010.02,3,0.14927356769767147,0.14927356769767147,-1.134523977976264,-1.1398275583187174,-0.005303580342453484,-1.9859282590715772,-1.9889940997985351,-0.0030658407269579246,1.0,0.9566617257219544,-0.043338274278045597,0.02587109513771968,-0.003187724788413851,-0.02905881992613353
kovacs_eig_03_004,85->100,10.000020000000001,1200.0,two_step,85,100,4.998,600,604.998,4,0.1549210586029914,0.1549210586029914,-1.134523977976264,-1.1639200592664054,-0.029396081290141485,-1.9859282590715772,-2.000205070995584,-0.01427681192400665,1.0,0.9727229391712144,-0.02727706082878556,0.02587109513771968,0.03776251526320593,0.011891420125486253
kovacs_eig_03_004,85->100,10.000020000000001,1200.0,two_step,85,100,4.998,499.98,504.978,5,0.15772189371923667,0.15772189371923667,-1.134523977976264,-1.1355864974322467,-0.001062519455982791,-1.9859282590715772,-1.9844378372382592,0.0014904218333180452,1.0,0.9375114152790573,-0.06248858472094265,0.02587109513771968,0.048948214581431275,0.023077119443711595
kovacs_eig_03_004,85->100,10.000020000000001,1200.0,two_step,85,100,10.02,1200,1210.02,6,0.15788580653529105,0.15788580653529105,-1.134523977976264,-1.1562378580712576,-0.021713880094993643,-1.9859282590715772,-1.996297997848175,-0.010369738776597748,1.0,0.986559257414134,-0.013440742585866028,0.02587109513771968,-0.009346707322614986,-0.035217802460334666
kovacs_eig_03_004,85->100,10.000020000000001,1200.0,two_step,85,100,10,1200,1210,7,0.15793714620692662,0.15793714620692662,-1.134523977976264,-1.156473229236346,-0.02194925126008207,-1.9859282590715772,-1.9964093049320044,-0.010481045860427196,1.0,0.9868619408786689,-0.013138059121331147,0.02587109513771968,-0.00929163170396189,-0.03516272684168157
kovacs_eig_03_004,85->100,10.000020000000001,1200.0,two_step,85,100,10,1200,1210,8,0.15793714620692662,0.15793714620692662,-1.134523977976264,-1.156473229236346,-0.02194925126008207,-1.9859282590715772,-1.9964093049320044,-0.010481045860427196,1.0,0.9868619408786689,-0.013138059121331147,0.02587109513771968,-0.00929163170396189,-0.03516272684168157
kovacs_eig_03_004,85->100,10.000020000000001,1200.0,two_step,85,100,10,900,910,9,0.16757405360276312,0.16757405360276312,-1.134523977976264,-1.1290569386111748,0.005467039365089077,-1.9859282590715772,-1.9838716538526444,0.0020566052189328055,1.0,0.9387760485226937,-0.061223951477306304,0.02587109513771968,0.0012562683450290518,-0.024614826792690628
kovacs_eig_03_004,85->100,10.000020000000001,1200.0,two_step,85,100,10,900,910,10,0.16757405360276312,0.16757405360276312,-1.134523977976264,-1.1290569386111748,0.005467039365089077,-1.9859282590715772,-1.9838716538526444,0.0020566052189328055,1.0,0.9387760485226937,-0.061223951477306304,0.02587109513771968,0.0012562683450290518,-0.024614826792690628
kovacs_eig_04_001,75->100,10.000020000000001,10.000020000000001,two_step,75,100,60,30,90,1,0.15608693376862745,0.15608693376862745,-0.9057661155393337,-0.9158077106653231,-0.010041595125989344,-1.7311784953547902,-1.7217220707628402,0.009456424591949952,0.8619113800231732,0.8335019234709251,-0.028409456552248136,-0.2006637786662424,-0.16785060131023116,0.03281317735601125
kovacs_eig_04_001,75->100,10.000020000000001,10.000020000000001,two_step,75,100,1.0002,1.0002,2.0004,2,0.2506388239435063,0.2506388239435063,-0.9057661155393337,-0.9627207288007593,-0.05695461326142559,-1.7311784953547902,-1.7261290231956816,0.005049472159108559,0.8619113800231732,0.7887776447817908,-0.07313373524138245,-0.2006637786662424,-0.21084036876594872,-0.010176590099706312
kovacs_eig_04_001,75->100,10.000020000000001,10.000020000000001,two_step,75,100,0.798,1.0002,1.7982,3,0.2617601757036846,0.2617601757036846,-0.9057661155393337,-0.9635726858254903,-0.057806570286156544,-1.7311784953547902,-1.7320798386306175,-0.0009013432758273598,0.8619113800231732,0.7855725643540117,-0.07633881566916156,-0.2006637786662424,-0.21791074230876367,-0.017246963642521262
kovacs_eig_04_001,75->100,10.000020000000001,10.000020000000001,two_step,75,100,1.0002,0.798,1.7982,4,0.283946984368377,0.283946984368377,-0.9057661155393337,-0.9708699154977865,-0.06510379995845272,-1.7311784953547902,-1.7322763145374127,-0.001097819182622528,0.8619113800231732,0.7927910022218867,-0.06912037780128655,-0.2006637786662424,-0.2282616059361249,-0.027597827269882497
kovacs_eig_04_001,75->100,10.000020000000001,10.000020000000001,two_step,75,100,0.798,0.798,1.596,5,0.28428003583239025,0.28428003583239025,-0.9057661155393337,-0.9804434604248565,-0.0746773448855228,-1.7311784953547902,-1.7364629030167562,-0.0052844076619660285,0.8619113800231732,0.8044038731916916,-0.05750750683148165,-0.2006637786662424,-0.22502902529782695,-0.024365246631584542
kovacs_eig_04_001,75->100,10.000020000000001,10.000020000000001,two_step,75,100,49.98,30,79.98,6,0.3021483194344151,0.3021483194344151,-0.9057661155393337,-0.8929906147959311,0.012775500743402612,-1.7311784953547902,-1.7078887771712798,0.023289718183510333,0.8619113800231732,0.8124267092133385,-0.04948467080983476,-0.2006637786662424,-0.13338838440052547,0.06727539426571694
kovacs_eig_04_001,75->100,10.000020000000001,10.000020000000001,two_step,75,100,60,49.98,109.98,7,0.3064972840093778,0.3064972840093778,-0.9057661155393337,-0.9133907337788749,-0.007624618239541192,-1.7311784953547902,-1.7251299555288608,0.006048539825929344,0.8619113800231732,0.8411683066967841,-0.02074307332638914,-0.2006637786662424,-0.08349748338560055,0.11716629528064186
kovacs_eig_04_001,75->100,10.000020000000001,10.000020000000001,two_step,75,100,0.4998,1.0002,1.5,8,0.3332299410164974,0.3332299410164974,-0.9057661155393337,-0.9698291689664902,-0.06406305342715646,-1.7311784953547902,-1.7462697921293016,-0.015091296774511376,0.8619113800231732,0.7850098835483839,-0.07690149647478939,-0.2006637786662424,-0.22973295430319082,-0.029069175636948413
kovacs_eig_04_001,75->100,10.000020000000001,10.000020000000001,two_step,75,100,0.4998,0.798,1.2978,9,0.35878737890753004,0.35878737890753004,-0.9057661155393337,-0.9839229453946164,-0.07815682985528272,-1.7311784953547902,-1.7494958006611996,-0.018317305306409404,0.8619113800231732,0.8004903031989726,-0.061421076824200616,-0.2006637786662424,-0.23923862883057886,-0.038574850164336455
kovacs_eig_04_001,75->100,10.000020000000001,10.000020000000001,two_step,75,100,60,60,120,10,0.38036830851529385,0.38036830851529385,-0.9057661155393337,-0.9072910151415816,-0.0015248996022478867,-1.7311784953547902,-1.723515748961042,0.007662746393748199,0.8619113800231732,0.8351597137159661,-0.026751666307207156,-0.2006637786662424,-0.04990353897896324,0.15076023968727917
kovacs_eig_04_002,50->70,100.0002,60.0,two_step,50,70,30,600,630,1,0.25166877586012093,0.25166877586012093,-0.7669461678755922,-0.7477068569033367,0.019239310972255508,-1.6111502049293611,-1.64158564137945,-0.03043543645008895,0.5683339161632076,0.5070674791018396,-0.06126643706136803,0.07250366069395331,0.052629770448100834,-0.019873890245852475
kovacs_eig_04_002,50->70,100.0002,60.0,two_step,50,70,30,499.98,529.98,2,0.2763115244899714,0.2763115244899714,-0.7669461678755922,-0.7277812456340542,0.039164922241538,-1.6111502049293611,-1.6270563363056298,-0.01590613137626873,0.5683339161632076,0.4906026978348832,-0.07773121832832441,0.07250366069395331,0.05247839904617944,-0.020025261647773872
kovacs_eig_04_002,50->70,100.0002,60.0,two_step,50,70,10,100.02,110.02,3,0.2790968099379049,0.2790968099379049,-0.7669461678755922,-0.7379680644698086,0.02897810340578366,-1.6111502049293611,-1.619383246863149,-0.008233041933787932,0.5683339161632076,0.5268636725638045,-0.0414702435994031,0.07250366069395331,0.0047755198484538824,-0.06772814084549943
kovacs_eig_04_002,50->70,100.0002,60.0,two_step,50,70,10,100.02,110.02,4,0.2790968099379049,0.2790968099379049,-0.7669461678755922,-0.7379680644698086,0.02897810340578366,-1.6111502049293611,-1.619383246863149,-0.008233041933787932,0.5683339161632076,0.5268636725638045,-0.0414702435994031,0.07250366069395331,0.0047755198484538824,-0.06772814084549943
kovacs_eig_04_002,50->70,100.0002,60.0,two_step,50,70,10,100,110,5,0.27912591402411513,0.27912591402411513,-0.7669461678755922,-0.7379583892059549,0.02898777866963731,-1.6111502049293611,-1.6193761975371497,-0.008225992607788557,0.5683339161632076,0.5268541000211441,-0.04147981614206353,0.07250366069395331,0.004768488941084968,-0.06773517175286833
kovacs_eig_04_002,50->70,100.0002,60.0,two_step,50,70,10,100,110,6,0.27912591402411513,0.27912591402411513,-0.7669461678755922,-0.7379583892059549,0.02898777866963731,-1.6111502049293611,-1.6193761975371497,-0.008225992607788557,0.5683339161632076,0.5268541000211441,-0.04147981614206353,0.07250366069395331,0.004768488941084968,-0.06773517175286833
kovacs_eig_04_002,50->70,100.0002,60.0,two_step,50,70,10,100,110,7,0.27912591402411513,0.27912591402411513,-0.7669461678755922,-0.7379583892059549,0.02898777866963731,-1.6111502049293611,-1.6193761975371497,-0.008225992607788557,0.5683339161632076,0.5268541000211441,-0.04147981614206353,0.07250366069395331,0.004768488941084968,-0.06773517175286833
kovacs_eig_04_002,50->70,100.0002,60.0,two_step,50,70,10,100,110,8,0.27912591402411513,0.27912591402411513,-0.7669461678755922,-0.7379583892059549,0.02898777866963731,-1.6111502049293611,-1.6193761975371497,-0.008225992607788557,0.5683339161632076,0.5268541000211441,-0.04147981614206353,0.07250366069395331,0.004768488941084968,-0.06773517175286833
kovacs_eig_04_002,50->70,100.0002,60.0,two_step,50,70,10.02,100.02,110.04,9,0.2794767920382558,0.2794767920382558,-0.7669461678755922,-0.7377509519978008,0.02919521587779139,-1.6111502049293611,-1.6192479493625196,-0.008097744433158471,0.5683339161632076,0.5266230331594791,-0.041710883003728494,0.07250366069395331,0.004796972940596618,-0.0677066877533567
kovacs_eig_04_002,50->70,100.0002,60.0,two_step,50,70,10.02,100,110.02,10,0.2795058535367274,0.2795058535367274,-0.7669461678755922,-0.7377412909102602,0.029204876965332027,-1.6111502049293611,-1.619240905050457,-0.008090700121095917,0.5683339161632076,0.5266134787142858,-0.04172043744892184,0.07250366069395331,0.0047899426730423494,-0.06771371802091096
kovacs_eig_04_003,65->85,10.000020000000001,600.0,two_step,65,85,1000.02,900,1900.02,1,0.3224147641890084,0.3224147641890084,-1.2646760373617463,-1.2513346223820294,0.013341414979716859,-1.984249498035962,-1.9818613589252048,0.0023881391107571925,1.0,0.8932506865741016,-0.10674931342589844,-0.2557207503193708,-0.31154148747269395,-0.05582073715332314
kovacs_eig_04_003,65->85,10.000020000000001,600.0,two_step,65,85,900,1000.02,1900.02,2,0.32443173255494134,0.32443173255494134,-1.2646760373617463,-1.2478159316430892,0.016860105718657037,-1.984249498035962,-1.9854617479118861,-0.0012122498759241651,1.0,0.8776443147651446,-0.1223556852348554,-0.2557207503193708,-0.2986206493318237,-0.04289989901245289
kovacs_eig_04_003,65->85,10.000020000000001,600.0,two_step,65,85,1000.02,1000.02,2000.04,3,0.33677467605013983,0.33677467605013983,-1.2646760373617463,-1.2752361811700221,-0.010560143808275857,-1.984249498035962,-1.9984537738285868,-0.014204275792624843,1.0,0.9047524130239525,-0.09524758697604752,-0.2557207503193708,-0.3156812792448294,-0.05996052892545861
kovacs_eig_04_003,65->85,10.000020000000001,600.0,two_step,65,85,900,900,1800,4,0.3804257909309242,0.3804257909309242,-1.2646760373617463,-1.228215268500066,0.03646076886168026,-1.984249498035962,-1.9680579772812359,0.016191520754726074,1.0,0.8737228620142947,-0.12627713798570528,-0.2557207503193708,-0.2887049795826347,-0.03298422926326389
kovacs_eig_04_003,65->85,10.000020000000001,600.0,two_step,65,85,900,1200,2100,5,0.42740106139323675,0.42740106139323675,-1.2646760373617463,-1.281456649785699,-0.01678061242395268,-1.984249498035962,-2.0154930263234143,-0.03124352828745236,1.0,0.8820613927534117,-0.11793860724658833,-0.2557207503193708,-0.3156056501067488,-0.05988489978737799
kovacs_eig_04_003,65->85,10.000020000000001,600.0,two_step,65,85,1200,900,2100,6,0.4331550932870656,0.4331550932870656,-1.2646760373617463,-1.2949092588758297,-0.030233221514083475,-1.984249498035962,-2.0081423921658947,-0.023892894129932785,1.0,0.9286484004528606,-0.07135159954713943,-0.2557207503193708,-0.3536958652922646,-0.0979751149728938
kovacs_eig_04_003,65->85,10.000020000000001,600.0,two_step,65,85,1000.02,1200,2200.02,7,0.4925173289527225,0.4925173289527225,-1.2646760373617463,-1.308505065585755,-0.043829028224008804,-1.984249498035962,-2.0280445129486004,-0.043795014912638486,1.0,0.9095105917809951,-0.09048940821900486,-0.2557207503193708,-0.33212030116710045,-0.07639955084772965
kovacs_eig_04_003,65->85,10.000020000000001,600.0,two_step,65,85,600,1200,1800,8,0.5000034670315331,0.5000034670315331,-1.2646760373617463,-1.1940447862634347,0.07063125109831159,-1.984249498035962,-1.9775398216188709,0.006709676417091082,1.0,0.7881938292356412,-0.21180617076435881,-0.2557207503193708,-0.26172086530386107,-0.006000114984490268
kovacs_eig_04_003,65->85,10.000020000000001,600.0,two_step,65,85,1200,1000.02,2200.02,9,0.501453598507119,0.501453598507119,-1.2646760373617463,-1.3189645892148352,-0.054288551853088896,-1.984249498035962,-2.024634834451601,-0.04038533641563902,1.0,0.9410725593385493,-0.058927440661450725,-0.2557207503193708,-0.3573832798923894,-0.10166252957301858
kovacs_eig_04_003,65->85,10.000020000000001,600.0,two_step,65,85,1800,499.98,2299.98,10,0.5447188024046125,0.5447188024046125,-1.2646760373617463,-1.2603577649000637,0.004318272461682593,-1.984249498035962,-1.9774290806659824,0.0068204173699795145,1.0,0.9101245805896059,-0.08987541941039412,-0.2557207503193708,-0.433646321131948,-0.1779255708125772
kovacs_eig_04_004,50->70,10.000020000000001,300.0,two_step,50,70,10.02,100,110.02,1,0.06635587989871802,0.06635587989871802,-0.7373120583218562,-0.7377412909102602,-0.0004292325884039938,-1.6103018579761605,-1.619240905050457,-0.008939047074296491,0.5463740052331666,0.5266134787142858,-0.019760526518880828,-0.00018221590335865123,0.0047899426730423494,0.004972158576401001
kovacs_eig_04_004,50->70,10.000020000000001,300.0,two_step,50,70,10.02,100,110.02,2,0.06635587989871802,0.06635587989871802,-0.7373120583218562,-0.7377412909102602,-0.0004292325884039938,-1.6103018579761605,-1.619240905050457,-0.008939047074296491,0.5463740052331666,0.5266134787142858,-0.019760526518880828,-0.00018221590335865123,0.0047899426730423494,0.004972158576401001
kovacs_eig_04_004,50->70,10.000020000000001,300.0,two_step,50,70,10.02,100.02,110.04,3,0.06638831480685795,0.06638831480685795,-0.7373120583218562,-0.7377509519978008,-0.00043889367594462936,-1.6103018579761605,-1.6192479493625196,-0.008946091386359045,0.5463740052331666,0.5266230331594791,-0.01975097207368748,-0.00018221590335865123,0.004796972940596618,0.004979188843955269
kovacs_eig_04_004,50->70,10.000020000000001,300.0,two_step,50,70,10,100,110,4,0.06661021082193241,0.06661021082193241,-0.7373120583218562,-0.7379583892059549,-0.0006463308840987114,-1.6103018579761605,-1.6193761975371497,-0.00907433956098913,0.5463740052331666,0.5268541000211441,-0.019519905212022515,-0.00018221590335865123,0.004768488941084968,0.004950704844443619
kovacs_eig_04_004,50->70,10.000020000000001,300.0,two_step,50,70,10,100,110,5,0.06661021082193241,0.06661021082193241,-0.7373120583218562,-0.7379583892059549,-0.0006463308840987114,-1.6103018579761605,-1.6193761975371497,-0.00907433956098913,0.5463740052331666,0.5268541000211441,-0.019519905212022515,-0.00018221590335865123,0.004768488941084968,0.004950704844443619
kovacs_eig_04_004,50->70,10.000020000000001,300.0,two_step,50,70,10,100,110,6,0.06661021082193241,0.06661021082193241,-0.7373120583218562,-0.7379583892059549,-0.0006463308840987114,-1.6103018579761605,-1.6193761975371497,-0.00907433956098913,0.5463740052331666,0.5268541000211441,-0.019519905212022515,-0.00018221590335865123,0.004768488941084968,0.004950704844443619
kovacs_eig_04_004,50->70,10.000020000000001,300.0,two_step,50,70,10,100,110,7,0.06661021082193241,0.06661021082193241,-0.7373120583218562,-0.7379583892059549,-0.0006463308840987114,-1.6103018579761605,-1.6193761975371497,-0.00907433956098913,0.5463740052331666,0.5268541000211441,-0.019519905212022515,-0.00018221590335865123,0.004768488941084968,0.004950704844443619
kovacs_eig_04_004,50->70,10.000020000000001,300.0,two_step,50,70,10,100.02,110.02,8,0.06664265306260479,0.06664265306260479,-0.7373120583218562,-0.7379680644698086,-0.0006560061479523593,-1.6103018579761605,-1.619383246863149,-0.009081388886988506,0.5463740052331666,0.5268636725638045,-0.019510332669362085,-0.00018221590335865123,0.0047755198484538824,0.004957735751812534
kovacs_eig_04_004,50->70,10.000020000000001,300.0,two_step,50,70,10,100.02,110.02,9,0.06664265306260479,0.06664265306260479,-0.7373120583218562,-0.7379680644698086,-0.0006560061479523593,-1.6103018579761605,-1.619383246863149,-0.009081388886988506,0.5463740052331666,0.5268636725638045,-0.019510332669362085,-0.00018221590335865123,0.0047755198484538824,0.004957735751812534
kovacs_eig_04_004,50->70,10.000020000000001,300.0,two_step,50,70,10,60,70,10,0.1336966917244669,0.1336966917244669,-0.7373120583218562,-0.7199019758467737,0.017410082475082467,-1.6103018579761605,-1.6045633411057372,0.005738516870423371,0.5463740052331666,0.5096390825473739,-0.036734922685792704,-0.00018221590335865123,-0.014154403557894574,-0.013972187654535922
hs_02_001,50->80,10.000020000000001,1800.0,two_step,50,80,4.998,1000.02,1005.02,1,0.07523967849698449,0.07523967849698449,-1.2485008665932285,-1.2428995263258464,0.005601340267382016,-1.985984305698704,-1.9880742080621903,-0.0020899023634861624,0.9251827788768453,0.9355669846437485,0.010384205766903243,-0.12299403113022245,-0.1438127571451634,-0.020818726014940947
hs_02_001,50->80,10.000020000000001,1800.0,two_step,50,80,4.998,900,904.998,2,0.14955596280953354,0.14955596280953354,-1.2485008665932285,-1.2134251147446555,0.03507575184857292,-1.985984305698704,-1.9663348607356703,0.01964944496303378,0.9251827788768453,0.9143384402311786,-0.010844338645666696,-0.12299403113022245,-0.1344654869277663,-0.011471455797543856
hs_02_001,50->80,10.000020000000001,1800.0,two_step,50,80,10,1200,1210,3,0.2672139998255373,0.2672139998255373,-1.2485008665932285,-1.2002556538202862,0.04824521277294225,-1.985984305698704,-1.9761504212233336,0.00983388447537048,0.9251827788768453,0.8583769767966193,-0.06680580208022602,-0.12299403113022245,-0.14741527779350116,-0.024421246663278717
hs_02_001,50->80,10.000020000000001,1800.0,two_step,50,80,10,1200,1210,4,0.2672139998255373,0.2672139998255373,-1.2485008665932285,-1.2002556538202862,0.04824521277294225,-1.985984305698704,-1.9761504212233336,0.00983388447537048,0.9251827788768453,0.8583769767966193,-0.06680580208022602,-0.12299403113022245,-0.14741527779350116,-0.024421246663278717
hs_02_001,50->80,10.000020000000001,1800.0,two_step,50,80,10.02,1200,1210.02,5,0.2685043874558026,0.2685043874558026,-1.2485008665932285,-1.1999798939284645,0.04852097266476396,-1.985984305698704,-1.9760024002465322,0.009981905452171924,0.9251827788768453,0.8580495667939625,-0.06713321208288281,-0.12299403113022245,-0.14737450276828395,-0.024380471638061507
hs_02_001,50->80,10.000020000000001,1800.0,two_step,50,80,4.998,1200,1205,6,0.3518742618294385,0.3518742618294385,-1.2485008665932285,-1.2979216880107831,-0.04942082141755466,-1.985984305698704,-2.028310508452541,-0.042326202753836695,0.9251827788768453,0.9748753837348958,0.04969260485805049,-0.12299403113022245,-0.16181149248326473,-0.03881746135304229
hs_02_001,50->80,10.000020000000001,1800.0,two_step,50,80,0.798,300,300.798,7,0.3574277318159677,0.3574277318159677,-1.2485008665932285,-1.2474516329901797,0.0010492336030487603,-1.985984305698704,-1.93539692464004,0.050587381058664116,0.9251827788768453,1.0542515770948278,0.12906879821798245,-0.12299403113022245,-0.11622800258577987,0.006766028544442582
hs_02_001,50->80,10.000020000000001,1800.0,two_step,50,80,1.0002,499.98,500.98,8,0.38576710285302546,0.38576710285302546,-1.2485008665932285,-1.306847953088899,-0.05834708649567055,-1.985984305698704,-1.9862648672725125,-0.0002805615738084022,0.9251827788768453,1.0892230909829614,0.16404031210611614,-0.12299403113022245,-0.1299156477296752,-0.006921616599452757
hs_02_001,50->80,10.000020000000001,1800.0,two_step,50,80,1.0002,300,301,9,0.4000182896950127,0.4000182896950127,-1.2485008665932285,-1.2145707899543012,0.03393007663892722,-1.985984305698704,-1.91799335388241,0.067990951816294,0.9251827788768453,1.014708605515461,0.08952582663861575,-0.12299403113022245,-0.11133911687820355,0.011654914252018894
hs_02_001,50->80,10.000020000000001,1800.0,two_step,50,80,30,1800,1830,10,0.4674349828954815,0.4674349828954815,-1.2485008665932285,-1.1928200021479012,0.05568086444532727,-1.985984305698704,-1.9969643110271749,-0.010980005328470765,0.9251827788768453,0.7819129721669443,-0.14326980670990097,-0.12299403113022245,-0.17502627960170605,-0.052032248471483605
hs_02_002,50->100,10.000020000000001,1800.0,two_step,50,100,4.998,1000.02,1005.02,1,0.14469720113400125,0.14469720113400125,-1.010656848045086,-0.9900538122505271,0.0206030357945588,-1.8610288613138048,-1.8420071004112566,0.019021760902548257,0.7489320481744691,0.7864592452222857,0.037527197047816596,0.14973822506889767,0.1496138678815353,-0.00012435718736236723
hs_02_002,50->100,10.000020000000001,1800.0,two_step,50,100,4.998,900,904.998,2,0.14743777048167916,0.14743777048167916,-1.010656848045086,-0.9831968411548336,0.027460006890252298,-1.8610288613138048,-1.8395205460235466,0.021508315290258206,0.7489320481744691,0.77621126948768,0.027279221313210922,0.14973822506889767,0.1485694561487721,-0.0011687689201255735
hs_02_002,50->100,10.000020000000001,1800.0,two_step,50,100,4.998,1200,1205,3,0.14799659044899535,0.14799659044899535,-1.010656848045086,-1.0015226472324812,0.009134200812604742,-1.8610288613138048,-1.84592403447453,0.015104826839274832,0.7489320481744691,0.8041480058103074,0.05521595763583831,0.14973822506889767,0.1511706695185312,0.0014324444496335298
hs_02_002,50->100,10.000020000000001,1800.0,two_step,50,100,4.998,1800,1805,4,0.21022499647600268,0.21022499647600268,-1.010656848045086,-1.0264622337258948,-0.015805385680808914,-1.8610288613138048,-1.8539304137910297,0.007098447522775109,0.7489320481744691,0.8436942053765859,0.09476215720211678,0.14973822506889767,0.15367405204370826,0.003935826974810597
hs_02_002,50->100,10.000020000000001,1800.0,two_step,50,100,4.998,600,604.998,5,0.2141214846609841,0.2141214846609841,-1.010656848045086,-0.9537826261674615,0.056874221877624476,-1.8610288613138048,-1.8271425433073247,0.03388631800648012,0.7489320481744691,0.7362394403216295,-0.012692607852839655,0.14973822506889767,0.14327695782377275,-0.006461267245124913
hs_02_002,50->100,10.000020000000001,1800.0,two_step,50,100,4.998,499.98,504.978,6,0.29658192688108703,0.29658192688108703,-1.010656848045086,-0.9382611287047421,0.07239571934034383,-1.8610288613138048,-1.819439686497527,0.041589174816277774,0.7489320481744691,0.7178890812524917,-0.03104296692197739,0.14973822506889767,0.1400368589553662,-0.009701366113531479
hs_02_002,50->100,10.000020000000001,1800.0,two_step,50,100,10,1800,1810,7,0.3803091474385496,0.3803091474385496,-1.010656848045086,-0.9332256045356286,0.07743124350945729,-1.8610288613138048,-1.8088875225220542,0.05214133879175065,0.7489320481744691,0.7214341662090575,-0.027497881965411586,0.14973822506889767,0.1857737089094056,0.03603548384050792
hs_02_002,50->100,10.000020000000001,1800.0,two_step,50,100,10,1800,1810,8,0.3803091474385496,0.3803091474385496,-1.010656848045086,-0.9332256045356286,0.07743124350945729,-1.8610288613138048,-1.8088875225220542,0.05214133879175065,0.7489320481744691,0.7214341662090575,-0.027497881965411586,0.14973822506889767,0.1857737089094056,0.03603548384050792
hs_02_002,50->100,10.000020000000001,1800.0,two_step,50,100,10.02,1800,1810.02,9,0.38185232064111796,0.38185232064111796,-1.010656848045086,-0.9329588212308242,0.07769802681426174,-1.8610288613138048,-1.8087584599127917,0.052270401401013133,0.7489320481744691,0.7210841272130816,-0.02784792096138755,0.14973822506889767,0.18586609907489907,0.0361278740060014
hs_02_002,50->100,10.000020000000001,1800.0,two_step,50,100,10,1200,1210,10,0.49826667239694333,0.49826667239694333,-1.010656848045086,-0.9091519063495808,0.10150494169550517,-1.8610288613138048,-1.8011647184087645,0.059864142905040385,0.7489320481744691,0.6830773685600383,-0.06585467961443081,0.14973822506889767,0.18318155928543323,0.03344333421653556
hs_02_003,65->100,10.000020000000001,1200.0,two_step,65,100,1000.02,1200,2200.02,1,0.40125313586318057,0.40125313586318057,-0.7818767824112554,-0.7782503405073072,0.003626441903948119,-1.7071930268539535,-1.6760108949457588,0.031182131908194632,0.6182427430524711,0.5733638555654099,-0.04487888748706115,0.37851829070272824,0.2621396072910425,-0.11637868341168572
hs_02_003,65->100,10.000020000000001,1200.0,two_step,65,100,1200,1200,2400,2,0.4124472093489423,0.4124472093489423,-0.7818767824112554,-0.8236225452188479,-0.04174576280759257,-1.7071930268539535,-1.6890995185196123,0.018093508334341202,0.6182427430524711,0.641096008580331,0.022853265527859934,0.37851829070272824,0.2539350628848074,-0.12458322781792086
hs_02_003,65->100,10.000020000000001,1200.0,two_step,65,100,900,1000.02,1900.02,3,0.4215136943356534,0.4215136943356534,-0.7818767824112554,-0.8148661249512852,-0.03298934254002983,-1.7071930268539535,-1.6817953932977863,0.0253976335561672,0.6182427430524711,0.6490100823715808,0.030767339319109688,0.37851829070272824,0.2576742231763269,-0.12084406752640137
hs_02_003,65->100,10.000020000000001,1200.0,two_step,65,100,1800,1800,3600,4,0.44763229681167566,0.44763229681167566,-0.7818767824112554,-0.8003260461122399,-0.01844926370098454,-1.7071930268539535,-1.7005012359943865,0.006691790859566948,0.6182427430524711,0.5461773488543564,-0.07206539419811464,0.37851829070272824,0.24409666358388363,-0.13442162711884462
hs_02_003,65->100,10.000020000000001,1200.0,two_step,65,100,600,900,1500,5,0.4542243290515253,0.4542243290515253,-0.7818767824112554,-0.759708973187275,0.022167809223980317,-1.7071930268539535,-1.666800490665418,0.040392536188535555,0.6182427430524711,0.5704988717604551,-0.04774387129201596,0.37851829070272824,0.2648910005970358,-0.11362729010569245
hs_02_003,65->100,10.000020000000001,1200.0,two_step,65,100,300,600,900,6,0.45460925836608046,0.45460925836608046,-0.7818767824112554,-0.7600110443564647,0.02186573805479064,-1.7071930268539535,-1.6695159492798493,0.03767707757410421,0.6182427430524711,0.5877577018020985,-0.030485041250372547,0.37851829070272824,0.24739896322006524,-0.131119327482663
hs_02_003,65->100,10.000020000000001,1200.0,two_step,65,100,100,300,400,7,0.47821345111267965,0.47821345111267965,-0.7818767824112554,-0.7794887494039489,0.0023880330073065004,-1.7071930268539535,-1.6846373168346014,0.022555710019352082,0.6182427430524711,0.6302142211334978,0.01197147808102672,0.37851829070272824,0.18753029506253108,-0.19098799564019717
hs_02_003,65->100,10.000020000000001,1200.0,two_step,65,100,100,300,400,8,0.47821345111267965,0.47821345111267965,-0.7818767824112554,-0.7794887494039489,0.0023880330073065004,-1.7071930268539535,-1.6846373168346014,0.022555710019352082,0.6182427430524711,0.6302142211334978,0.01197147808102672,0.37851829070272824,0.18753029506253108,-0.19098799564019717
hs_02_003,65->100,10.000020000000001,1200.0,two_step,65,100,100.02,300,400.02,9,0.47825879842741104,0.47825879842741104,-0.7818767824112554,-0.7795154014494053,0.0023613809618500126,-1.7071930268539535,-1.6846407087658042,0.02255231808814928,0.6182427430524711,0.630262889737902,0.012020146685430944,0.37851829070272824,0.18752207128117485,-0.1909962194215534
hs_02_003,65->100,10.000020000000001,1200.0,two_step,65,100,900,1200,2100,10,0.5077595580298787,0.5077595580298787,-0.7818767824112554,-0.7543823927757104,0.027494389635544958,-1.7071930268539535,-1.670279645409265,0.036913381444688476,0.6182427430524711,0.5360638685488189,-0.08217887450365213,0.37851829070272824,0.26682837189337033,-0.11168991880935791
kovacs_80_to_90_001,80->90,49.98,0.1002,two_step,80,90,49.98,0.1002,50.0802,1,0.1952243197033801,0.1952243197033801,-0.43107793286096485,-0.45078354958286215,-0.0197056167218973,-1.4669738389378029,-1.468602638911507,-0.0016287999737041314,0.27370844782473325,0.2701305476311441,-0.0035779001935891674,0.36561557880027207,0.29248927884348375,-0.07312629995678832
kovacs_80_to_90_001,80->90,49.98,0.1002,two_step,80,90,60,0.1002,60.1002,2,0.2036430564976332,0.2036430564976332,-0.43107793286096485,-0.448307548393401,-0.017229615532436127,-1.4669738389378029,-1.470545017839767,-0.0035711789019641227,0.27370844782473325,0.2651177728329472,-0.008590674991786063,0.36561557880027207,0.2928085587831428,-0.07280702001712924
kovacs_80_to_90_001,80->90,49.98,0.1002,two_step,80,90,30,0.1002,30.1002,3,0.30335734953317917,0.30335734953317917,-0.43107793286096485,-0.4710552234263174,-0.03997729056535254,-1.4669738389378029,-1.4727288402266556,-0.005755001288852757,0.27370844782473325,0.2953529645655962,0.02164451674086293,0.36561557880027207,0.2762074984159418,-0.08940808038433029
kovacs_80_to_90_001,80->90,49.98,0.1002,two_step,80,90,100,0.1002,100.1,4,0.310898641459197,0.310898641459197,-0.43107793286096485,-0.4606359590390196,-0.029558026178054753,-1.4669738389378029,-1.4896141979678017,-0.022640359029998836,0.27370844782473325,0.26645421279562237,-0.007254235029110878,0.36561557880027207,0.2730024707015886,-0.09261310809868345
kovacs_80_to_90_001,80->90,49.98,0.1002,two_step,80,90,100,0.1002,100.1,5,0.310898641459197,0.310898641459197,-0.43107793286096485,-0.4606359590390196,-0.029558026178054753,-1.4669738389378029,-1.4896141979678017,-0.022640359029998836,0.27370844782473325,0.26645421279562237,-0.007254235029110878,0.36561557880027207,0.2730024707015886,-0.09261310809868345
kovacs_80_to_90_001,80->90,49.98,0.1002,two_step,80,90,100.02,0.1002,100.12,6,0.3109698466356807,0.3109698466356807,-0.43107793286096485,-0.460647597282476,-0.029569664421511155,-1.4669738389378029,-1.489626463956563,-0.022652625018760197,0.27370844782473325,0.26646002751775766,-0.007248420306975589,0.36561557880027207,0.27298767022044695,-0.09262790857982511
kovacs_80_to_90_001,80->90,49.98,0.1002,two_step,80,90,60,0.4998,60.4998,7,0.4841943428329805,0.4841943428329805,-0.43107793286096485,-0.4805229607894138,-0.04944502792844896,-1.4669738389378029,-1.4790246744052347,-0.012050835467431797,0.27370844782473325,0.3016972131697919,0.027988765345058675,0.36561557880027207,0.2096103314201657,-0.15600524738010638
kovacs_80_to_90_001,80->90,49.98,0.1002,two_step,80,90,49.98,0.4998,50.4798,8,0.5123974410096281,0.5123974410096281,-0.43107793286096485,-0.4858242515549167,-0.054746318693951856,-1.4669738389378029,-1.4787610084170122,-0.011787169479209325,0.27370844782473325,0.3094374613361734,0.035729013511440144,0.36561557880027207,0.20618967625501536,-0.1594259025452567
kovacs_80_to_90_001,80->90,49.98,0.1002,two_step,80,90,100,0.4998,100.5,9,0.5483438187555764,0.5483438187555764,-0.43107793286096485,-0.4861036004743779,-0.05502566761341304,-1.4669738389378029,-1.4940616599444316,-0.027087821006628765,0.27370844782473325,0.2965412863222539,0.022832838497520658,0.36561557880027207,0.1972027358942969,-0.16841284290597516
kovacs_80_to_90_001,80->90,49.98,0.1002,two_step,80,90,100,0.4998,100.5,10,0.5483438187555764,0.5483438187555764,-0.43107793286096485,-0.4861036004743779,-0.05502566761341304,-1.4669738389378029,-1.4940616599444316,-0.027087821006628765,0.27370844782473325,0.2965412863222539,0.022832838497520658,0.36561557880027207,0.1972027358942969,-0.16841284290597516
kovacs_80_to_90_002,80->90,49.98,0.4998,two_step,80,90,60,1.0002,61.0002,1,0.18670830451817433,0.18670830451817433,-0.5004594241511179,-0.5043961820636378,-0.003936757912519906,-1.459166987230859,-1.4890170681065673,-0.029850080875708285,0.3177615037600227,0.3254707274240495,0.007709223664026765,0.12390359991353961,0.168386703770176,0.0444831038566364
kovacs_80_to_90_002,80->90,49.98,0.4998,two_step,80,90,100,1.0002,101,2,0.193505539739572,0.193505539739572,-0.5004594241511179,-0.5053514387050262,-0.004892014553908308,-1.459166987230859,-1.501275220802814,-0.04210823357195492,0.3177615037600227,0.31589088425649897,-0.0018706195035237405,0.12390359991353961,0.1608462714562426,0.036942671542703004
kovacs_80_to_90_002,80->90,49.98,0.4998,two_step,80,90,100,1.0002,101,3,0.193505539739572,0.193505539739572,-0.5004594241511179,-0.5053514387050262,-0.004892014553908308,-1.459166987230859,-1.501275220802814,-0.04210823357195492,0.3177615037600227,0.31589088425649897,-0.0018706195035237405,0.12390359991353961,0.1608462714562426,0.036942671542703004
kovacs_80_to_90_002,80->90,49.98,0.4998,two_step,80,90,100.02,1.0002,101.02,4,0.1935177381029239,0.1935177381029239,-0.5004594241511179,-0.5053590478905072,-0.004899623739389347,-1.459166987230859,-1.5012850595959306,-0.04211807236507159,0.3177615037600227,0.31589284737424833,-0.001868656385774381,0.12390359991353961,0.16083580326472618,0.03693220335118658
kovacs_80_to_90_002,80->90,49.98,0.4998,two_step,80,90,49.98,0.798,50.778,5,0.1945367657911446,0.1945367657911446,-0.5004594241511179,-0.5022712872157304,-0.0018118630646125622,-1.459166987230859,-1.4856655269497874,-0.02649853971892835,0.3177615037600227,0.32597377005203787,0.008212266292015158,0.12390359991353961,0.17746369634527281,0.053560096431733206
kovacs_80_to_90_002,80->90,49.98,0.4998,two_step,80,90,60,0.798,60.798,6,0.1952613208982901,0.1952613208982901,-0.5004594241511179,-0.4958029240114741,0.004656500139643804,-1.459166987230859,-1.4852329434928488,-0.02606595626198982,0.3177615037600227,0.3171131647402042,-0.0006483390198185335,0.12390359991353961,0.1821060151027612,0.05820241518922159
kovacs_80_to_90_002,80->90,49.98,0.4998,two_step,80,90,49.98,1.0002,50.9802,7,0.20519902054621475,0.20519902054621475,-0.5004594241511179,-0.5114401224501275,-0.010980698299009606,-1.459166987230859,-1.4897942037962446,-0.030627216565385584,0.3177615037600227,0.3348812994480571,0.0171197956880344,0.12390359991353961,0.1631660747076248,0.03926247479408518
kovacs_80_to_90_002,80->90,49.98,0.4998,two_step,80,90,100.02,0.798,100.818,8,0.2183504846500406,0.2183504846500406,-0.5004594241511179,-0.49835433463190404,0.002105089519213843,-1.459166987230859,-1.4984573702238508,-0.03929038299299181,0.3177615037600227,0.30905103183081944,-0.008710471929203267,0.12390359991353961,0.17291092379523523,0.049007323881695625
kovacs_80_to_90_002,80->90,49.98,0.4998,two_step,80,90,100,0.798,100.798,9,0.21836599154242353,0.21836599154242353,-0.5004594241511179,-0.49834612688205093,0.0021132972690669494,-1.459166987230859,-1.4984471689669565,-0.039280181736097486,0.3177615037600227,0.3090484995013561,-0.008713004258666612,0.12390359991353961,0.17292201654839906,0.04901841663485945
kovacs_80_to_90_002,80->90,49.98,0.4998,two_step,80,90,100,0.798,100.798,10,0.21836599154242353,0.21836599154242353,-0.5004594241511179,-0.49834612688205093,0.0021132972690669494,-1.459166987230859,-1.4984471689669565,-0.039280181736097486,0.3177615037600227,0.3090484995013561,-0.008713004258666612,0.12390359991353961,0.17292201654839906,0.04901841663485945
kovacs_80_to_90_003,80->90,49.98,0.7979999999999999,two_step,80,90,100,0.798,100.798,1,0.10325822693466043,0.10325822693466043,-0.47254776430390805,-0.49834612688205093,-0.025798362578142886,-1.4915875845343378,-1.4984471689669565,-0.006859584432618693,0.30003928577895117,0.3090484995013561,0.00900921372240493,0.15943562997934274,0.17292201654839906,0.013486386569056319
kovacs_80_to_90_003,80->90,49.98,0.7979999999999999,two_step,80,90,100,0.798,100.798,2,0.10325822693466043,0.10325822693466043,-0.47254776430390805,-0.49834612688205093,-0.025798362578142886,-1.4915875845343378,-1.4984471689669565,-0.006859584432618693,0.30003928577895117,0.3090484995013561,0.00900921372240493,0.15943562997934274,0.17292201654839906,0.013486386569056319
kovacs_80_to_90_003,80->90,49.98,0.7979999999999999,two_step,80,90,100.02,0.798,100.818,3,0.10327852030666568,0.10327852030666568,-0.47254776430390805,-0.49835433463190404,-0.025806570327995992,-1.4915875845343378,-1.4984573702238508,-0.006869785689513019,0.30003928577895117,0.30905103183081944,0.009011746051868275,0.15943562997934274,0.17291092379523523,0.013475293815892492
kovacs_80_to_90_003,80->90,49.98,0.7979999999999999,two_step,80,90,100,1.0002,101,4,0.10825004854584164,0.10825004854584164,-0.47254776430390805,-0.5053514387050262,-0.032803674401118144,-1.4915875845343378,-1.501275220802814,-0.00968763626847613,0.30003928577895117,0.31589088425649897,0.0158515984775478,0.15943562997934274,0.1608462714562426,0.001410641476899871
kovacs_80_to_90_003,80->90,49.98,0.7979999999999999,two_step,80,90,100,1.0002,101,5,0.10825004854584164,0.10825004854584164,-0.47254776430390805,-0.5053514387050262,-0.032803674401118144,-1.4915875845343378,-1.501275220802814,-0.00968763626847613,0.30003928577895117,0.31589088425649897,0.0158515984775478,0.15943562997934274,0.1608462714562426,0.001410641476899871
kovacs_80_to_90_003,80->90,49.98,0.7979999999999999,two_step,80,90,100.02,1.0002,101.02,6,0.10826879063502474,0.10826879063502474,-0.47254776430390805,-0.5053590478905072,-0.03281128358659918,-1.4915875845343378,-1.5012850595959306,-0.009697475061592797,0.30003928577895117,0.31589284737424833,0.01585356159529716,0.15943562997934274,0.16083580326472618,0.0014001732853834437
kovacs_80_to_90_003,80->90,49.98,0.7979999999999999,two_step,80,90,100,0.4998,100.5,7,0.11328971856000089,0.11328971856000089,-0.47254776430390805,-0.4861036004743779,-0.013555836170469848,-1.4915875845343378,-1.4940616599444316,-0.0024740754100938123,0.30003928577895117,0.2965412863222539,-0.003497999456697265,0.15943562997934274,0.1972027358942969,0.03776710591495416
kovacs_80_to_90_003,80->90,49.98,0.7979999999999999,two_step,80,90,100,0.4998,100.5,8,0.11328971856000089,0.11328971856000089,-0.47254776430390805,-0.4861036004743779,-0.013555836170469848,-1.4915875845343378,-1.4940616599444316,-0.0024740754100938123,0.30003928577895117,0.2965412863222539,-0.003497999456697265,0.15943562997934274,0.1972027358942969,0.03776710591495416
kovacs_80_to_90_003,80->90,49.98,0.7979999999999999,two_step,80,90,100.02,0.4998,100.52,9,0.11330087666195741,0.11330087666195741,-0.47254776430390805,-0.4861129136789479,-0.013565149375039831,-1.4915875845343378,-1.4940725284827339,-0.0024849439483960456,0.30003928577895117,0.29654487327067175,-0.003494412508279421,0.15943562997934274,0.19719046853235164,0.0377548385530089
kovacs_80_to_90_003,80->90,49.98,0.7979999999999999,two_step,80,90,60,1.0002,61.0002,10,0.12054079380837565,0.12054079380837565,-0.47254776430390805,-0.5043961820636378,-0.03184841775972974,-1.4915875845343378,-1.4890170681065673,0.0025705164277705084,0.30003928577895117,0.3254707274240495,0.025431441645098307,0.15943562997934274,0.168386703770176,0.008951073790833264
kovacs_80_to_90_004,80->90,49.98,1.0002,two_step,80,90,100,1.0002,101,1,0.13075715272890157,0.13075715272890157,-0.505291845320093,-0.5053514387050262,-5.959338493322086e-05,-1.5075823210034065,-1.501275220802814,0.0063071002005925525,0.32082979929678856,0.31589088425649897,-0.004938915040289593,0.21204237778522605,0.1608462714562426,-0.05119610632898344
kovacs_80_to_90_004,80->90,49.98,1.0002,two_step,80,90,100,1.0002,101,2,0.13075715272890157,0.13075715272890157,-0.505291845320093,-0.5053514387050262,-5.959338493322086e-05,-1.5075823210034065,-1.501275220802814,0.0063071002005925525,0.32082979929678856,0.31589088425649897,-0.004938915040289593,0.21204237778522605,0.1608462714562426,-0.05119610632898344
kovacs_80_to_90_004,80->90,49.98,1.0002,two_step,80,90,100.02,1.0002,101.02,3,0.13076377459132194,0.13076377459132194,-0.505291845320093,-0.5053590478905072,-6.720257041425981e-05,-1.5075823210034065,-1.5012850595959306,0.006297261407475885,0.32082979929678856,0.31589284737424833,-0.004936951922540234,0.21204237778522605,0.16083580326472618,-0.05120657452049987
kovacs_80_to_90_004,80->90,49.98,1.0002,two_step,80,90,100.02,0.798,100.818,4,0.13553003635163346,0.13553003635163346,-0.505291845320093,-0.49835433463190404,0.00693751068818893,-1.5075823210034065,-1.4984573702238508,0.009124950779555663,0.32082979929678856,0.30905103183081944,-0.01177876746596912,0.21204237778522605,0.17291092379523523,-0.03913145398999082
kovacs_80_to_90_004,80->90,49.98,1.0002,two_step,80,90,100,0.798,100.798,5,0.13555032972363873,0.13555032972363873,-0.505291845320093,-0.49834612688205093,0.006945718438042037,-1.5075823210034065,-1.4984471689669565,0.00913515203644999,0.32082979929678856,0.3090484995013561,-0.011781299795432465,0.21204237778522605,0.17292201654839906,-0.039120361236826995
kovacs_80_to_90_004,80->90,49.98,1.0002,two_step,80,90,100,0.798,100.798,6,0.13555032972363873,0.13555032972363873,-0.505291845320093,-0.49834612688205093,0.006945718438042037,-1.5075823210034065,-1.4984471689669565,0.00913515203644999,0.32082979929678856,0.3090484995013561,-0.011781299795432465,0.21204237778522605,0.17292201654839906,-0.039120361236826995
kovacs_80_to_90_004,80->90,49.98,1.0002,two_step,80,90,49.98,0.4998,50.4798,7,0.13567962919691046,0.13567962919691046,-0.505291845320093,-0.4858242515549167,0.01946759376517626,-1.5075823210034065,-1.4787610084170122,0.02882131258639431,0.32082979929678856,0.3094374613361734,-0.011392337960615173,0.21204237778522605,0.20618967625501536,-0.005852701530210697
kovacs_80_to_90_004,80->90,49.98,1.0002,two_step,80,90,100.02,0.4998,100.52,8,0.13715572169060647,0.13715572169060647,-0.505291845320093,-0.4861129136789479,0.01917893164114509,-1.5075823210034065,-1.4940725284827339,0.013509792520672637,0.32082979929678856,0.29654487327067175,-0.024284926026116815,0.21204237778522605,0.19719046853235164,-0.014851909252874412
kovacs_80_to_90_004,80->90,49.98,1.0002,two_step,80,90,100,0.4998,100.5,9,0.13717883628728914,0.13717883628728914,-0.505291845320093,-0.4861036004743779,0.019188244845715074,-1.5075823210034065,-1.4940616599444316,0.01352066105897487,0.32082979929678856,0.2965412863222539,-0.02428851297453466,0.21204237778522605,0.1972027358942969,-0.01483964189092915
kovacs_80_to_90_004,80->90,49.98,1.0002,two_step,80,90,100,0.4998,100.5,10,0.13717883628728914,0.13717883628728914,-0.505291845320093,-0.4861036004743779,0.019188244845715074,-1.5075823210034065,-1.4940616599444316,0.01352066105897487,0.32082979929678856,0.2965412863222539,-0.02428851297453466,0.21204237778522605,0.1972027358942969,-0.01483964189092915
kovacs_80_to_90_005,80->90,49.98,4.998,two_step,80,90,30,0.798,30.798,1,0.09934459351917235,0.09934459351917235,-0.555097865261066,-0.5348551894743583,0.020242675786707687,-1.5044589498514893,-1.497089785275202,0.007369164576287224,0.3524536133943853,0.3630663083687905,0.010612694974405201,0.16223635784425305,0.1480782470554853,-0.014158110788767747
kovacs_80_to_90_005,80->90,49.98,4.998,two_step,80,90,30,1.0002,31.0002,2,0.11888276762752681,0.11888276762752681,-0.555097865261066,-0.5454995608893993,0.009598304371666644,-1.5044589498514893,-1.5020995006062976,0.0023594492451917137,0.3524536133943853,0.37337672249976095,0.020923109105375648,0.16223635784425305,0.13242109925890408,-0.029815258585348975
kovacs_80_to_90_005,80->90,49.98,4.998,two_step,80,90,10.02,0.1002,10.1202,3,0.1345591883431898,0.1345591883431898,-0.555097865261066,-0.5565059877771772,-0.001408122516111221,-1.5044589498514893,-1.5116792433121484,-0.007220293460659111,0.3524536133943853,0.38742635562879635,0.03497274223441105,0.16223635784425305,0.1890557242957754,0.02681936645152236
kovacs_80_to_90_005,80->90,49.98,4.998,two_step,80,90,10,0.1002,10.1002,4,0.13502846798258195,0.13502846798258195,-0.555097865261066,-0.556697578576363,-0.0015997133152970688,-1.5044589498514893,-1.5117757256998745,-0.007316775848385193,0.3524536133943853,0.38762884071883663,0.03517522732445133,0.16223635784425305,0.18884993894603144,0.02661358110177839
kovacs_80_to_90_005,80->90,49.98,4.998,two_step,80,90,10,0.1002,10.1002,5,0.13502846798258195,0.13502846798258195,-0.555097865261066,-0.556697578576363,-0.0015997133152970688,-1.5044589498514893,-1.5117757256998745,-0.007316775848385193,0.3524536133943853,0.38762884071883663,0.03517522732445133,0.16223635784425305,0.18884993894603144,0.02661358110177839
kovacs_80_to_90_005,80->90,49.98,4.998,two_step,80,90,49.98,1.0002,50.9802,6,0.14064886986558064,0.14064886986558064,-0.555097865261066,-0.5114401224501275,0.04365774281093848,-1.5044589498514893,-1.4897942037962446,0.014664746055244704,0.3524536133943853,0.3348812994480571,-0.01757231394632819,0.16223635784425305,0.1631660747076248,0.0009297168633717323
kovacs_80_to_90_005,80->90,49.98,4.998,two_step,80,90,100.02,1.0002,101.02,7,0.15468518666407058,0.15468518666407058,-0.555097865261066,-0.5053590478905072,0.04973881737055874,-1.5044589498514893,-1.5012850595959306,0.003173890255558698,0.3524536133943853,0.31589284737424833,-0.03656076602013697,0.16223635784425305,0.16083580326472618,-0.0014005545795268692
kovacs_80_to_90_005,80->90,49.98,4.998,two_step,80,90,100,1.0002,101,8,0.1547039287532537,0.1547039287532537,-0.555097865261066,-0.5053514387050262,0.04974642655603978,-1.5044589498514893,-1.501275220802814,0.0031837290486753655,0.3524536133943853,0.31589088425649897,-0.03656272913788633,0.16223635784425305,0.1608462714562426,-0.001390086388010442
kovacs_80_to_90_005,80->90,49.98,4.998,two_step,80,90,100,1.0002,101,9,0.1547039287532537,0.1547039287532537,-0.555097865261066,-0.5053514387050262,0.04974642655603978,-1.5044589498514893,-1.501275220802814,0.0031837290486753655,0.3524536133943853,0.31589088425649897,-0.03656272913788633,0.16223635784425305,0.1608462714562426,-0.001390086388010442
kovacs_80_to_90_005,80->90,49.98,4.998,two_step,80,90,30,0.4998,30.4998,10,0.15950538987702215,0.15950538987702215,-0.555097865261066,-0.515125633608565,0.03997223165250097,-1.5044589498514893,-1.4882334155045287,0.016225534346960613,0.3524536133943853,0.3433844617410551,-0.00906915165333022,0.16223635784425305,0.180095197124206,0.017858839279952937
kovacs_80_to_90_006,80->90,49.98,10.020000000000001,two_step,80,90,100.02,4.998,105.018,1,0.21584247690501146,0.21584247690501146,-0.5759058693140657,-0.5789619792362537,-0.003056109922187966,-1.5606705424498715,-1.5375260652209464,0.023144477228925098,0.3656654390470666,0.3785550364186316,0.012889597371564976,0.1414283537912533,0.07835390338656026,-0.06307445040469303
kovacs_80_to_90_006,80->90,49.98,10.020000000000001,two_step,80,90,100,4.998,104.998,2,0.21584256770668744,0.21584256770668744,-0.5759058693140657,-0.5789582340592975,-0.0030523647452317393,-1.5606705424498715,-1.5375186394275469,0.023151903022324616,0.3656654390470666,0.3785566320592549,0.012891193012188273,0.1414283537912533,0.07836105112476888,-0.06306730266648441
kovacs_80_to_90_006,80->90,49.98,10.020000000000001,two_step,80,90,100,4.998,104.998,3,0.21584256770668744,0.21584256770668744,-0.5759058693140657,-0.5789582340592975,-0.0030523647452317393,-1.5606705424498715,-1.5375186394275469,0.023151903022324616,0.3656654390470666,0.3785566320592549,0.012891193012188273,0.1414283537912533,0.07836105112476888,-0.06306730266648441
kovacs_80_to_90_006,80->90,49.98,10.020000000000001,two_step,80,90,30,1.0002,31.0002,4,0.22872203801359678,0.22872203801359678,-0.5759058693140657,-0.5454995608893993,0.030406308424666406,-1.5606705424498715,-1.5020995006062976,0.05857104184357387,0.3656654390470666,0.37337672249976095,0.00771128345269434,0.1414283537912533,0.13242109925890408,-0.009007254532349213
kovacs_80_to_90_006,80->90,49.98,10.020000000000001,two_step,80,90,30,0.798,30.798,5,0.24555552143379608,0.24555552143379608,-0.5759058693140657,-0.5348551894743583,0.04105067983970745,-1.5606705424498715,-1.497089785275202,0.06358075717466938,0.3656654390470666,0.3630663083687905,-0.002599130678276107,0.1414283537912533,0.1480782470554853,0.006649893264232015
kovacs_80_to_90_006,80->90,49.98,10.020000000000001,two_step,80,90,60,4.998,64.998,6,0.27016335055603186,0.27016335055603186,-0.5759058693140657,-0.5859782263557025,-0.010072357041636781,-1.5606705424498715,-1.5302496765555018,0.030420865894369653,0.3656654390470666,0.3954232710663055,0.029757832019238872,0.1414283537912533,0.08011913584630212,-0.06130921794495117
kovacs_80_to_90_006,80->90,49.98,10.020000000000001,two_step,80,90,10,0.1002,10.1002,7,0.2896514982965681,0.2896514982965681,-0.5759058693140657,-0.556697578576363,0.019208290737702693,-1.5606705424498715,-1.5117757256998745,0.04889481674999696,0.3656654390470666,0.38762884071883663,0.021963401671770022,0.1414283537912533,0.18884993894603144,0.04742158515477815
kovacs_80_to_90_006,80->90,49.98,10.020000000000001,two_step,80,90,10,0.1002,10.1002,8,0.2896514982965681,0.2896514982965681,-0.5759058693140657,-0.556697578576363,0.019208290737702693,-1.5606705424498715,-1.5117757256998745,0.04889481674999696,0.3656654390470666,0.38762884071883663,0.021963401671770022,0.1414283537912533,0.18884993894603144,0.04742158515477815
kovacs_80_to_90_006,80->90,49.98,10.020000000000001,two_step,80,90,10.02,0.1002,10.1202,9,0.2903032665930925,0.2903032665930925,-0.5759058693140657,-0.5565059877771772,0.01939988153688854,-1.5606705424498715,-1.5116792433121484,0.04899129913772304,0.3656654390470666,0.38742635562879635,0.02176091658172974,0.1414283537912533,0.1890557242957754,0.04762737050452212
kovacs_80_to_90_006,80->90,49.98,10.020000000000001,two_step,80,90,100,10,110,10,0.3046746726132969,0.3046746726132969,-0.5759058693140657,-0.6200054945642284,-0.044099625250162644,-1.5606705424498715,-1.5605797136926283,9.082875724319983e-05,0.3656654390470666,0.40529825904239336,0.03963281999532675,0.1414283537912533,0.062279461641954144,-0.07914889214929915
kovacs_80_to_90_007,80->90,49.98,49.98,two_step,80,90,300,0.4998,300.5,1,0.18042540354263054,0.18042540354263054,-0.6829876298758301,-0.6655552976922507,0.017432332183579313,-1.61894611004148,-1.6430587219534163,-0.024112611911936366,0.43365588866062477,0.41158410694623915,-0.02207178171438562,0.034346593229488964,0.008280824941721894,-0.02606576828776707
kovacs_80_to_90_007,80->90,49.98,49.98,two_step,80,90,100,30,130,2,0.19526500471564542,0.19526500471564542,-0.6829876298758301,-0.7125021387890174,-0.0295145089131873,-1.61894611004148,-1.6225546307876866,-0.003608520746206656,0.43365588866062477,0.4816140421680095,0.04795815350738475,0.034346593229488964,0.006927745797884792,-0.027418847431604172
kovacs_80_to_90_007,80->90,49.98,49.98,two_step,80,90,100,30,130,3,0.19526500471564542,0.19526500471564542,-0.6829876298758301,-0.7125021387890174,-0.0295145089131873,-1.61894611004148,-1.6225546307876866,-0.003608520746206656,0.43365588866062477,0.4816140421680095,0.04795815350738475,0.034346593229488964,0.006927745797884792,-0.027418847431604172
kovacs_80_to_90_007,80->90,49.98,49.98,two_step,80,90,100.02,30,130.02,4,0.1952770578235751,0.1952770578235751,-0.6829876298758301,-0.7125063232789823,-0.029518693403152274,-1.61894611004148,-1.6225610280473783,-0.0036149180058984154,0.43365588866062477,0.4816080660056293,0.04795217734500451,0.034346593229488964,0.006928203679776444,-0.02741838954971252
kovacs_80_to_90_007,80->90,49.98,49.98,two_step,80,90,300,0.798,300.798,5,0.19855405169989016,0.19855405169989016,-0.6829876298758301,-0.6728242337703771,0.010163396105452915,-1.61894611004148,-1.6443855477755642,-0.025439437734084303,0.43365588866062477,0.4194328474667481,-0.014223041193876684,0.034346593229488964,-0.010922876466093454,-0.04526946969558242
kovacs_80_to_90_007,80->90,49.98,49.98,two_step,80,90,300,1.0002,301,6,0.20652606197318363,0.20652606197318363,-0.6829876298758301,-0.6770118413895292,0.00597578848630087,-1.61894611004148,-1.6454748648713513,-0.02652875482987138,0.43365588866062477,0.42364597380684943,-0.010009914853775337,0.034346593229488964,-0.020162848049732562,-0.05450944127922153
kovacs_80_to_90_007,80->90,49.98,49.98,two_step,80,90,60,30,90,7,0.23256252436015123,0.23256252436015123,-0.6829876298758301,-0.7105054839885248,-0.027517854112694695,-1.61894611004148,-1.6127448866726442,0.006201223368835773,0.43365588866062477,0.4999781819458674,0.06632229328524264,0.034346593229488964,0.005230167497569181,-0.029116425731919783
kovacs_80_to_90_007,80->90,49.98,49.98,two_step,80,90,49.98,10.02,60,8,0.2500852098752166,0.2500852098752166,-0.6829876298758301,-0.6398573979372981,0.04313023193853194,-1.61894611004148,-1.559330211768861,0.05961589827261893,0.43365588866062477,0.44543727113012843,0.011781382469503665,0.034346593229488964,0.03891912451602173,0.0045725312865327675
kovacs_80_to_90_007,80->90,49.98,49.98,two_step,80,90,49.98,10,59.98,9,0.2505668932409929,0.2505668932409929,-0.6829876298758301,-0.639717656535626,0.043269973340204104,-1.61894611004148,-1.5592401510189635,0.05970595902251641,0.43365588866062477,0.4453083957417494,0.011652507081124641,0.034346593229488964,0.03903356682108288,0.004686973591593917
kovacs_80_to_90_007,80->90,49.98,49.98,two_step,80,90,49.98,10,59.98,10,0.2505668932409929,0.2505668932409929,-0.6829876298758301,-0.639717656535626,0.043269973340204104,-1.61894611004148,-1.5592401510189635,0.05970595902251641,0.43365588866062477,0.4453083957417494,0.011652507081124641,0.034346593229488964,0.03903356682108288,0.004686973591593917
kovacs_80_to_90_008,80->90,49.98,100.02,two_step,80,90,30,60,90,1,0.13623610778564518,0.13623610778564518,-0.7395259120880413,-0.743603860506279,-0.00407794841823772,-1.6663848600965965,-1.6574292935136496,0.008955566582946828,0.4695542826337911,0.5165994438094869,0.04704516117569574,-0.02219168898272228,-0.008443524820295555,0.013748164162426725
kovacs_80_to_90_008,80->90,49.98,100.02,two_step,80,90,300,4.998,304.998,2,0.1539124148241696,0.1539124148241696,-0.7395259120880413,-0.7260522975355033,0.013473614552538038,-1.6663848600965965,-1.666158614284035,0.00022624581256147636,0.4695542826337911,0.4640674087851946,-0.00548687384859653,-0.02219168898272228,-0.08062976240234225,-0.05843807341961997
kovacs_80_to_90_008,80->90,49.98,100.02,two_step,80,90,100.02,49.98,150,3,0.15577353819567824,0.15577353819567824,-0.7395259120880413,-0.7612691985269827,-0.02174328643894141,-1.6663848600965965,-1.6593053848166108,0.0070794752799856475,0.4695542826337911,0.5205771809263564,0.05102289829256529,-0.02219168898272228,-0.014128708769984864,0.008062980212737415
kovacs_80_to_90_008,80->90,49.98,100.02,two_step,80,90,100,49.98,149.98,4,0.15579660623348965,0.15579660623348965,-0.7395259120880413,-0.7612606533894276,-0.021734741301386307,-1.6663848600965965,-1.659296627802028,0.007088232294568453,0.4695542826337911,0.5205785624681427,0.051024279834351594,-0.02219168898272228,-0.014122413652719712,0.008069275330002568
kovacs_80_to_90_008,80->90,49.98,100.02,two_step,80,90,100,49.98,149.98,5,0.15579660623348965,0.15579660623348965,-0.7395259120880413,-0.7612606533894276,-0.021734741301386307,-1.6663848600965965,-1.659296627802028,0.007088232294568453,0.4695542826337911,0.5205785624681427,0.051024279834351594,-0.02219168898272228,-0.014122413652719712,0.008069275330002568
kovacs_80_to_90_008,80->90,49.98,100.02,two_step,80,90,10,30,40,6,0.17412452764941336,0.17412452764941336,-0.7395259120880413,-0.7446961324465629,-0.005170220358521549,-1.6663848600965965,-1.6465588682521748,0.019825991844421686,0.4695542826337911,0.5388370220143287,0.06928273938053758,-0.02219168898272228,-0.021965473715557203,0.00022621526716507662
kovacs_80_to_90_008,80->90,49.98,100.02,two_step,80,90,10,30,40,7,0.17412452764941336,0.17412452764941336,-0.7395259120880413,-0.7446961324465629,-0.005170220358521549,-1.6663848600965965,-1.6465588682521748,0.019825991844421686,0.4695542826337911,0.5388370220143287,0.06928273938053758,-0.02219168898272228,-0.021965473715557203,0.00022621526716507662
kovacs_80_to_90_008,80->90,49.98,100.02,two_step,80,90,10.02,30,40.02,8,0.17413072909067634,0.17413072909067634,-0.7395259120880413,-0.7446021781626669,-0.005076266074625635,-1.6663848600965965,-1.646470142006415,0.019914718090181527,0.4695542826337911,0.5387565436726771,0.06920226103888599,-0.02219168898272228,-0.021929422418224778,0.0002622665644975014
kovacs_80_to_90_008,80->90,49.98,100.02,two_step,80,90,30,49.98,79.98,9,0.1805777196828976,0.1805777196828976,-0.7395259120880413,-0.736418008346797,0.0031079037412442556,-1.6663848600965965,-1.6440009553610064,0.022383904735590043,0.4695542826337911,0.518534461077543,0.048980178443751854,-0.02219168898272228,-0.004045534965636387,0.018146154017085893
kovacs_80_to_90_008,80->90,49.98,100.02,two_step,80,90,100,60,160,10,0.19776871457877174,0.19776871457877174,-0.7395259120880413,-0.7794790621950121,-0.03995315010697076,-1.6663848600965965,-1.6736625013280395,-0.007277641231443033,0.4695542826337911,0.5341255237630431,0.064571241129252,-0.02219168898272228,-0.019615388451621696,0.0025763005311005838
kovacs_80_to_90_009,80->90,49.98,499.98,two_step,80,90,30,499.98,529.98,1,0.17524179002344467,0.17524179002344467,-1.1409172062672797,-1.1251610534716285,0.015756152795651124,-1.9706512586640845,-1.9898883125024298,-0.019237053838345286,0.7244135081362819,0.75125098407482,0.026837475938538136,-0.1319619192249042,-0.15891861084279188,-0.02695669161788769
kovacs_80_to_90_009,80->90,49.98,499.98,two_step,80,90,49.98,499.98,549.96,2,0.1919252047696099,0.1919252047696099,-1.1409172062672797,-1.096765444109046,0.04415176215823369,-1.9706512586640845,-1.973547256139891,-0.002895997475806489,0.7244135081362819,0.709145428908885,-0.015268079227396925,-0.1319619192249042,-0.17307494743484467,-0.04111302820994048
kovacs_80_to_90_009,80->90,49.98,499.98,two_step,80,90,60,499.98,559.98,3,0.22261060294011964,0.22261060294011964,-1.1409172062672797,-1.0925109187582565,0.048406287509023205,-1.9706512586640845,-1.9709316439078117,-0.0002803852437271992,0.7244135081362819,0.6997213401180584,-0.024692168018223493,-0.1319619192249042,-0.17999978192189162,-0.04803786269698743
kovacs_80_to_90_009,80->90,49.98,499.98,two_step,80,90,100,499.98,599.98,4,0.28389999781912034,0.28389999781912034,-1.1409172062672797,-1.1021922346003208,0.038724971666958874,-1.9706512586640845,-1.9755781781803723,-0.004926919516287764,0.7244135081362819,0.69370977140033,-0.030703736735951948,-0.1319619192249042,-0.20677864803620796,-0.07481672881130377
kovacs_80_to_90_009,80->90,49.98,499.98,two_step,80,90,100,499.98,599.98,5,0.28389999781912034,0.28389999781912034,-1.1409172062672797,-1.1021922346003208,0.038724971666958874,-1.9706512586640845,-1.9755781781803723,-0.004926919516287764,0.7244135081362819,0.69370977140033,-0.030703736735951948,-0.1319619192249042,-0.20677864803620796,-0.07481672881130377
kovacs_80_to_90_009,80->90,49.98,499.98,two_step,80,90,100.02,499.98,600,6,0.28391646283126726,0.28391646283126726,-1.1409172062672797,-1.1022031569018313,0.03871404936544831,-1.9706512586640845,-1.9755840012155994,-0.004932742551514879,0.7244135081362819,0.6937140426591959,-0.03069946547708602,-0.1319619192249042,-0.20679171844806715,-0.07482979922316296
kovacs_80_to_90_009,80->90,49.98,499.98,two_step,80,90,60,600,660,7,0.32040633570896443,0.32040633570896443,-1.1409172062672797,-1.1529859406810377,-0.012068734413757998,-1.9706512586640845,-2.0152594068955114,-0.04460814823142689,0.7244135081362819,0.7424191050601203,0.018005596923838407,-0.1319619192249042,-0.2081677174174177,-0.07620579819251352
kovacs_80_to_90_009,80->90,49.98,499.98,two_step,80,90,49.98,600,649.98,8,0.34254697117636457,0.34254697117636457,-1.1409172062672797,-1.158913617144714,-0.01799641087743442,-1.9706512586640845,-2.0184710420880227,-0.04781978342393822,0.7244135081362819,0.7539755378752929,0.02956202973901101,-0.1319619192249042,-0.200953972787677,-0.0689920535627728
kovacs_80_to_90_009,80->90,49.98,499.98,two_step,80,90,499.98,100.02,600,9,0.3446049795966995,0.3446049795966995,-1.1409172062672797,-1.1218702480563083,0.019046958210971354,-1.9706512586640845,-1.9373539278434464,0.03329733082063813,0.7244135081362819,0.6862770839906885,-0.03813642414559337,-0.1319619192249042,-0.2116688065613024,-0.07970688733639822
kovacs_80_to_90_009,80->90,49.98,499.98,two_step,80,90,499.98,100,599.98,10,0.3447195227906122,0.3447195227906122,-1.1409172062672797,-1.121836681179348,0.019080525087931566,-1.9706512586640845,-1.9373298531037217,0.03332140556036278,0.7244135081362819,0.686247542368979,-0.03816596576730291,-0.1319619192249042,-0.2116444108077751,-0.07968249158287091
kovacs_80_to_90_010,80->90,49.98,1000.0200000000001,two_step,80,90,300,1200,1500,1,0.1598776773778007,0.1598776773778007,-1.4520779412940008,-1.4828390311627324,-0.030761089868731606,-2.260744052237382,-2.2554311773282274,0.005312874909154441,0.9219817790123416,0.9286231291194107,0.006641350107069122,-0.44312265425162534,-0.48356653752134376,-0.04044388326971843
kovacs_80_to_90_010,80->90,49.98,1000.0200000000001,two_step,80,90,300,1000.02,1300.02,2,0.19596439872541963,0.19596439872541963,-1.4520779412940008,-1.4344997045092225,0.017578236784778323,-2.260744052237382,-2.2160665976221554,0.04467745461522643,0.9219817790123416,0.8979513192565667,-0.02403045975577489,-0.44312265425162534,-0.4502856628691125,-0.007163008617487143
kovacs_80_to_90_010,80->90,49.98,1000.0200000000001,two_step,80,90,499.98,600,1099.98,3,0.2150625557108872,0.2150625557108872,-1.4520779412940008,-1.4636138679292223,-0.011535926635221516,-2.260744052237382,-2.203866674927508,0.056877377309873633,0.9219817790123416,0.9410930080511324,0.01911122903879081,-0.44312265425162534,-0.45358210368179297,-0.010459449430167633
kovacs_80_to_90_010,80->90,49.98,1000.0200000000001,two_step,80,90,600,499.98,1099.98,4,0.297918852912147,0.297918852912147,-1.4520779412940008,-1.4929907211389333,-0.04091277984493247,-2.260744052237382,-2.2168307932144753,0.04391325902290655,0.9219817790123416,0.962567490773812,0.04058571176147041,-0.44312265425162534,-0.4682289995368457,-0.025106345285220377
kovacs_80_to_90_010,80->90,49.98,1000.0200000000001,two_step,80,90,499.98,499.98,999.96,5,0.32030041083225647,0.32030041083225647,-1.4520779412940008,-1.4304231550633548,0.021654786230645984,-2.260744052237382,-2.1706799100970833,0.09006414214029856,0.9219817790123416,0.9261603476787309,0.004178568666389326,-0.44312265425162534,-0.4181221115381288,0.025000542713496554
kovacs_80_to_90_010,80->90,49.98,1000.0200000000001,two_step,80,90,300,900,1200,6,0.33712108612174835,0.33712108612174835,-1.4520779412940008,-1.4070588600681557,0.04501908122584508,-2.260744052237382,-2.1931903258749923,0.06755372636238954,0.9219817790123416,0.8815292989489314,-0.04045248006341018,-0.44312265425162534,-0.4307462535794578,0.012376400672167553
kovacs_80_to_90_010,80->90,49.98,1000.0200000000001,two_step,80,90,900,300,1200,7,0.3589423541107541,0.3589423541107541,-1.4520779412940008,-1.550575193676931,-0.09849725238293017,-2.260744052237382,-2.256593023096818,0.004151029140563978,0.9219817790123416,0.965801574046845,0.043819795034503395,-0.44312265425162534,-0.4965801113221637,-0.05345745707053834
kovacs_80_to_90_010,80->90,49.98,1000.0200000000001,two_step,80,90,1200,100.02,1300.02,8,0.3703092452954775,0.3703092452954775,-1.4520779412940008,-1.5359804329374191,-0.08390249164341834,-2.260744052237382,-2.250160677175804,0.010583375061577804,0.9219817790123416,0.9296618939897958,0.007680114977454244,-0.44312265425162534,-0.5349049566228631,-0.09178230237123775
kovacs_80_to_90_010,80->90,49.98,1000.0200000000001,two_step,80,90,1200,100,1300,9,0.3704151088902278,0.3704151088902278,-1.4520779412940008,-1.5359728666784251,-0.08389492538442433,-2.260744052237382,-2.2501559395474664,0.010588112689915441,0.9219817790123416,0.9296739559452352,0.007692176932893591,-0.44312265425162534,-0.5349464894371818,-0.09182383518555648
kovacs_80_to_90_010,80->90,49.98,1000.0200000000001,two_step,80,90,1200,100,1300,10,0.3704151088902278,0.3704151088902278,-1.4520779412940008,-1.5359728666784251,-0.08389492538442433,-2.260744052237382,-2.2501559395474664,0.010588112689915441,0.9219817790123416,0.9296739559452352,0.007692176932893591,-0.44312265425162534,-0.5349464894371818,-0.09182383518555648
kovacs_80_to_90_011,80->90,499.98,0.1002,two_step,80,90,300,49.98,349.98,1,0.13340218324085373,0.13340218324085373,-0.8672824372822605,-0.8814049755170515,-0.014122538234791038,-1.7983458825121397,-1.760068800441468,0.03827708207067171,0.5506719589163982,0.5439239727203364,-0.0067479861960617615,-0.07058892562102359,-0.07199305554714508,-0.001404129926121489
kovacs_80_to_90_011,80->90,499.98,0.1002,two_step,80,90,499.98,0.1002,500.08,2,0.15308361360455708,0.15308361360455708,-0.8672824372822605,-0.8547236773851701,0.012558759897090432,-1.7983458825121397,-1.798664983662231,-0.0003191011500913721,0.5506719589163982,0.5314627983057125,-0.01920916061068567,-0.07058892562102359,-0.11827180236488045,-0.047682876743856864
kovacs_80_to_90_011,80->90,499.98,0.1002,two_step,80,90,300,60,360,3,0.18269507852473837,0.18269507852473837,-0.8672824372822605,-0.9070946894471609,-0.039812252164900364,-1.7983458825121397,-1.7782195206790423,0.02012636183309735,0.5506719589163982,0.5662810082720353,0.015609049355637117,-0.07058892562102359,-0.0897938878967512,-0.019204962275727613
kovacs_80_to_90_011,80->90,499.98,0.1002,two_step,80,90,499.98,0.4998,500.48,4,0.24032285390211347,0.24032285390211347,-0.8672824372822605,-0.8674722341315557,-0.00018979684929520957,-1.7983458825121397,-1.795252554568154,0.0030933279439857575,0.5506719589163982,0.5497155018990242,-0.0009564570173740128,-0.07058892562102359,-0.18131489886791977,-0.11072597324689618
kovacs_80_to_90_011,80->90,499.98,0.1002,two_step,80,90,499.98,0.798,500.778,5,0.29352889173219926,0.29352889173219926,-0.8672824372822605,-0.8730942624454896,-0.00581182516322909,-1.7983458825121397,-1.7955254387410708,0.0028204437710688257,0.5506719589163982,0.5561040404905129,0.005432081574114678,-0.07058892562102359,-0.19910313573732163,-0.12851421011629804
kovacs_80_to_90_011,80->90,499.98,0.1002,two_step,80,90,300,30,330,6,0.31812115758281606,0.31812115758281606,-0.8672824372822605,-0.829726013578446,0.03755642370381451,-1.7983458825121397,-1.72518509686023,0.07316078565190964,0.5506719589163982,0.5116651488121275,-0.03900681010427065,-0.07058892562102359,-0.0669342998100316,0.0036546258109919905
kovacs_80_to_90_011,80->90,499.98,0.1002,two_step,80,90,499.98,1.0002,500.98,7,0.32081779182743436,0.32081779182743436,-0.8672824372822605,-0.8763014281493055,-0.00901899086704494,-1.7983458825121397,-1.7959857829650605,0.002360099547079164,0.5506719589163982,0.5594518157267394,0.008779856810341213,-0.07058892562102359,-0.20751026809978818,-0.13692134247876458
kovacs_80_to_90_011,80->90,499.98,0.1002,two_step,80,90,10,100.02,110.02,8,0.3323691452952514,0.3323691452952514,-0.8672824372822605,-0.8393495559431167,0.027932881339143845,-1.7983458825121397,-1.75004930279597,0.04829657971616963,0.5506719589163982,0.5914498459694852,0.04077788705308705,-0.07058892562102359,-0.0239762462524912,0.04661267936853239
kovacs_80_to_90_011,80->90,499.98,0.1002,two_step,80,90,10,100.02,110.02,9,0.3323691452952514,0.3323691452952514,-0.8672824372822605,-0.8393495559431167,0.027932881339143845,-1.7983458825121397,-1.75004930279597,0.04829657971616963,0.5506719589163982,0.5914498459694852,0.04077788705308705,-0.07058892562102359,-0.0239762462524912,0.04661267936853239
kovacs_80_to_90_011,80->90,499.98,0.1002,two_step,80,90,10,100,110,10,0.332452899391449,0.332452899391449,-0.8672824372822605,-0.8393221968997945,0.02796024038246603,-1.7983458825121397,-1.7500248028457412,0.048321079666398425,0.5506719589163982,0.5914307766129612,0.04075881769656298,-0.07058892562102359,-0.023972075976029378,0.04661684964499421
kovacs_80_to_90_012,80->90,499.98,0.4998,two_step,80,90,499.98,1.0002,500.98,1,0.1297648099527249,0.1297648099527249,-0.8745292435709252,-0.8763014281493055,-0.0017721845783802426,-1.8083779093451169,-1.7959857829650605,0.012392126380056379,0.5552732431616687,0.5594518157267394,0.004178572565070704,-0.2501662195062677,-0.20751026809978818,0.04265595140647954
kovacs_80_to_90_012,80->90,499.98,0.4998,two_step,80,90,499.98,0.798,500.778,2,0.1422888984525524,0.1422888984525524,-0.8745292435709252,-0.8730942624454896,0.0014349811254356082,-1.8083779093451169,-1.7955254387410708,0.01285247060404604,0.5552732431616687,0.5561040404905129,0.0008307973288441683,-0.2501662195062677,-0.19910313573732163,0.05106308376894608
kovacs_80_to_90_012,80->90,499.98,0.4998,two_step,80,90,499.98,4.998,504.978,3,0.1447537169372544,0.1447537169372544,-0.8745292435709252,-0.9139882938299437,-0.039459050259018524,-1.8083779093451169,-1.8092661719473502,-0.0008882626022332918,0.5552732431616687,0.5901470866791041,0.03487384351743539,-0.2501662195062677,-0.25911577349230674,-0.008949553986039027
kovacs_80_to_90_012,80->90,499.98,0.4998,two_step,80,90,499.98,0.4998,500.48,4,0.1972782227756557,0.1972782227756557,-0.8745292435709252,-0.8674722341315557,0.007057009439369488,-1.8083779093451169,-1.795252554568154,0.013125354776962972,0.5552732431616687,0.5497155018990242,-0.005557741262644522,-0.2501662195062677,-0.18131489886791977,0.06885132063834795
kovacs_80_to_90_012,80->90,499.98,0.4998,two_step,80,90,499.98,10,509.98,5,0.27646945683064955,0.27646945683064955,-0.8745292435709252,-0.9419708440430614,-0.06744160047213621,-1.8083779093451169,-1.823089323393908,-0.014711414048791172,0.5552732431616687,0.606995561588738,0.051722318427069314,-0.2501662195062677,-0.26988672680706566,-0.01972050730079794
kovacs_80_to_90_012,80->90,499.98,0.4998,two_step,80,90,499.98,10,509.98,6,0.27646945683064955,0.27646945683064955,-0.8745292435709252,-0.9419708440430614,-0.06744160047213621,-1.8083779093451169,-1.823089323393908,-0.014711414048791172,0.5552732431616687,0.606995561588738,0.051722318427069314,-0.2501662195062677,-0.26988672680706566,-0.01972050730079794
kovacs_80_to_90_012,80->90,499.98,0.4998,two_step,80,90,499.98,10.02,510,7,0.27685089505835725,0.27685089505835725,-0.8745292435709252,-0.9420639889592256,-0.0675347453883004,-1.8083779093451169,-1.8231380929950145,-0.014760183649897618,0.5552732431616687,0.6070449658493378,0.05177172268766905,-0.2501662195062677,-0.2698972542936265,-0.01973103478735877
kovacs_80_to_90_012,80->90,499.98,0.4998,two_step,80,90,499.98,0.1002,500.08,8,0.3717557016546236,0.3717557016546236,-0.8745292435709252,-0.8547236773851701,0.01980556618575513,-1.8083779093451169,-1.798664983662231,0.009712925682885842,0.5552732431616687,0.5314627983057125,-0.02381044485595618,-0.2501662195062677,-0.11827180236488045,0.13189441714138728
kovacs_80_to_90_012,80->90,499.98,0.4998,two_step,80,90,600,0.4998,600.5,9,0.41496777610979396,0.41496777610979396,-0.8745292435709252,-0.9611094414319048,-0.08658019786097959,-1.8083779093451169,-1.8649784163545795,-0.05660050700946262,0.5552732431616687,0.613983938941319,0.05871069577965027,-0.2501662195062677,-0.26519742871510976,-0.015031209208842045
kovacs_80_to_90_012,80->90,499.98,0.4998,two_step,80,90,600,0.1002,600.1,10,0.4433681759153758,0.4433681759153758,-0.8745292435709252,-0.9492525679811632,-0.07472332441023799,-1.8083779093451169,-1.8689697762085775,-0.06059186686346063,0.5552732431616687,0.5964994066220284,0.04122616346035968,-0.2501662195062677,-0.20281932559951824,0.04734689390674948
kovacs_80_to_90_013,80->90,499.98,0.7979999999999999,two_step,80,90,499.98,0.798,500.778,1,0.1504724693235112,0.1504724693235112,-0.8349612827884664,-0.8730942624454896,-0.038132979657023225,-1.78129010628785,-1.7955254387410708,-0.01423533245322095,0.5301499781931283,0.5561040404905129,0.025954062297384617,-0.2029778885052156,-0.19910313573732163,0.003874752767893952
kovacs_80_to_90_013,80->90,499.98,0.7979999999999999,two_step,80,90,499.98,1.0002,500.98,2,0.1639182873391365,0.1639182873391365,-0.8349612827884664,-0.8763014281493055,-0.041340145360839076,-1.78129010628785,-1.7959857829650605,-0.014695676677210612,0.5301499781931283,0.5594518157267394,0.029301837533611153,-0.2029778885052156,-0.20751026809978818,-0.004532379594572589
kovacs_80_to_90_013,80->90,499.98,0.7979999999999999,two_step,80,90,499.98,0.4998,500.48,3,0.16683147419343514,0.16683147419343514,-0.8349612827884664,-0.8674722341315557,-0.032510951343089345,-1.78129010628785,-1.795252554568154,-0.013962448280304018,0.5301499781931283,0.5497155018990242,0.019565523705895926,-0.2029778885052156,-0.18131489886791977,0.02166298963729582
kovacs_80_to_90_013,80->90,499.98,0.7979999999999999,two_step,80,90,499.98,0.1002,500.08,4,0.25503356407713107,0.25503356407713107,-0.8349612827884664,-0.8547236773851701,-0.019762394596703703,-1.78129010628785,-1.798664983662231,-0.017374877374381148,0.5301499781931283,0.5314627983057125,0.0013128201125842676,-0.2029778885052156,-0.11827180236488045,0.08470608614033513
kovacs_80_to_90_013,80->90,499.98,0.7979999999999999,two_step,80,90,499.98,4.998,504.978,5,0.4186009570842793,0.4186009570842793,-0.8349612827884664,-0.9139882938299437,-0.07902701104147736,-1.78129010628785,-1.8092661719473502,-0.027976065659500282,0.5301499781931283,0.5901470866791041,0.059997108485975836,-0.2029778885052156,-0.25911577349230674,-0.05613788498709116
kovacs_80_to_90_013,80->90,499.98,0.7979999999999999,two_step,80,90,300,60,360,6,0.4239171931856557,0.4239171931856557,-0.8349612827884664,-0.9070946894471609,-0.0721334066586945,-1.78129010628785,-1.7782195206790423,0.0030705856088075745,0.5301499781931283,0.5662810082720353,0.036131030078907056,-0.2029778885052156,-0.0897938878967512,0.11318400060846438
kovacs_80_to_90_013,80->90,499.98,0.7979999999999999,two_step,80,90,300,49.98,349.98,7,0.42630114537159064,0.42630114537159064,-0.8349612827884664,-0.8814049755170515,-0.04644369272858517,-1.78129010628785,-1.760068800441468,0.021221305846381933,0.5301499781931283,0.5439239727203364,0.013773994527208178,-0.2029778885052156,-0.07199305554714508,0.1309848329580705
kovacs_80_to_90_013,80->90,499.98,0.7979999999999999,two_step,80,90,300,30,330,8,0.46322016433571817,0.46322016433571817,-0.8349612827884664,-0.829726013578446,0.005235269210020377,-1.78129010628785,-1.72518509686023,0.05610500942761987,0.5301499781931283,0.5116651488121275,-0.01848482938100071,-0.2029778885052156,-0.0669342998100316,0.136043588695184
kovacs_80_to_90_013,80->90,499.98,0.7979999999999999,two_step,80,90,600,0.1002,600.1,9,0.5205973702246834,0.5205973702246834,-0.8349612827884664,-0.9492525679811632,-0.11429128519269682,-1.78129010628785,-1.8689697762085775,-0.08767966992072762,0.5301499781931283,0.5964994066220284,0.06634942842890013,-0.2029778885052156,-0.20281932559951824,0.00015856290569735143
kovacs_80_to_90_013,80->90,499.98,0.7979999999999999,two_step,80,90,499.98,10,509.98,10,0.5503166969776745,0.5503166969776745,-0.8349612827884664,-0.9419708440430614,-0.10700956125459504,-1.78129010628785,-1.823089323393908,-0.04179921710605816,0.5301499781931283,0.606995561588738,0.07684558339560976,-0.2029778885052156,-0.26988672680706566,-0.06690883830185007
kovacs_80_to_90_014,80->90,499.98,1.0002,two_step,80,90,499.98,4.998,504.978,1,0.1533258661603255,0.1533258661603255,-0.9263781596734751,-0.9139882938299437,0.012389865843531411,-1.819308134572531,-1.8092661719473502,0.010041962625180867,0.5881941729193998,0.5901470866791041,0.0019529137597043,-0.20904393656815612,-0.25911577349230674,-0.050071836924150626
kovacs_80_to_90_014,80->90,499.98,1.0002,two_step,80,90,600,0.1002,600.1,2,0.1890881136253062,0.1890881136253062,-0.9263781596734751,-0.9492525679811632,-0.022874408307688054,-1.819308134572531,-1.8689697762085775,-0.04966164163604647,0.5881941729193998,0.5964994066220284,0.00830523370262859,-0.20904393656815612,-0.20281932559951824,0.006224610968637884
kovacs_80_to_90_014,80->90,499.98,1.0002,two_step,80,90,499.98,1.0002,500.98,3,0.19286616952249303,0.19286616952249303,-0.9263781596734751,-0.8763014281493055,0.05007673152416969,-1.819308134572531,-1.7959857829650605,0.023322351607470537,0.5881941729193998,0.5594518157267394,-0.028742357192660384,-0.20904393656815612,-0.20751026809978818,0.0015336684683679436
kovacs_80_to_90_014,80->90,499.98,1.0002,two_step,80,90,499.98,10,509.98,4,0.19353224011604492,0.19353224011604492,-0.9263781596734751,-0.9419708440430614,-0.015592684369586274,-1.819308134572531,-1.823089323393908,-0.003781188821377013,0.5881941729193998,0.606995561588738,0.018801388669338226,-0.20904393656815612,-0.26988672680706566,-0.06084279023890954
kovacs_80_to_90_014,80->90,499.98,1.0002,two_step,80,90,499.98,10,509.98,5,0.19353224011604492,0.19353224011604492,-0.9263781596734751,-0.9419708440430614,-0.015592684369586274,-1.819308134572531,-1.823089323393908,-0.003781188821377013,0.5881941729193998,0.606995561588738,0.018801388669338226,-0.20904393656815612,-0.26988672680706566,-0.06084279023890954
kovacs_80_to_90_014,80->90,499.98,1.0002,two_step,80,90,499.98,10.02,510,6,0.19391367834375262,0.19391367834375262,-0.9263781596734751,-0.9420639889592256,-0.015685829285750463,-1.819308134572531,-1.8231380929950145,-0.0038299584224834593,0.5881941729193998,0.6070449658493378,0.018850792929937965,-0.20904393656815612,-0.2698972542936265,-0.06085331772547037
kovacs_80_to_90_014,80->90,499.98,1.0002,two_step,80,90,499.98,0.798,500.778,7,0.22245679073767646,0.22245679073767646,-0.9263781596734751,-0.8730942624454896,0.053283897227985544,-1.819308134572531,-1.7955254387410708,0.0237826958314602,0.5881941729193998,0.5561040404905129,-0.03209013242888692,-0.20904393656815612,-0.19910313573732163,0.009940800830834484
kovacs_80_to_90_014,80->90,499.98,1.0002,two_step,80,90,499.98,0.4998,500.48,8,0.2802154394902603,0.2802154394902603,-0.9263781596734751,-0.8674722341315557,0.058905925541919424,-1.819308134572531,-1.795252554568154,0.02405558000437713,0.5881941729193998,0.5497155018990242,-0.03847867102037561,-0.20904393656815612,-0.18131489886791977,0.027729037700236353
kovacs_80_to_90_014,80->90,499.98,1.0002,two_step,80,90,600,0.4998,600.5,9,0.33203055939518933,0.33203055939518933,-0.9263781596734751,-0.9611094414319048,-0.034731281758429655,-1.819308134572531,-1.8649784163545795,-0.04567028178204846,0.5881941729193998,0.613983938941319,0.02578976602191918,-0.20904393656815612,-0.26519742871510976,-0.05615349214695364
kovacs_80_to_90_014,80->90,499.98,1.0002,two_step,80,90,300,100,400,10,0.3508865813360123,0.3508865813360123,-0.9263781596734751,-0.9837150479536296,-0.057336888280154485,-1.819308134572531,-1.8338690682052592,-0.014560933632728146,0.5881941729193998,0.6301865056547973,0.041992332735397486,-0.20904393656815612,-0.13755487469858557,0.07148906186957055
kovacs_80_to_90_015,80->90,499.98,4.998,two_step,80,90,499.98,0.798,500.778,1,0.16186374130000977,0.16186374130000977,-0.907013810482487,-0.8730942624454896,0.03391954803699737,-1.8166083193304983,-1.7955254387410708,0.021082880589427422,0.5758989808991881,0.5561040404905129,-0.019794940408675243,-0.18967958737716795,-0.19910313573732163,-0.009423548360153688
kovacs_80_to_90_015,80->90,499.98,4.998,two_step,80,90,499.98,1.0002,500.98,2,0.16730283826177025,0.16730283826177025,-0.907013810482487,-0.8763014281493055,0.03071238233318152,-1.8166083193304983,-1.7959857829650605,0.02062253636543776,0.5758989808991881,0.5594518157267394,-0.016447165172448708,-0.18967958737716795,-0.20751026809978818,-0.01783068072262023
kovacs_80_to_90_015,80->90,499.98,4.998,two_step,80,90,499.98,0.4998,500.48,3,0.18035760521861993,0.18035760521861993,-0.907013810482487,-0.8674722341315557,0.03954157635093125,-1.8166083193304983,-1.795252554568154,0.021355764762344354,0.5758989808991881,0.5497155018990242,-0.026183479000163934,-0.18967958737716795,-0.18131489886791977,0.00836468850924818
kovacs_80_to_90_015,80->90,499.98,4.998,two_step,80,90,499.98,4.998,504.978,4,0.19838507141003064,0.19838507141003064,-0.907013810482487,-0.9139882938299437,-0.006974483347456761,-1.8166083193304983,-1.8092661719473502,0.00734214738314809,0.5758989808991881,0.5901470866791041,0.014248105779915976,-0.18967958737716795,-0.25911577349230674,-0.0694361861151388
kovacs_80_to_90_015,80->90,499.98,4.998,two_step,80,90,600,0.1002,600.1,5,0.2630100688609554,0.2630100688609554,-0.907013810482487,-0.9492525679811632,-0.04223875749867623,-1.8166083193304983,-1.8689697762085775,-0.05236145687807925,0.5758989808991881,0.5964994066220284,0.020600425722840265,-0.18967958737716795,-0.20281932559951824,-0.013139738222350289
kovacs_80_to_90_015,80->90,499.98,4.998,two_step,80,90,499.98,10,509.98,6,0.2933900743876853,0.2933900743876853,-0.907013810482487,-0.9419708440430614,-0.034957033560574446,-1.8166083193304983,-1.823089323393908,-0.00648100406340979,0.5758989808991881,0.606995561588738,0.031096580689549902,-0.18967958737716795,-0.26988672680706566,-0.08020713942989771
kovacs_80_to_90_015,80->90,499.98,4.998,two_step,80,90,499.98,10,509.98,7,0.2933900743876853,0.2933900743876853,-0.907013810482487,-0.9419708440430614,-0.034957033560574446,-1.8166083193304983,-1.823089323393908,-0.00648100406340979,0.5758989808991881,0.606995561588738,0.031096580689549902,-0.18967958737716795,-0.26988672680706566,-0.08020713942989771
kovacs_80_to_90_015,80->90,499.98,4.998,two_step,80,90,499.98,10.02,510,8,0.293771512615393,0.293771512615393,-0.907013810482487,-0.9420639889592256,-0.035050178476738636,-1.8166083193304983,-1.8231380929950145,-0.006529773664516236,0.5758989808991881,0.6070449658493378,0.03114598495014964,-0.18967958737716795,-0.2698972542936265,-0.08021766691645854
kovacs_80_to_90_015,80->90,499.98,4.998,two_step,80,90,300,60,360,9,0.3202319565325526,0.3202319565325526,-0.907013810482487,-0.9070946894471609,-8.087896467390276e-05,-1.8166083193304983,-1.7782195206790423,0.038388798651455946,0.5758989808991881,0.5662810082720353,-0.009617972627152804,-0.18967958737716795,-0.0897938878967512,0.09988569948041674
kovacs_80_to_90_015,80->90,499.98,4.998,two_step,80,90,499.98,0.1002,500.08,10,0.35483508409758785,0.35483508409758785,-0.907013810482487,-0.8547236773851701,0.05229013309731689,-1.8166083193304983,-1.798664983662231,0.017943335668267224,0.5758989808991881,0.5314627983057125,-0.04443618259347559,-0.18967958737716795,-0.11827180236488045,0.07140778501228749
kovacs_80_to_90_016,80->90,499.98,10.020000000000001,two_step,80,90,600,0.4998,600.5,1,0.08242969378779044,0.08242969378779044,-0.9646127440642922,-0.9611094414319048,0.003503302632387406,-1.8502832400702394,-1.8649784163545795,-0.014695176284340139,0.6124708244227131,0.613983938941319,0.001513114518605918,-0.24727852095897318,-0.26519742871510976,-0.01791890775613658
kovacs_80_to_90_016,80->90,499.98,10.020000000000001,two_step,80,90,499.98,30,529.98,2,0.11839460314487882,0.11839460314487882,-0.9646127440642922,-1.0029577382776662,-0.038344994213374006,-1.8502832400702394,-1.8574479306528433,-0.007164690582603939,0.6124708244227131,0.6285255092208721,0.01605468479815908,-0.24727852095897318,-0.24256648335778255,0.004712037601190627
kovacs_80_to_90_016,80->90,499.98,10.020000000000001,two_step,80,90,600,0.798,600.798,3,0.1253592741361443,0.1253592741361443,-0.9646127440642922,-0.9662267329340652,-0.001613988869773042,-1.8502832400702394,-1.864922691371755,-0.01463945130151556,0.6124708244227131,0.6199413547332318,0.007470530310518697,-0.24727852095897318,-0.2826160156382704,-0.0353374946792972
kovacs_80_to_90_016,80->90,499.98,10.020000000000001,two_step,80,90,600,1.0002,601,4,0.15305666131204246,0.15305666131204246,-0.9646127440642922,-0.9691295467207928,-0.0045168026565005626,-1.8502832400702394,-1.8651845271638436,-0.014901287093604276,0.6124708244227131,0.6230304655716994,0.010559641148986332,-0.24727852095897318,-0.2908030188320389,-0.043524497873065726
kovacs_80_to_90_016,80->90,499.98,10.020000000000001,two_step,80,90,499.98,10.02,510,5,0.1616095849326597,0.1616095849326597,-0.9646127440642922,-0.9420639889592256,0.022548755105066598,-1.8502832400702394,-1.8231380929950145,0.027145147075224862,0.6124708244227131,0.6070449658493378,-0.005425858573375297,-0.24727852095897318,-0.2698972542936265,-0.022618733334653307
kovacs_80_to_90_016,80->90,499.98,10.020000000000001,two_step,80,90,499.98,10,509.98,6,0.16194715863303066,0.16194715863303066,-0.9646127440642922,-0.9419708440430614,0.022641900021230787,-1.8502832400702394,-1.823089323393908,0.02719391667633131,0.6124708244227131,0.606995561588738,-0.0054752628339750364,-0.24727852095897318,-0.26988672680706566,-0.022608205848092477
kovacs_80_to_90_016,80->90,499.98,10.020000000000001,two_step,80,90,499.98,10,509.98,7,0.16194715863303066,0.16194715863303066,-0.9646127440642922,-0.9419708440430614,0.022641900021230787,-1.8502832400702394,-1.823089323393908,0.02719391667633131,0.6124708244227131,0.606995561588738,-0.0054752628339750364,-0.24727852095897318,-0.26988672680706566,-0.022608205848092477
kovacs_80_to_90_016,80->90,499.98,10.020000000000001,two_step,80,90,600,0.1002,600.1,8,0.19155898715106598,0.19155898715106598,-0.9646127440642922,-0.9492525679811632,0.015360176083129007,-1.8502832400702394,-1.8689697762085775,-0.01868653613833815,0.6124708244227131,0.5964994066220284,-0.015971417800684673,-0.24727852095897318,-0.20281932559951824,0.044459195359454945
kovacs_80_to_90_016,80->90,499.98,10.020000000000001,two_step,80,90,499.98,4.998,504.978,9,0.24878392638159696,0.24878392638159696,-0.9646127440642922,-0.9139882938299437,0.05062445023434847,-1.8502832400702394,-1.8092661719473502,0.04101706812288919,0.6124708244227131,0.5901470866791041,-0.022323737743608962,-0.24727852095897318,-0.25911577349230674,-0.011837252533333564
kovacs_80_to_90_016,80->90,499.98,10.020000000000001,two_step,80,90,499.98,49.98,549.96,10,0.32157153846396286,0.32157153846396286,-0.9646127440642922,-1.0349036553520858,-0.07029091128779363,-1.8502832400702394,-1.8769543328269414,-0.026671092756701986,0.6124708244227131,0.6271021006332168,0.014631276210503752,-0.24727852095897318,-0.1928672438029513,0.05441127715602187
kovacs_80_to_90_017,80->90,499.98,49.98,two_step,80,90,600,4.998,604.998,1,0.15452389038589173,0.15452389038589173,-1.0356919045869568,-1.0030283078197981,0.03266359676715869,-1.858551158392303,-1.8759647091555858,-0.01741355076328288,0.6576017977718369,0.6506036919790951,-0.006998105792741849,-0.3183576814816378,-0.33990352590300593,-0.021545844421368143
kovacs_80_to_90_017,80->90,499.98,49.98,two_step,80,90,600,10,610,2,0.16342066187825738,0.16342066187825738,-1.0356919045869568,-1.0283899295853058,0.007301975001650973,-1.858551158392303,-1.888011039665211,-0.029459881272908106,0.6576017977718369,0.6654464032648716,0.007844605493034673,-0.3183576814816378,-0.3493304772599631,-0.03097279577832529
kovacs_80_to_90_017,80->90,499.98,49.98,two_step,80,90,600,10,610,3,0.16342066187825738,0.16342066187825738,-1.0356919045869568,-1.0283899295853058,0.007301975001650973,-1.858551158392303,-1.888011039665211,-0.029459881272908106,0.6576017977718369,0.6654464032648716,0.007844605493034673,-0.3183576814816378,-0.3493304772599631,-0.03097279577832529
kovacs_80_to_90_017,80->90,499.98,49.98,two_step,80,90,600,10.02,610.02,4,0.16347404440151656,0.16347404440151656,-1.0356919045869568,-1.0284748855798376,0.007217019007119241,-1.858551158392303,-1.888054169440018,-0.029503011047715022,0.6576017977718369,0.6654898401526846,0.007888042380847726,-0.3183576814816378,-0.34933756042673414,-0.03097987894509635
kovacs_80_to_90_017,80->90,499.98,49.98,two_step,80,90,600,1.0002,601,5,0.24254511922601885,0.24254511922601885,-1.0356919045869568,-0.9691295467207928,0.06656235786616405,-1.858551158392303,-1.8651845271638436,-0.0066333687715407486,0.6576017977718369,0.6230304655716994,-0.03457133220013753,-0.3183576814816378,-0.2908030188320389,0.027554662649598882
kovacs_80_to_90_017,80->90,499.98,49.98,two_step,80,90,499.98,30,529.98,6,0.26367382354043967,0.26367382354043967,-1.0356919045869568,-1.0029577382776662,0.0327341663092906,-1.858551158392303,-1.8574479306528433,0.001103227739459589,0.6576017977718369,0.6285255092208721,-0.02907628855096478,-0.3183576814816378,-0.24256648335778255,0.07579119812385524
kovacs_80_to_90_017,80->90,499.98,49.98,two_step,80,90,600,0.798,600.798,7,0.2689333274414734,0.2689333274414734,-1.0356919045869568,-0.9662267329340652,0.06946517165289157,-1.858551158392303,-1.864922691371755,-0.0063715329794520326,0.6576017977718369,0.6199413547332318,-0.03766044303860516,-0.3183576814816378,-0.2826160156382704,0.03574166584336741
kovacs_80_to_90_017,80->90,499.98,49.98,two_step,80,90,600,30,630,8,0.28519530883608574,0.28519530883608574,-1.0356919045869568,-1.0849963727168808,-0.04930446812992395,-1.858551158392303,-1.9191933510144585,-0.060642192622155644,0.6576017977718369,0.6843821064821894,0.02678030871035253,-0.3183576814816378,-0.321612977104151,-0.003255295622513199
kovacs_80_to_90_017,80->90,499.98,49.98,two_step,80,90,600,0.4998,600.5,9,0.3238192081452415,0.3238192081452415,-1.0356919045869568,-0.9611094414319048,0.07458246315505201,-1.858551158392303,-1.8649784163545795,-0.006427257962276611,0.6576017977718369,0.613983938941319,-0.04361785883051794,-0.3183576814816378,-0.26519742871510976,0.05316025276652803
kovacs_80_to_90_017,80->90,499.98,49.98,two_step,80,90,499.98,49.98,549.96,10,0.3595929252063448,0.3595929252063448,-1.0356919045869568,-1.0349036553520858,0.0007882492348709746,-1.858551158392303,-1.8769543328269414,-0.01840317443463846,0.6576017977718369,0.6271021006332168,-0.030499697138620108,-0.3183576814816378,-0.1928672438029513,0.12549043767868648
kovacs_80_to_90_018,80->90,499.98,100.02,two_step,80,90,600,10.02,610.02,1,0.1389810129111253,0.1389810129111253,-1.067731707374831,-1.0284748855798376,0.039256821794993346,-1.8678197800108083,-1.888054169440018,-0.02023438942920963,0.6779451371570798,0.6654898401526846,-0.012455297004395183,-0.3503974842695119,-0.34933756042673414,0.0010599238427777546
kovacs_80_to_90_018,80->90,499.98,100.02,two_step,80,90,600,10,610,2,0.13910193320878902,0.13910193320878902,-1.067731707374831,-1.0283899295853058,0.03934177778952508,-1.8678197800108083,-1.888011039665211,-0.020191259654402716,0.6779451371570798,0.6654464032648716,-0.012498733892208236,-0.3503974842695119,-0.3493304772599631,0.0010670070095488149
kovacs_80_to_90_018,80->90,499.98,100.02,two_step,80,90,600,10,610,3,0.13910193320878902,0.13910193320878902,-1.067731707374831,-1.0283899295853058,0.03934177778952508,-1.8678197800108083,-1.888011039665211,-0.020191259654402716,0.6779451371570798,0.6654464032648716,-0.012498733892208236,-0.3503974842695119,-0.3493304772599631,0.0010670070095488149
kovacs_80_to_90_018,80->90,499.98,100.02,two_step,80,90,600,4.998,604.998,4,0.19563281068052707,0.19563281068052707,-1.067731707374831,-1.0030283078197981,0.06470339955503279,-1.8678197800108083,-1.8759647091555858,-0.00814492914477749,0.6779451371570798,0.6506036919790951,-0.027341445177984758,-0.3503974842695119,-0.33990352590300593,0.010493958366505962
kovacs_80_to_90_018,80->90,499.98,100.02,two_step,80,90,600,30,630,5,0.22790437521555998,0.22790437521555998,-1.067731707374831,-1.0849963727168808,-0.017264665342049845,-1.8678197800108083,-1.9191933510144585,-0.051373571003650254,0.6779451371570798,0.6843821064821894,0.0064369693251096205,-0.3503974842695119,-0.321612977104151,0.028784507165360906
kovacs_80_to_90_018,80->90,499.98,100.02,two_step,80,90,600,1.0002,601,6,0.386604655511178,0.386604655511178,-1.067731707374831,-0.9691295467207928,0.09860216065403815,-1.8678197800108083,-1.8651845271638436,0.002635252846964642,0.6779451371570798,0.6230304655716994,-0.05491467158538044,-0.3503974842695119,-0.2908030188320389,0.05959446543747299
kovacs_80_to_90_018,80->90,499.98,100.02,two_step,80,90,600,0.798,600.798,7,0.41430204268707616,0.41430204268707616,-1.067731707374831,-0.9662267329340652,0.10150497444076567,-1.8678197800108083,-1.864922691371755,0.002897088639053358,0.6779451371570798,0.6199413547332318,-0.05800378242384807,-0.3503974842695119,-0.2826160156382704,0.06778146863124151
kovacs_80_to_90_018,80->90,499.98,100.02,two_step,80,90,600,49.98,649.98,8,0.4224155901951898,0.4224155901951898,-1.067731707374831,-1.1156165508565938,-0.04788484348176292,-1.8678197800108083,-1.937546834933909,-0.0697270549231006,0.6779451371570798,0.6829954643781877,0.005050327221107875,-0.3503974842695119,-0.27365860344583814,0.07673888082367375
kovacs_80_to_90_018,80->90,499.98,100.02,two_step,80,90,499.98,30,529.98,9,0.4409002036833026,0.4409002036833026,-1.067731707374831,-1.0029577382776662,0.06477396909716471,-1.8678197800108083,-1.8574479306528433,0.01037184935796498,0.6779451371570798,0.6285255092208721,-0.04941962793620769,-0.3503974842695119,-0.24256648335778255,0.10783100091172934
kovacs_80_to_90_018,80->90,499.98,100.02,two_step,80,90,600,0.4998,600.5,10,0.46890929847672136,0.46890929847672136,-1.067731707374831,-0.9611094414319048,0.10662226594292612,-1.8678197800108083,-1.8649784163545795,0.002841363656228779,0.6779451371570798,0.613983938941319,-0.06396119821576085,-0.3503974842695119,-0.26519742871510976,0.08520005555440213
kovacs_80_to_90_019,80->90,499.98,499.98,two_step,80,90,600,300,900,1,0.08627577273452405,0.08627577273452405,-1.39816464649038,-1.3881965060262527,0.009968140464127417,-2.1123785206478445,-2.134936040842218,-0.022557520194373737,0.8877500934795641,0.8847398675560914,-0.0030102259234727757,-0.3892093594480046,-0.3931700130172475,-0.003960653569242911
kovacs_80_to_90_019,80->90,499.98,499.98,two_step,80,90,900,100,1000,2,0.26394949989245253,0.26394949989245253,-1.39816464649038,-1.364062952008469,0.03410169448191103,-2.1123785206478445,-2.1194339082161564,-0.007055387568311922,0.8877500934795641,0.8059600861262455,-0.08179000735331865,-0.3892093594480046,-0.36369342604978544,0.02551593339821917
kovacs_80_to_90_019,80->90,499.98,499.98,two_step,80,90,900,100,1000,3,0.26394949989245253,0.26394949989245253,-1.39816464649038,-1.364062952008469,0.03410169448191103,-2.1123785206478445,-2.1194339082161564,-0.007055387568311922,0.8877500934795641,0.8059600861262455,-0.08179000735331865,-0.3892093594480046,-0.36369342604978544,0.02551593339821917
kovacs_80_to_90_019,80->90,499.98,499.98,two_step,80,90,900,100.02,1000.02,4,0.2640644422675881,0.2640644422675881,-1.39816464649038,-1.3640716594987694,0.034092986991610674,-2.1123785206478445,-2.119439463103708,-0.007060942455863639,0.8877500934795641,0.8059472290669004,-0.08180286441266371,-0.3892093594480046,-0.3636482392300182,0.0255611202179864
kovacs_80_to_90_019,80->90,499.98,499.98,two_step,80,90,100.02,1200,1300.02,5,0.28790752302546074,0.28790752302546074,-1.39816464649038,-1.39642833240913,0.0017363140812500788,-2.1123785206478445,-2.1891874807280893,-0.07680896008024485,0.8877500934795641,0.9034370644632174,0.015686970983653237,-0.3892093594480046,-0.3571231285439999,0.0320862309040047
kovacs_80_to_90_019,80->90,499.98,499.98,two_step,80,90,100,1200,1300,6,0.2879482518443105,0.2879482518443105,-1.39816464649038,-1.3964290100446863,0.0017356364456937445,-2.1123785206478445,-2.1891856782213277,-0.07680715757348322,0.8877500934795641,0.9034468812896429,0.01569678781007877,-0.3892093594480046,-0.3571087270555334,0.032100632392471184
kovacs_80_to_90_019,80->90,499.98,499.98,two_step,80,90,100,1200,1300,7,0.2879482518443105,0.2879482518443105,-1.39816464649038,-1.3964290100446863,0.0017356364456937445,-2.1123785206478445,-2.1891856782213277,-0.07680715757348322,0.8877500934795641,0.9034468812896429,0.01569678781007877,-0.3892093594480046,-0.3571087270555334,0.032100632392471184
kovacs_80_to_90_019,80->90,499.98,499.98,two_step,80,90,300,900,1200,8,0.3137563893557443,0.3137563893557443,-1.39816464649038,-1.4070588600681557,-0.008894213577775645,-2.1123785206478445,-2.1931903258749923,-0.08081180522714781,0.8877500934795641,0.8815292989489314,-0.006220794530632734,-0.3892093594480046,-0.4307462535794578,-0.04153689413145317
kovacs_80_to_90_019,80->90,499.98,499.98,two_step,80,90,1000.02,100.02,1100.04,9,0.316141438683959,0.316141438683959,-1.39816464649038,-1.4251745376697875,-0.02700989117940744,-2.1123785206478445,-2.165662954379022,-0.053284433731177305,0.8877500934795641,0.8498979586196223,-0.03785213485994188,-0.3892093594480046,-0.4251263087074127,-0.03591694925940808
kovacs_80_to_90_019,80->90,499.98,499.98,two_step,80,90,1000.02,100,1100.02,10,0.31618494843998574,0.31618494843998574,-1.39816464649038,-1.4251661999475567,-0.027001553457176586,-2.1123785206478445,-2.1656576798149367,-0.05327915916709225,0.8877500934795641,0.8499104908258988,-0.03783960265366537,-0.3892093594480046,-0.4251702188100135,-0.03596085936200888
kovacs_80_to_90_020,80->90,499.98,1000.0200000000001,two_step,80,90,300,1800,2100,1,0.08428909710288798,0.08428909710288798,-1.5749529701655454,-1.5876356011809578,-0.012682631015412449,-2.347723840368177,-2.3370774306934905,0.010646409674686552,1.0,1.0036050709996553,0.0036050709996553465,-0.5659976831231699,-0.5513447697354618,0.014652913387708133
kovacs_80_to_90_020,80->90,499.98,1000.0200000000001,two_step,80,90,499.98,1200,1699.98,2,0.13147817910509807,0.13147817910509807,-1.5749529701655454,-1.6022644441335663,-0.027311473968020916,-2.347723840368177,-2.3375562768394946,0.010167563528682422,1.0,1.0088723975408564,0.008872397540856447,-0.5659976831231699,-0.5879590356520962,-0.02196135252892628
kovacs_80_to_90_020,80->90,499.98,1000.0200000000001,two_step,80,90,499.98,1000.02,1500,3,0.17620980067613615,0.17620980067613615,-1.5749529701655454,-1.5644351751324594,0.01051779503308592,-2.347723840368177,-2.3020515880042485,0.04567225236392858,1.0,0.988810362848603,-0.01118963715139698,-0.5659976831231699,-0.5535896273829252,0.012408055740244728
kovacs_80_to_90_020,80->90,499.98,1000.0200000000001,two_step,80,90,600,900,1500,4,0.17726712456042437,0.17726712456042437,-1.5749529701655454,-1.6054138310474753,-0.030460860881929896,-2.347723840368177,-2.3229007039570817,0.024823136411095348,1.0,1.0232968509606368,0.023296850960636828,-0.5659976831231699,-0.5782919697448058,-0.012294286621635897
kovacs_80_to_90_020,80->90,499.98,1000.0200000000001,two_step,80,90,600,1000.02,1600.02,5,0.21952940255101996,0.21952940255101996,-1.5749529701655454,-1.6250603840704176,-0.05010741390487228,-2.347723840368177,-2.342730038873636,0.004993801494541206,1.0,1.032549100569621,0.032549100569621015,-0.5659976831231699,-0.5992540229746154,-0.03325633985144549
kovacs_80_to_90_020,80->90,499.98,1000.0200000000001,two_step,80,90,1200,300,1500,6,0.23957224286037435,0.23957224286037435,-1.5749529701655454,-1.678357499684454,-0.10340452951890855,-2.347723840368177,-2.355387841353875,-0.007664000985697861,1.0,1.024798787586497,0.024798787586497006,-0.5659976831231699,-0.5692329048289877,-0.0032352217058178034
kovacs_80_to_90_020,80->90,499.98,1000.0200000000001,two_step,80,90,1000.02,300,1300.02,7,0.28501548751330075,0.28501548751330075,-1.5749529701655454,-1.596452267549296,-0.02149929738375067,-2.347723840368177,-2.2917097742901094,0.05601406607806769,1.0,0.9874935914416287,-0.012506408558371263,-0.5659976831231699,-0.5236116931641643,0.042385989959005554
kovacs_80_to_90_020,80->90,499.98,1000.0200000000001,two_step,80,90,900,499.98,1399.98,8,0.2931694892684549,0.2931694892684549,-1.5749529701655454,-1.6527327053965823,-0.07777973523103698,-2.347723840368177,-2.337112203720202,0.010611636647975153,1.0,1.0525088507606002,0.05250885076060019,-0.5659976831231699,-0.5897542052011483,-0.023756522077978404
kovacs_80_to_90_020,80->90,499.98,1000.0200000000001,two_step,80,90,499.98,900,1399.98,9,0.32430364775380977,0.32430364775380977,-1.5749529701655454,-1.542825551678771,0.03212741848677436,-2.347723840368177,-2.281423671895217,0.06630016847296005,1.0,0.9779957988330341,-0.022004201166965887,-0.5659976831231699,-0.5331974300918855,0.03280025303128442
kovacs_80_to_90_020,80->90,499.98,1000.0200000000001,two_step,80,90,600,1200,1800,10,0.4379185876018554,0.4379185876018554,-1.5749529701655454,-1.6591914758306854,-0.08423850566514002,-2.347723840368177,-2.3768110468288617,-0.029087206460684634,1.0,1.0493521116818016,0.04935211168180165,-0.5659976831231699,-0.6344214635416856,-0.06842378041851571
twostep_90_to_80_001,90->80,49.98,0.1002,two_step,90,80,10.02,30,40.02,1,0.04586725490873872,0.04586725490873872,-0.6181911738240923,-0.6191112668308956,-0.0009200930068032909,-1.569261002770586,-1.5629390193358428,0.006321983434743217,0.4255567761092365,0.43609765956252866,0.010540883453292182,0.17850233783714464,0.1732412167707183,-0.005261121066426344
twostep_90_to_80_001,90->80,49.98,0.1002,two_step,90,80,10,30,40,2,0.04593126644880238,0.04593126644880238,-0.6181911738240923,-0.6191957263470461,-0.0010045525229538388,-1.569261002770586,-1.5630185664099745,0.006242436360611503,0.4255567761092365,0.43618377695097477,0.010627000841738288,0.17850233783714464,0.173251496266207,-0.005250841570937637
twostep_90_to_80_001,90->80,49.98,0.1002,two_step,90,80,10,30,40,3,0.04593126644880238,0.04593126644880238,-0.6181911738240923,-0.6191957263470461,-0.0010045525229538388,-1.569261002770586,-1.5630185664099745,0.006242436360611503,0.4255567761092365,0.43618377695097477,0.010627000841738288,0.17850233783714464,0.173251496266207,-0.005250841570937637
twostep_90_to_80_001,90->80,49.98,0.1002,two_step,90,80,4.998,10.02,15.018,4,0.193247311779192,0.193247311779192,-0.6181911738240923,-0.5891187481679337,0.02907242565615853,-1.569261002770586,-1.5272933625733356,0.04196764019725041,0.4255567761092365,0.4423983758837105,0.016841599774474025,0.17850233783714464,0.17283601676433902,-0.005666321072805625
twostep_90_to_80_001,90->80,49.98,0.1002,two_step,90,80,4.998,10,14.998,5,0.1936429711439496,0.1936429711439496,-0.6181911738240923,-0.5890517972589739,0.029139376565118336,-1.569261002770586,-1.5271954826799579,0.04206552009062814,0.4255567761092365,0.4424037519541672,0.016846975844930723,0.17850233783714464,0.17282141772484186,-0.005680920112302784
twostep_90_to_80_001,90->80,49.98,0.1002,two_step,90,80,4.998,10,14.998,6,0.1936429711439496,0.1936429711439496,-0.6181911738240923,-0.5890517972589739,0.029139376565118336,-1.569261002770586,-1.5271954826799579,0.04206552009062814,0.4255567761092365,0.4424037519541672,0.016846975844930723,0.17850233783714464,0.17282141772484186,-0.005680920112302784
twostep_90_to_80_001,90->80,49.98,0.1002,two_step,90,80,30,30,60,7,0.20604848400951295,0.20604848400951295,-0.6181911738240923,-0.6471617457068163,-0.028970571882724006,-1.569261002770586,-1.562843118765125,0.00641788400546095,0.4255567761092365,0.45805803465153583,0.03250125854229935,0.17850233783714464,0.13647799065915026,-0.04202434717799439
twostep_90_to_80_001,90->80,49.98,0.1002,two_step,90,80,30,49.98,79.98,8,0.253025191572561,0.253025191572561,-0.6181911738240923,-0.6627561704794562,-0.04456499665536395,-1.569261002770586,-1.589971378331943,-0.02071037556135691,0.4255567761092365,0.4511421653755169,0.0255853892662804,0.17850233783714464,0.13802300529325914,-0.0404793325438855
twostep_90_to_80_001,90->80,49.98,0.1002,two_step,90,80,10,10.02,20.02,9,0.2620133751967435,0.2620133751967435,-0.6181911738240923,-0.5816845595575875,0.03650661426650481,-1.569261002770586,-1.506828584097901,0.06243241867268501,0.4255567761092365,0.44185276956414676,0.016295993454910285,0.17850233783714464,0.16989690632706186,-0.008605431510082778
twostep_90_to_80_001,90->80,49.98,0.1002,two_step,90,80,10,10.02,20.02,10,0.2620133751967435,0.2620133751967435,-0.6181911738240923,-0.5816845595575875,0.03650661426650481,-1.569261002770586,-1.506828584097901,0.06243241867268501,0.4255567761092365,0.44185276956414676,0.016295993454910285,0.17850233783714464,0.16989690632706186,-0.008605431510082778
twostep_90_to_80_002,90->80,49.98,0.4998,two_step,90,80,60,0.1002,60.1002,1,0.07080292401354987,0.07080292401354987,-0.5775784788301425,-0.5854970845058058,-0.007918605675663382,-1.5466990414024093,-1.5451804011294654,0.0015186402729439052,0.3975993928877624,0.4058035449721523,0.008204152084389904,0.04678454523451503,0.027519716243586408,-0.01926482899092862
twostep_90_to_80_002,90->80,49.98,0.4998,two_step,90,80,49.98,0.1002,50.0802,2,0.07524172525366281,0.07524172525366281,-0.5775784788301425,-0.5651484525740396,0.0124300262561029,-1.5466990414024093,-1.5278283559075319,0.01887068549487747,0.3975993928877624,0.39731955612563724,-0.00027983676212517405,0.04678454523451503,0.04348123012119231,-0.0033033151133227204
twostep_90_to_80_002,90->80,49.98,0.4998,two_step,90,80,49.98,0.4998,50.4798,3,0.11623910627461093,0.11623910627461093,-0.5775784788301425,-0.5916220046400967,-0.014043525809954271,-1.5466990414024093,-1.541285585197339,0.005413456205070277,0.3975993928877624,0.412543703750489,0.014944310862726573,0.04678454523451503,0.020676191006930793,-0.026108354227584236
twostep_90_to_80_002,90->80,49.98,0.4998,two_step,90,80,30,1.0002,31.0002,4,0.127707326909088,0.127707326909088,-0.5775784788301425,-0.5639605129652603,0.013617965864882176,-1.5466990414024093,-1.5118639817735808,0.03483505962882849,0.3975993928877624,0.4082282896810297,0.010628896793267284,0.04678454523451503,0.04668458999926655,-9.995523524847921e-05
twostep_90_to_80_002,90->80,49.98,0.4998,two_step,90,80,30,4.998,34.998,5,0.13410408944970265,0.13410408944970265,-0.5775784788301425,-0.5928591592562291,-0.015280680426086657,-1.5466990414024093,-1.5278794983721258,0.018819543030283548,0.3975993928877624,0.42419026694209,0.026590874054327585,0.04678454523451503,0.055073812949700644,0.008289267715185615
twostep_90_to_80_002,90->80,49.98,0.4998,two_step,90,80,30,0.798,30.798,6,0.1387806470414213,0.1387806470414213,-0.5775784788301425,-0.5600508003580706,0.017527678472071817,-1.5466990414024093,-1.5098000343212223,0.036899007081186985,0.3975993928877624,0.40600601651644164,0.008406623628679222,0.04678454523451503,0.04837300563637203,0.001588460401856999
twostep_90_to_80_002,90->80,49.98,0.4998,two_step,90,80,49.98,0.798,50.778,7,0.13888487311192899,0.13888487311192899,-0.5775784788301425,-0.5997948764157031,-0.0222163975855606,-1.5466990414024093,-1.5455492193385283,0.0011498220638810341,0.3975993928877624,0.41731678191099303,0.019717389023230614,0.04678454523451503,0.015046621904479328,-0.0317379233300357
twostep_90_to_80_002,90->80,49.98,0.4998,two_step,90,80,49.98,1.0002,50.9802,8,0.1541915957091109,0.1541915957091109,-0.5775784788301425,-0.603846499736899,-0.026268020906756506,-1.5466990414024093,-1.5476881293521778,-0.0009890879497684857,0.3975993928877624,0.4197009976065271,0.02210160471876471,0.04678454523451503,0.012655185334280956,-0.03412935990023407
twostep_90_to_80_002,90->80,49.98,0.4998,two_step,90,80,30,0.4998,30.4998,9,0.1644988605556215,0.1644988605556215,-0.5775784788301425,-0.5520618337675356,0.02551664506260687,-1.5466990414024093,-1.505631783863828,0.041067257538581314,0.3975993928877624,0.4014475506230904,0.003848157735327984,0.04678454523451503,0.052971447016567884,0.006186901782052855
twostep_90_to_80_002,90->80,49.98,0.4998,two_step,90,80,30,10,40,10,0.1959338994539861,0.1959338994539861,-0.5775784788301425,-0.607281146281148,-0.029702667451005582,-1.5466990414024093,-1.5366876801409728,0.010011361261436535,0.3975993928877624,0.4320408725279121,0.03444147964014971,0.04678454523451503,0.07750386578578028,0.03071932055126525
twostep_90_to_80_003,90->80,49.98,0.7979999999999999,two_step,90,80,49.98,0.1002,50.0802,1,0.09320590001418666,0.09320590001418666,-0.5659452724693642,-0.5651484525740396,0.0007968198953246519,-1.5406298601978647,-1.5278283559075319,0.012801504290332888,0.38959120706381706,0.39731955612563724,0.007728349061820183,0.06603812181388657,0.04348123012119231,-0.022556891692694266
twostep_90_to_80_003,90->80,49.98,0.7979999999999999,two_step,90,80,30,1.0002,31.0002,2,0.14660429087669577,0.14660429087669577,-0.5659452724693642,-0.5639605129652603,0.001984759504103928,-1.5406298601978647,-1.5118639817735808,0.02876587842428391,0.38959120706381706,0.4082282896810297,0.01863708261721264,0.06603812181388657,0.04668458999926655,-0.019353531814620024
twostep_90_to_80_003,90->80,49.98,0.7979999999999999,two_step,90,80,30,0.798,30.798,3,0.15105902600129156,0.15105902600129156,-0.5659452724693642,-0.5600508003580706,0.005894472111293569,-1.5406298601978647,-1.5098000343212223,0.030829825876642403,0.38959120706381706,0.40600601651644164,0.01641480945262458,0.06603812181388657,0.04837300563637203,-0.017665116177514546
twostep_90_to_80_003,90->80,49.98,0.7979999999999999,two_step,90,80,60,0.1002,60.1002,4,0.15122994717508853,0.15122994717508853,-0.5659452724693642,-0.5854970845058058,-0.01955181203644163,-1.5406298601978647,-1.5451804011294654,-0.004550540931600677,0.38959120706381706,0.4058035449721523,0.01621233790833526,0.06603812181388657,0.027519716243586408,-0.03851840557030017
twostep_90_to_80_003,90->80,49.98,0.7979999999999999,two_step,90,80,30,4.998,34.998,5,0.15723979247329783,0.15723979247329783,-0.5659452724693642,-0.5928591592562291,-0.026913886786864905,-1.5406298601978647,-1.5278794983721258,0.012750361825738965,0.38959120706381706,0.42419026694209,0.03459905987827294,0.06603812181388657,0.055073812949700644,-0.01096430886418593
twostep_90_to_80_003,90->80,49.98,0.7979999999999999,two_step,90,80,30,0.4998,30.4998,6,0.15761706709800904,0.15761706709800904,-0.5659452724693642,-0.5520618337675356,0.013883438701828621,-1.5406298601978647,-1.505631783863828,0.03499807633403673,0.38959120706381706,0.4014475506230904,0.011856343559273341,0.06603812181388657,0.052971447016567884,-0.01306667479731869
twostep_90_to_80_003,90->80,49.98,0.7979999999999999,two_step,90,80,30,10,40,7,0.17338498221013993,0.17338498221013993,-0.5659452724693642,-0.607281146281148,-0.04133587381178383,-1.5406298601978647,-1.5366876801409728,0.003942180056891953,0.38959120706381706,0.4320408725279121,0.042449665464095065,0.06603812181388657,0.07750386578578028,0.011465743971893705
twostep_90_to_80_003,90->80,49.98,0.7979999999999999,two_step,90,80,30,10,40,8,0.17338498221013993,0.17338498221013993,-0.5659452724693642,-0.607281146281148,-0.04133587381178383,-1.5406298601978647,-1.5366876801409728,0.003942180056891953,0.38959120706381706,0.4320408725279121,0.042449665464095065,0.06603812181388657,0.07750386578578028,0.011465743971893705
twostep_90_to_80_003,90->80,49.98,0.7979999999999999,two_step,90,80,30,10.02,40.02,9,0.1736109160661472,0.1736109160661472,-0.5659452724693642,-0.6073284475643247,-0.04138317509496048,-1.5406298601978647,-1.5367175908511894,0.003912269346675323,0.38959120706381706,0.43206755501781824,0.04247634795400118,0.06603812181388657,0.07758901987045752,0.011550898056570946
twostep_90_to_80_003,90->80,49.98,0.7979999999999999,two_step,90,80,49.98,0.4998,50.4798,10,0.17719204977551772,0.17719204977551772,-0.5659452724693642,-0.5916220046400967,-0.02567673217073252,-1.5406298601978647,-1.541285585197339,-0.0006557249994743053,0.38959120706381706,0.412543703750489,0.02295249668667193,0.06603812181388657,0.020676191006930793,-0.04536193080695578
twostep_90_to_80_004,90->80,49.98,1.0002,two_step,90,80,60,4.998,64.998,1,0.4530545270716625,0.4530545270716625,-0.6643395635740381,-0.6564417432186036,0.007897820355434515,-1.55837634193387,-1.582784940435225,-0.024408598501354906,0.457324877622455,0.4480628927322712,-0.009261984890183816,-0.18536446822646313,-0.010916457630185665,0.17444801059627746
twostep_90_to_80_004,90->80,49.98,1.0002,two_step,90,80,100,0.4998,100.5,2,0.4679138213350991,0.4679138213350991,-0.6643395635740381,-0.6871131963317542,-0.022773632757716045,-1.55837634193387,-1.6206835339491557,-0.06230719201528556,0.457324877622455,0.4592157399962319,0.0018908623737768915,-0.18536446822646313,-0.05526606050915259,0.13009840771731054
twostep_90_to_80_004,90->80,49.98,1.0002,two_step,90,80,100,0.4998,100.5,3,0.4679138213350991,0.4679138213350991,-0.6643395635740381,-0.6871131963317542,-0.022773632757716045,-1.55837634193387,-1.6206835339491557,-0.06230719201528556,0.457324877622455,0.4592157399962319,0.0018908623737768915,-0.18536446822646313,-0.05526606050915259,0.13009840771731054
twostep_90_to_80_004,90->80,49.98,1.0002,two_step,90,80,100.02,0.4998,100.52,4,0.46801719528715324,0.46801719528715324,-0.6643395635740381,-0.6871478796660988,-0.022808316092060688,-1.55837634193387,-1.6207117368213424,-0.062335394887472306,0.457324877622455,0.45923511323285227,0.0019102356103972706,-0.18536446822646313,-0.0552935297155627,0.13007093851090043
twostep_90_to_80_004,90->80,49.98,1.0002,two_step,90,80,100.02,0.1002,100.12,5,0.4706441609479887,0.4706441609479887,-0.6643395635740381,-0.6608528829028935,0.0034866806711446596,-1.55837634193387,-1.6073786821341183,-0.049002340200248184,0.457324877622455,0.4441414969609503,-0.013183380661504707,-0.18536446822646313,-0.03159412827784586,0.15377033994861727
twostep_90_to_80_004,90->80,49.98,1.0002,two_step,90,80,100,0.1002,100.1,6,0.470720728325904,0.470720728325904,-0.6643395635740381,-0.6608181183591492,0.003521445214888952,-1.55837634193387,-1.6073504276390764,-0.04897408570520634,0.457324877622455,0.44412205496849333,-0.013202822653961666,-0.18536446822646313,-0.03156683577135733,0.1537976324551058
twostep_90_to_80_004,90->80,49.98,1.0002,two_step,90,80,100,0.1002,100.1,7,0.470720728325904,0.470720728325904,-0.6643395635740381,-0.6608181183591492,0.003521445214888952,-1.55837634193387,-1.6073504276390764,-0.04897408570520634,0.457324877622455,0.44412205496849333,-0.013202822653961666,-0.18536446822646313,-0.03156683577135733,0.1537976324551058
twostep_90_to_80_004,90->80,49.98,1.0002,two_step,90,80,60,10,70,8,0.4862102905683088,0.4862102905683088,-0.6643395635740381,-0.6731289154623993,-0.008789351888361163,-1.55837634193387,-1.5926202143568349,-0.03424387242296478,0.457324877622455,0.45901531487224323,0.0016904372497882347,-0.18536446822646313,-0.0014600069717521855,0.18390446125471094
twostep_90_to_80_004,90->80,49.98,1.0002,two_step,90,80,60,10,70,9,0.4862102905683088,0.4862102905683088,-0.6643395635740381,-0.6731289154623993,-0.008789351888361163,-1.55837634193387,-1.5926202143568349,-0.03424387242296478,0.457324877622455,0.45901531487224323,0.0016904372497882347,-0.18536446822646313,-0.0014600069717521855,0.18390446125471094
twostep_90_to_80_004,90->80,49.98,1.0002,two_step,90,80,60,10.02,70.02,10,0.48652672422617504,0.48652672422617504,-0.6643395635740381,-0.6731810167444299,-0.008841453170391755,-1.55837634193387,-1.5926517427899285,-0.0342754008560584,0.457324877622455,0.45905027273600674,0.001725395113551742,-0.18536446822646313,-0.0014156002523239841,0.18394886797413915
twostep_90_to_80_005,90->80,49.98,4.998,two_step,90,80,60,30,90,1,0.11235102138059658,0.11235102138059658,-0.7158199465516587,-0.7087280680683863,0.007091878483272418,-1.6306477172909464,-1.6152876949466808,0.01536002234426559,0.4927634712816051,0.4838298796634418,-0.008933591618163261,0.01756178098751815,0.040237868355937255,0.022676087368419105
twostep_90_to_80_005,90->80,49.98,4.998,two_step,90,80,60,49.98,109.98,2,0.15944976709982878,0.15944976709982878,-0.7158199465516587,-0.734279239915026,-0.01845929336336727,-1.6306477172909464,-1.632434145132057,-0.001786427841110605,0.4927634712816051,0.5025279960423963,0.009764524760791204,0.01756178098751815,0.06937490128677645,0.0518131202992583
twostep_90_to_80_005,90->80,49.98,4.998,two_step,90,80,49.98,60,109.98,3,0.1928465216590026,0.1928465216590026,-0.7158199465516587,-0.7202686130470222,-0.0044486664953634625,-1.6306477172909464,-1.6260682159487803,0.004579501342166115,0.4927634712816051,0.4904930046365249,-0.0022704666450801825,0.01756178098751815,0.09925740326088514,0.08169562227336699
twostep_90_to_80_005,90->80,49.98,4.998,two_step,90,80,49.98,49.98,99.96,4,0.20604450903413443,0.20604450903413443,-0.7158199465516587,-0.7150068052571376,0.0008131412945211469,-1.6306477172909464,-1.616289059568478,0.01435865772246836,0.4927634712816051,0.49338142931007467,0.0006179580284695896,0.01756178098751815,0.09808787659854806,0.08052609561102991
twostep_90_to_80_005,90->80,49.98,4.998,two_step,90,80,60,60,120,5,0.2356900542490672,0.2356900542490672,-0.7158199465516587,-0.7458346983244102,-0.03001475177275148,-1.6306477172909464,-1.6402815573983165,-0.009633840107370117,0.4927634712816051,0.5111498204654876,0.018386349183882544,0.01756178098751815,0.08041151813291902,0.06284973714540087
twostep_90_to_80_005,90->80,49.98,4.998,two_step,90,80,100.02,1.0002,101.02,6,0.25134999459242957,0.25134999459242957,-0.7158199465516587,-0.6993573071945486,0.01646263935711012,-1.6306477172909464,-1.6270862234206178,0.003561493870328558,0.4927634712816051,0.46641354112555033,-0.026349930156054746,0.01756178098751815,-0.06456236816192189,-0.08212414914944004
twostep_90_to_80_005,90->80,49.98,4.998,two_step,90,80,100,1.0002,101,7,0.2514526175018286,0.2514526175018286,-0.7158199465516587,-0.6993226739588018,0.016497272592856937,-1.6306477172909464,-1.6270580535063268,0.0035896637846195567,0.4927634712816051,0.46639421047787355,-0.02636926080373153,0.01756178098751815,-0.06453465215454535,-0.0820964331420635
twostep_90_to_80_005,90->80,49.98,4.998,two_step,90,80,100,1.0002,101,8,0.2514526175018286,0.2514526175018286,-0.7158199465516587,-0.6993226739588018,0.016497272592856937,-1.6306477172909464,-1.6270580535063268,0.0035896637846195567,0.4927634712816051,0.46639421047787355,-0.02636926080373153,0.01756178098751815,-0.06453465215454535,-0.0820964331420635
twostep_90_to_80_005,90->80,49.98,4.998,two_step,90,80,100.02,0.798,100.818,9,0.26141782628274446,0.26141782628274446,-0.7158199465516587,-0.6952980870175179,0.020521859534140763,-1.6306477172909464,-1.6249503448848952,0.005697372406051171,0.4927634712816051,0.46400844412782394,-0.028755027153781143,0.01756178098751815,-0.061660419390600275,-0.07922220037811842
twostep_90_to_80_005,90->80,49.98,4.998,two_step,90,80,100,0.798,100.798,10,0.2615207393549689,0.2615207393549689,-0.7158199465516587,-0.6952634370691964,0.02055650948246235,-1.6306477172909464,-1.6249221638073994,0.005725553483546975,0.4927634712816051,0.46398909930165866,-0.028774371979946423,0.01756178098751815,-0.06163280455268354,-0.07919458554020169
twostep_90_to_80_006,90->80,49.98,10.020000000000001,two_step,90,80,30,10.02,40.02,1,0.13937696579001635,0.13937696579001635,-0.6283984548358714,-0.6073284475643247,0.02107000727154673,-1.5767591146383537,-1.5367175908511894,0.0400415237871643,0.4325833688270577,0.43206755501781824,-0.0005158138092394848,0.07600656170047582,0.07758901987045752,0.0015824581699817042
twostep_90_to_80_006,90->80,49.98,10.020000000000001,two_step,90,80,30,10,40,2,0.1393976445109516,0.1393976445109516,-0.6283984548358714,-0.607281146281148,0.02111730855472338,-1.5767591146383537,-1.5366876801409728,0.04007143449738093,0.4325833688270577,0.4320408725279121,-0.0005424962991456006,0.07600656170047582,0.07750386578578028,0.0014973040853044628
twostep_90_to_80_006,90->80,49.98,10.020000000000001,two_step,90,80,30,10,40,3,0.1393976445109516,0.1393976445109516,-0.6283984548358714,-0.607281146281148,0.02111730855472338,-1.5767591146383537,-1.5366876801409728,0.04007143449738093,0.4325833688270577,0.4320408725279121,-0.0005424962991456006,0.07600656170047582,0.07750386578578028,0.0014973040853044628
twostep_90_to_80_006,90->80,49.98,10.020000000000001,two_step,90,80,49.98,10.02,60,4,0.1850836513552117,0.1850836513552117,-0.6283984548358714,-0.6517574988842402,-0.02335904404836875,-1.5767591146383537,-1.5748011339549288,0.001957980683424898,0.4325833688270577,0.44919411720135083,0.016610748374293105,0.07600656170047582,0.021491819808213568,-0.05451474189226225
twostep_90_to_80_006,90->80,49.98,10.020000000000001,two_step,90,80,49.98,10,59.98,5,0.18513566484662086,0.18513566484662086,-0.6283984548358714,-0.6517068501585064,-0.023308395322634956,-1.5767591146383537,-1.5747701672008982,0.0019889474374554794,0.4325833688270577,0.44916138005227163,0.016578011225213907,0.07600656170047582,0.021437304737323463,-0.05456925696315235
twostep_90_to_80_006,90->80,49.98,10.020000000000001,two_step,90,80,49.98,10,59.98,6,0.18513566484662086,0.18513566484662086,-0.6283984548358714,-0.6517068501585064,-0.023308395322634956,-1.5767591146383537,-1.5747701672008982,0.0019889474374554794,0.4325833688270577,0.44916138005227163,0.016578011225213907,0.07600656170047582,0.021437304737323463,-0.05456925696315235
twostep_90_to_80_006,90->80,49.98,10.020000000000001,two_step,90,80,49.98,4.998,54.978,7,0.1910795737129511,0.1910795737129511,-0.6283984548358714,-0.6355349772901939,-0.0071365224543225025,-1.5767591146383537,-1.5651668558032825,0.0115922588350712,0.4325833688270577,0.4388969333739322,0.006313564546874484,0.07600656170047582,0.008959146521302343,-0.06704741517917348
twostep_90_to_80_006,90->80,49.98,10.020000000000001,two_step,90,80,60,1.0002,61.0002,8,0.2103042751962762,0.2103042751962762,-0.6283984548358714,-0.6242090145279835,0.004189440307887926,-1.5767591146383537,-1.5650361634377747,0.01172295120057898,0.4325833688270577,0.42822489311324996,-0.0043584757138077634,0.07600656170047582,-0.004033616135685418,-0.08004017783616124
twostep_90_to_80_006,90->80,49.98,10.020000000000001,two_step,90,80,60,0.798,60.798,9,0.2211237600673128,0.2211237600673128,-0.6283984548358714,-0.620139558589951,0.008258896245920466,-1.5767591146383537,-1.5628892245483592,0.013869890089994508,0.4325833688270577,0.4258182510064151,-0.006765117820642597,0.07600656170047582,-0.0014697637705904584,-0.07747632547106628
twostep_90_to_80_006,90->80,49.98,10.020000000000001,two_step,90,80,30,30,60,10,0.23450206117268171,0.23450206117268171,-0.6283984548358714,-0.6471617457068163,-0.01876329087094486,-1.5767591146383537,-1.562843118765125,0.01391599587322867,0.4325833688270577,0.45805803465153583,0.025474665824478104,0.07600656170047582,0.13647799065915026,0.06047142895867444
twostep_90_to_80_007,90->80,49.98,49.98,two_step,90,80,10,60,70,1,0.07942887771817442,0.07942887771817442,-0.7031938790674884,-0.6931939182823326,0.00999996078515586,-1.6266899153221221,-1.6240407647298198,0.0026491505923023073,0.48407180954165585,0.4849750191672168,0.0009032096255609523,0.1362559495020571,0.1624802937674446,0.0262243442653875
twostep_90_to_80_007,90->80,49.98,49.98,two_step,90,80,10,60,70,2,0.07942887771817442,0.07942887771817442,-0.7031938790674884,-0.6931939182823326,0.00999996078515586,-1.6266899153221221,-1.6240407647298198,0.0026491505923023073,0.48407180954165585,0.4849750191672168,0.0009032096255609523,0.1362559495020571,0.1624802937674446,0.0262243442653875
twostep_90_to_80_007,90->80,49.98,49.98,two_step,90,80,10.02,60,70.02,3,0.07970933094930151,0.07970933094930151,-0.7031938790674884,-0.6930212519913217,0.01017262707616673,-1.6266899153221221,-1.6239248547933705,0.002765060528751695,0.48407180954165585,0.48478560039881685,0.0007137908571610008,0.1362559495020571,0.1624892213765576,0.026233271874500502
twostep_90_to_80_007,90->80,49.98,49.98,two_step,90,80,30,100,130,4,0.08418489440309988,0.08418489440309988,-0.7031938790674884,-0.7145044484550588,-0.011310569387570357,-1.6266899153221221,-1.6436874729057942,-0.01699755758367205,0.48407180954165585,0.47138859077754947,-0.012683218764106385,0.1362559495020571,0.13543929981031702,-0.0008166496917400845
twostep_90_to_80_007,90->80,49.98,49.98,two_step,90,80,30,100,130,5,0.08418489440309988,0.08418489440309988,-0.7031938790674884,-0.7145044484550588,-0.011310569387570357,-1.6266899153221221,-1.6436874729057942,-0.01699755758367205,0.48407180954165585,0.47138859077754947,-0.012683218764106385,0.1362559495020571,0.13543929981031702,-0.0008166496917400845
twostep_90_to_80_007,90->80,49.98,49.98,two_step,90,80,30,100.02,130.02,6,0.08424825028921204,0.08424825028921204,-0.7031938790674884,-0.7145247910590311,-0.01133091199154268,-1.6266899153221221,-1.6437057766267704,-0.017015861304648272,0.48407180954165585,0.4713997684956384,-0.012672041046017435,0.1362559495020571,0.13543818535886135,-0.0008177641431957594
twostep_90_to_80_007,90->80,49.98,49.98,two_step,90,80,49.98,60,109.98,7,0.11779443489313429,0.11779443489313429,-0.7031938790674884,-0.7202686130470222,-0.01707473397953374,-1.6266899153221221,-1.6260682159487803,0.0006216993733418885,0.48407180954165585,0.4904930046365249,0.006421195094869048,0.1362559495020571,0.09925740326088514,-0.036998546241171965
twostep_90_to_80_007,90->80,49.98,49.98,two_step,90,80,49.98,49.98,99.96,8,0.1407232011965341,0.1407232011965341,-0.7031938790674884,-0.7150068052571376,-0.011812926189649131,-1.6266899153221221,-1.616289059568478,0.010400855753644134,0.48407180954165585,0.49338142931007467,0.00930961976841882,0.1362559495020571,0.09808787659854806,-0.03816807290350904
twostep_90_to_80_007,90->80,49.98,49.98,two_step,90,80,30,60,90,9,0.16729059602624044,0.16729059602624044,-0.7031938790674884,-0.6727228465666147,0.030471032500873685,-1.6266899153221221,-1.6021841591064157,0.024505756215706498,0.48407180954165585,0.452860857746983,-0.03121095179467287,0.1362559495020571,0.13780294069936747,0.00154699119731036
twostep_90_to_80_007,90->80,49.98,49.98,two_step,90,80,1.0002,4.998,5.9982,10,0.17728325514310617,0.17728325514310617,-0.7031938790674884,-0.6994288873619012,0.003764991705587195,-1.6266899153221221,-1.6086856682931225,0.01800424702899961,0.48407180954165585,0.5543147756511656,0.07024296610950975,0.1362559495020571,0.13197144972024324,-0.004284499781813861
twostep_90_to_80_008,90->80,49.98,100.02,two_step,90,80,60,60,120,1,0.00922838448904816,0.00922838448904816,-0.747181432056476,-0.7458346983244102,0.0013467337320658412,-1.640884302634818,-1.6402815573983165,0.0006027452365016117,0.5143524120988421,0.5111498204654876,-0.003202591633354457,0.08047838811152397,0.08041151813291902,-6.686997860494426e-05
twostep_90_to_80_008,90->80,49.98,100.02,two_step,90,80,60,49.98,109.98,2,0.08546867163828656,0.08546867163828656,-0.747181432056476,-0.734279239915026,0.012902192141450053,-1.640884302634818,-1.632434145132057,0.008450157502761124,0.5143524120988421,0.5025279960423963,-0.011824416056445797,0.08047838811152397,0.06937490128677645,-0.011103486824747516
twostep_90_to_80_008,90->80,49.98,100.02,two_step,90,80,60,100,160,3,0.1280951053569434,0.1280951053569434,-0.747181432056476,-0.766576853821323,-0.019395421764846987,-1.640884302634818,-1.6716791369037727,-0.030794834268954574,0.5143524120988421,0.5083302572640328,-0.006022154834809279,0.08047838811152397,0.08467617628038629,0.004197788168862321
twostep_90_to_80_008,90->80,49.98,100.02,two_step,90,80,60,100,160,4,0.1280951053569434,0.1280951053569434,-0.747181432056476,-0.766576853821323,-0.019395421764846987,-1.640884302634818,-1.6716791369037727,-0.030794834268954574,0.5143524120988421,0.5083302572640328,-0.006022154834809279,0.08047838811152397,0.08467617628038629,0.004197788168862321
twostep_90_to_80_008,90->80,49.98,100.02,two_step,90,80,60,100.02,160.02,5,0.12815011330962933,0.12815011330962933,-0.747181432056476,-0.766588023865697,-0.019406591809220997,-1.640884302634818,-1.6716932745176083,-0.030808971882790193,0.5143524120988421,0.5083318558142356,-0.006020556284606515,0.08047838811152397,0.0846779577657358,0.004199569654211838
twostep_90_to_80_008,90->80,49.98,100.02,two_step,90,80,49.98,100,149.98,6,0.1321517543214497,0.1321517543214497,-0.747181432056476,-0.7456780724455198,0.0015033596109562675,-1.640884302634818,-1.6599056673192982,-0.019021364684480124,0.5143524120988421,0.49202255366513403,-0.02232985843370805,0.08047838811152397,0.10201901812871222,0.021540630017188256
twostep_90_to_80_008,90->80,49.98,100.02,two_step,90,80,49.98,100,149.98,7,0.1321517543214497,0.1321517543214497,-0.747181432056476,-0.7456780724455198,0.0015033596109562675,-1.640884302634818,-1.6599056673192982,-0.019021364684480124,0.5143524120988421,0.49202255366513403,-0.02232985843370805,0.08047838811152397,0.10201901812871222,0.021540630017188256
twostep_90_to_80_008,90->80,49.98,100.02,two_step,90,80,49.98,100.02,150,8,0.13216332819208376,0.13216332819208376,-0.747181432056476,-0.7456914589937231,0.0014899730627528918,-1.640884302634818,-1.6599208648823325,-0.019036562247514377,0.5143524120988421,0.49202634692430963,-0.02232606517453245,0.08047838811152397,0.10202008035687865,0.021541692245354682
twostep_90_to_80_008,90->80,49.98,100.02,two_step,90,80,49.98,60,109.98,9,0.16078354239588213,0.16078354239588213,-0.747181432056476,-0.7202686130470222,0.02691281900945386,-1.640884302634818,-1.6260682159487803,0.014816086686037844,0.5143524120988421,0.4904930046365249,-0.023859407462317184,0.08047838811152397,0.09925740326088514,0.018779015149361172
twostep_90_to_80_008,90->80,49.98,100.02,two_step,90,80,49.98,49.98,99.96,10,0.18675055799399357,0.18675055799399357,-0.747181432056476,-0.7150068052571376,0.03217462679933847,-1.640884302634818,-1.616289059568478,0.02459524306634009,0.5143524120988421,0.49338142931007467,-0.02097098278876741,0.08047838811152397,0.09808787659854806,0.017609488487024094
twostep_90_to_80_009,90->80,49.98,499.98,two_step,90,80,30,499.98,529.98,1,0.23902504074720662,0.23902504074720662,-0.9574425980140929,-0.9960494489541761,-0.038606850940083204,-1.8304893774114754,-1.8627650043535056,-0.03227562694203012,0.659094148497935,0.7122315670584852,0.05313741856055021,0.021534513966642188,0.018928662338925893,-0.002605851627716295
twostep_90_to_80_009,90->80,49.98,499.98,two_step,90,80,49.98,499.98,549.96,2,0.24688114870975106,0.24688114870975106,-0.9574425980140929,-0.9490918697654324,0.008350728248660566,-1.8304893774114754,-1.8362109889169125,-0.005721611505437041,0.659094148497935,0.6227535427946367,-0.036340605703298334,0.021534513966642188,0.09741846437923113,0.07588395041258894
twostep_90_to_80_009,90->80,49.98,499.98,two_step,90,80,49.98,600,649.98,3,0.2639931718583157,0.2639931718583157,-0.9574425980140929,-0.9936151740449694,-0.036172576030876424,-1.8304893774114754,-1.870634276485565,-0.04014489907408958,0.659094148497935,0.6678380421112794,0.008743893613344378,0.021534513966642188,0.06414418185434959,0.0426096678877074
twostep_90_to_80_009,90->80,49.98,499.98,two_step,90,80,100.02,499.98,600,4,0.30632638755912234,0.30632638755912234,-0.9574425980140929,-0.9691542581235186,-0.011711660109425703,-1.8304893774114754,-1.8557557641001667,-0.0252663866886913,0.659094148497935,0.605813285936156,-0.053280862561779,0.021534513966642188,0.08625749783162759,0.0647229838649854
twostep_90_to_80_009,90->80,49.98,499.98,two_step,90,80,100,499.98,599.98,5,0.30633669390271767,0.30633669390271767,-0.9574425980140929,-0.9691315599822633,-0.011688961968170375,-1.8304893774114754,-1.8557388962620773,-0.025249518850601893,0.659094148497935,0.605796217038422,-0.053297931459513004,0.021534513966642188,0.08628718967707769,0.0647526757104355
twostep_90_to_80_009,90->80,49.98,499.98,two_step,90,80,100,499.98,599.98,6,0.30633669390271767,0.30633669390271767,-0.9574425980140929,-0.9691315599822633,-0.011688961968170375,-1.8304893774114754,-1.8557388962620773,-0.025249518850601893,0.659094148497935,0.605796217038422,-0.053297931459513004,0.021534513966642188,0.08628718967707769,0.0647526757104355
twostep_90_to_80_009,90->80,49.98,499.98,two_step,90,80,100.02,300,400.02,7,0.3143526662691317,0.3143526662691317,-0.9574425980140929,-0.9165734164214342,0.04086918159265873,-1.8304893774114754,-1.8044898768505815,0.02599950056089395,0.659094148497935,0.5867281251338871,-0.07236602336404796,0.021534513966642188,0.05063622913738732,0.029101715170745134
twostep_90_to_80_009,90->80,49.98,499.98,two_step,90,80,100,300,400,8,0.31454266799581376,0.31454266799581376,-0.9574425980140929,-0.9165452575566347,0.04089734045745819,-1.8304893774114754,-1.8044711756927594,0.02601820171871605,0.659094148497935,0.5867058124884997,-0.07238833600943528,0.021534513966642188,0.05066461136865876,0.029130097402016573
twostep_90_to_80_009,90->80,49.98,499.98,two_step,90,80,100,300,400,9,0.31454266799581376,0.31454266799581376,-0.9574425980140929,-0.9165452575566347,0.04089734045745819,-1.8304893774114754,-1.8044711756927594,0.02601820171871605,0.659094148497935,0.5867058124884997,-0.07238833600943528,0.021534513966642188,0.05066461136865876,0.029130097402016573
twostep_90_to_80_009,90->80,49.98,499.98,two_step,90,80,60,600,660,10,0.3147407356802153,0.3147407356802153,-0.9574425980140929,-0.9807844201673022,-0.023341822153209235,-1.8304893774114754,-1.8637554563106873,-0.03326607889921185,0.659094148497935,0.6368789851119953,-0.022215163385939762,0.021534513966642188,0.09624518398277213,0.07471067001612994
twostep_90_to_80_010,90->80,49.98,1000.0200000000001,two_step,90,80,60,900,960,1,0.06866859018859789,0.06866859018859789,-1.1029075061177083,-1.089290700524312,0.013616805593396286,-1.9503498543463131,-1.9479304857226922,0.00241936862362091,0.7592307728154082,0.7450543309009093,-0.01417644191449885,0.022599329345297736,0.014776246409431947,-0.00782308293586579
twostep_90_to_80_010,90->80,49.98,1000.0200000000001,two_step,90,80,49.98,900,949.98,2,0.1177958857015101,0.1177958857015101,-1.1029075061177083,-1.1034898566820628,-0.0005823505643545168,-1.9503498543463131,-1.954885571102313,-0.004535716755999841,0.7592307728154082,0.7770431486571341,0.017812375841725903,0.022599329345297736,-0.01378405455936297,-0.036383383904660706
twostep_90_to_80_010,90->80,49.98,1000.0200000000001,two_step,90,80,60,1000.02,1060.02,3,0.17412247272004006,0.17412247272004006,-1.1029075061177083,-1.1206492423375585,-0.0177417362198502,-1.9503498543463131,-1.972021562696347,-0.021671708350033958,0.7592307728154082,0.7754778815020054,0.016247108686597178,0.022599329345297736,-0.007782331615122845,-0.03038166096042058
twostep_90_to_80_010,90->80,49.98,1000.0200000000001,two_step,90,80,100,1200,1300,4,0.26805159203724604,0.26805159203724604,-1.1029075061177083,-1.1517446011850705,-0.048837095067362224,-1.9503498543463131,-2.0069475989889245,-0.05659774464261136,0.7592307728154082,0.7456290537800931,-0.01360171903531504,0.022599329345297736,0.033395748669900395,0.010796419324602659
twostep_90_to_80_010,90->80,49.98,1000.0200000000001,two_step,90,80,100,1200,1300,5,0.26805159203724604,0.26805159203724604,-1.1029075061177083,-1.1517446011850705,-0.048837095067362224,-1.9503498543463131,-2.0069475989889245,-0.05659774464261136,0.7592307728154082,0.7456290537800931,-0.01360171903531504,0.022599329345297736,0.033395748669900395,0.010796419324602659
twostep_90_to_80_010,90->80,49.98,1000.0200000000001,two_step,90,80,100.02,1200,1300.02,6,0.26816612234391907,0.26816612234391907,-1.1029075061177083,-1.1517383499609353,-0.048830843843227,-1.9503498543463131,-2.006946761312558,-0.056596906966244864,0.7592307728154082,0.7455972582234978,-0.013633514591910423,0.022599329345297736,0.03343129296277512,0.010831963617477382
twostep_90_to_80_010,90->80,49.98,1000.0200000000001,two_step,90,80,100,1000.02,1100.02,7,0.28097075235569324,0.28097075235569324,-1.1029075061177083,-1.0943883538902754,0.008519152227432825,-1.9503498543463131,-1.9617480199340394,-0.011398165587726217,0.7592307728154082,0.6904494421491937,-0.0687813306662145,0.022599329345297736,0.08194710545584116,0.059347776110543426
twostep_90_to_80_010,90->80,49.98,1000.0200000000001,two_step,90,80,100,1000.02,1100.02,8,0.28097075235569324,0.28097075235569324,-1.1029075061177083,-1.0943883538902754,0.008519152227432825,-1.9503498543463131,-1.9617480199340394,-0.011398165587726217,0.7592307728154082,0.6904494421491937,-0.0687813306662145,0.022599329345297736,0.08194710545584116,0.059347776110543426
twostep_90_to_80_010,90->80,49.98,1000.0200000000001,two_step,90,80,100.02,1000.02,1100.04,9,0.2811115837096019,0.2811115837096019,-1.1029075061177083,-1.0943824298630327,0.008525076254675579,-1.9503498543463131,-1.9617467554749255,-0.011396901128612358,0.7592307728154082,0.6904176544000749,-0.06881311841533333,0.022599329345297736,0.08198605243556467,0.059386723090266935
twostep_90_to_80_010,90->80,49.98,1000.0200000000001,two_step,90,80,30,600,630,10,0.3036794225418307,0.3036794225418307,-1.1029075061177083,-1.0425700379420804,0.060337468175627906,-1.9503498543463131,-1.897655439115922,0.0526944152303912,0.7592307728154082,0.7591105099764041,-0.00012026283900412604,0.022599329345297736,-0.011567310386605939,-0.034166639731903675
twostep_90_to_80_011,90->80,499.98,0.1002,two_step,90,80,300,100,400,1,0.07156316064944454,0.07156316064944454,-1.0605046349431555,-1.0745602423389369,-0.014055607395781378,-1.9085716988377432,-1.9020342216899233,0.006537477147819937,0.7300410497671256,0.7272323380244363,-0.0028087117426892627,-0.2638111232819186,-0.25079723405834564,0.013013889223572939
twostep_90_to_80_011,90->80,499.98,0.1002,two_step,90,80,300,100,400,2,0.07156316064944454,0.07156316064944454,-1.0605046349431555,-1.0745602423389369,-0.014055607395781378,-1.9085716988377432,-1.9020342216899233,0.006537477147819937,0.7300410497671256,0.7272323380244363,-0.0028087117426892627,-0.2638111232819186,-0.25079723405834564,0.013013889223572939
twostep_90_to_80_011,90->80,499.98,0.1002,two_step,90,80,300,100.02,400.02,3,0.07156430532925591,0.07156430532925591,-1.0605046349431555,-1.0745716723580476,-0.014067037414892125,-1.9085716988377432,-1.902042200154693,0.006529498683050194,0.7300410497671256,0.7272423741288868,-0.002798675638238768,-0.2638111232819186,-0.2507882255860407,0.013022897695877889
twostep_90_to_80_011,90->80,499.98,0.1002,two_step,90,80,300,60,360,4,0.13691535385099943,0.13691535385099943,-1.0605046349431555,-1.0480975711249376,0.012407063818217878,-1.9085716988377432,-1.8840037562733403,0.024567942564402978,0.7300410497671256,0.704119281357943,-0.02592176840918259,-0.2638111232819186,-0.26938589627119436,-0.005574772989275778
twostep_90_to_80_011,90->80,499.98,0.1002,two_step,90,80,300,49.98,349.98,5,0.18582986516321348,0.18582986516321348,-1.0605046349431555,-1.0398180576906582,0.02068657725249734,-1.9085716988377432,-1.8785341454651385,0.03003755337260472,0.7300410497671256,0.697034070962432,-0.03300697880469361,-0.2638111232819186,-0.2740095496673826,-0.010198426385464032
twostep_90_to_80_011,90->80,499.98,0.1002,two_step,90,80,499.98,0.4998,500.48,6,0.21042194074321013,0.21042194074321013,-1.0605046349431555,-1.0493657415468538,0.011138893396301697,-1.9085716988377432,-1.9090442266275298,-0.00047252778978656984,0.7300410497671256,0.7213472737678271,-0.008693775999298436,-0.2638111232819186,-0.34838048597443544,-0.08456936269251686
twostep_90_to_80_011,90->80,499.98,0.1002,two_step,90,80,499.98,0.798,500.778,7,0.21508693256157974,0.21508693256157974,-1.0605046349431555,-1.0571896605409803,0.003314974402175208,-1.9085716988377432,-1.9131213377659182,-0.004549638928174948,0.7300410497671256,0.7258128672762599,-0.004228182490865651,-0.2638111232819186,-0.3555587586832342,-0.09174763540131564
twostep_90_to_80_011,90->80,499.98,0.1002,two_step,90,80,499.98,1.0002,500.98,8,0.2190809657803401,0.2190809657803401,-1.0605046349431555,-1.0610591179236275,-0.0005544829804720042,-1.9085716988377432,-1.9151657391160783,-0.0065940402783351,0.7300410497671256,0.7280324994998553,-0.002008550267270315,-0.2638111232819186,-0.35900671192428585,-0.09519558864236727
twostep_90_to_80_011,90->80,499.98,0.1002,two_step,90,80,499.98,0.1002,500.08,9,0.25592532110950794,0.25592532110950794,-1.0605046349431555,-1.0236975259600052,0.036807108983150316,-1.9085716988377432,-1.8960368547453048,0.012534844092438435,0.7300410497671256,0.7068033994335184,-0.02323765033360714,-0.2638111232819186,-0.3235776570501503,-0.05976653376823171
twostep_90_to_80_011,90->80,499.98,0.1002,two_step,90,80,600,0.1002,600.1,10,0.28426528714106847,0.28426528714106847,-1.0605046349431555,-1.0652073448234565,-0.00470270988030097,-1.9085716988377432,-1.9286711692606788,-0.020099470422935584,0.7300410497671256,0.7458206299881757,0.015779580221050082,-0.2638111232819186,-0.3597532645210279,-0.09594214123910932
twostep_90_to_80_012,90->80,499.98,0.4998,two_step,90,80,499.98,0.1002,500.08,1,0.2278499965687657,0.2278499965687657,-1.0051608376611003,-1.0236975259600052,-0.01853668829890487,-1.874845098812816,-1.8960368547453048,-0.021191755932488787,0.6919429193727628,0.7068033994335184,0.014860480060755688,-0.3807978135964428,-0.3235776570501503,0.05722015654629253
twostep_90_to_80_012,90->80,499.98,0.4998,two_step,90,80,300,30,330,2,0.2725882587858409,0.2725882587858409,-1.0051608376611003,-1.019409600810547,-0.014248763149446786,-1.874845098812816,-1.865369338297898,0.009475760514918052,0.6919429193727628,0.6801792776098433,-0.011763641762919441,-0.3807978135964428,-0.2821362859270338,0.098661527669409
twostep_90_to_80_012,90->80,499.98,0.4998,two_step,90,80,499.98,0.4998,500.48,3,0.27571601588399636,0.27571601588399636,-1.0051608376611003,-1.0493657415468538,-0.04420490388575349,-1.874845098812816,-1.9090442266275298,-0.03419912781471379,0.6919429193727628,0.7213472737678271,0.02940435439506439,-0.3807978135964428,-0.34838048597443544,0.032417327622007386
twostep_90_to_80_012,90->80,499.98,0.4998,two_step,90,80,499.98,0.798,500.778,4,0.29143657975756865,0.29143657975756865,-1.0051608376611003,-1.0571896605409803,-0.05202882287987998,-1.874845098812816,-1.9131213377659182,-0.03827623895310217,0.6919429193727628,0.7258128672762599,0.03386994790349718,-0.3807978135964428,-0.3555587586832342,0.025239054913208603
twostep_90_to_80_012,90->80,499.98,0.4998,two_step,90,80,300,49.98,349.98,5,0.29794545251506016,0.29794545251506016,-1.0051608376611003,-1.0398180576906582,-0.034657220029557845,-1.874845098812816,-1.8785341454651385,-0.003689046652322503,0.6919429193727628,0.697034070962432,0.005091151589669218,-0.3807978135964428,-0.2740095496673826,0.10678826392906021
twostep_90_to_80_012,90->80,499.98,0.4998,two_step,90,80,499.98,1.0002,500.98,6,0.2995128298911824,0.2995128298911824,-1.0051608376611003,-1.0610591179236275,-0.05589828026252719,-1.874845098812816,-1.9151657391160783,-0.04032064030326232,0.6919429193727628,0.7280324994998553,0.03608958012709251,-0.3807978135964428,-0.35900671192428585,0.021791101672156976
twostep_90_to_80_012,90->80,499.98,0.4998,two_step,90,80,300,60,360,7,0.3468599638272742,0.3468599638272742,-1.0051608376611003,-1.0480975711249376,-0.04293673346383731,-1.874845098812816,-1.8840037562733403,-0.009158657460524244,0.6919429193727628,0.704119281357943,0.01217636198518024,-0.3807978135964428,-0.26938589627119436,0.11141191732524847
twostep_90_to_80_012,90->80,499.98,0.4998,two_step,90,80,600,0.1002,600.1,8,0.3682816829897199,0.3682816829897199,-1.0051608376611003,-1.0652073448234565,-0.060046507162356155,-1.874845098812816,-1.9286711692606788,-0.053826070447862806,0.6919429193727628,0.7458206299881757,0.05387771061541291,-0.3807978135964428,-0.3597532645210279,0.02104454907541492
twostep_90_to_80_012,90->80,499.98,0.4998,two_step,90,80,300,10.02,310.02,9,0.37343973282617055,0.37343973282617055,-1.0051608376611003,-0.9856791936844285,0.019481643976671847,-1.874845098812816,-1.8445862469306895,0.030258851882126514,0.6919429193727628,0.655044282485239,-0.036898636887523706,-0.3807978135964428,-0.2829615887897892,0.0978362248066536
twostep_90_to_80_012,90->80,499.98,0.4998,two_step,90,80,300,10,310,10,0.3736890635320311,0.3736890635320311,-1.0051608376611003,-0.9856271460747155,0.01953369158638485,-1.874845098812816,-1.84455521142394,0.030289887388875947,0.6919429193727628,0.6550084535555232,-0.03693446581723958,-0.3807978135964428,-0.2829494538906186,0.09784835970582423
twostep_90_to_80_013,90->80,499.98,0.7979999999999999,two_step,90,80,300,30,330,1,0.22188862465235257,0.22188862465235257,-0.9913333037734842,-1.019409600810547,-0.028076297037062936,-1.8611727076085165,-1.865369338297898,-0.004196630689381475,0.6824241798761203,0.6801792776098433,-0.002244902266276938,-0.3593499094902334,-0.2821362859270338,0.07721362356319955
twostep_90_to_80_013,90->80,499.98,0.7979999999999999,two_step,90,80,300,10.02,310.02,2,0.25566516562038766,0.25566516562038766,-0.9913333037734842,-0.9856791936844285,0.005654110089055697,-1.8611727076085165,-1.8445862469306895,0.016586460677826986,0.6824241798761203,0.655044282485239,-0.027379897390881203,-0.3593499094902334,-0.2829615887897892,0.07638832070044416
twostep_90_to_80_013,90->80,499.98,0.7979999999999999,two_step,90,80,300,10,310,3,0.2559144963262482,0.2559144963262482,-0.9913333037734842,-0.9856271460747155,0.005706157698768699,-1.8611727076085165,-1.84455521142394,0.01661749618457642,0.6824241798761203,0.6550084535555232,-0.027415726320597078,-0.3593499094902334,-0.2829494538906186,0.07640045559961478
twostep_90_to_80_013,90->80,499.98,0.7979999999999999,two_step,90,80,300,10,310,4,0.2559144963262482,0.2559144963262482,-0.9913333037734842,-0.9856271460747155,0.005706157698768699,-1.8611727076085165,-1.84455521142394,0.01661749618457642,0.6824241798761203,0.6550084535555232,-0.027415726320597078,-0.3593499094902334,-0.2829494538906186,0.07640045559961478
twostep_90_to_80_013,90->80,499.98,0.7979999999999999,two_step,90,80,499.98,0.1002,500.08,5,0.25625829666534256,0.25625829666534256,-0.9913333037734842,-1.0236975259600052,-0.03236422218652102,-1.8611727076085165,-1.8960368547453048,-0.034864147136788315,0.6824241798761203,0.7068033994335184,0.02437921955739819,-0.3593499094902334,-0.3235776570501503,0.035772252440083085
twostep_90_to_80_013,90->80,499.98,0.7979999999999999,two_step,90,80,499.98,0.4998,500.48,6,0.30412431598057327,0.30412431598057327,-0.9913333037734842,-1.0493657415468538,-0.05803243777336964,-1.8611727076085165,-1.9090442266275298,-0.04787151901901332,0.6824241798761203,0.7213472737678271,0.038923093891706895,-0.3593499094902334,-0.34838048597443544,0.010969423515797938
twostep_90_to_80_013,90->80,499.98,0.7979999999999999,two_step,90,80,499.98,0.798,500.778,7,0.3198448798541455,0.3198448798541455,-0.9913333037734842,-1.0571896605409803,-0.06585635676749613,-1.8611727076085165,-1.9131213377659182,-0.0519486301574017,0.6824241798761203,0.7258128672762599,0.04338868740013968,-0.3593499094902334,-0.3555587586832342,0.003791150806999155
twostep_90_to_80_013,90->80,499.98,0.7979999999999999,two_step,90,80,300,49.98,349.98,8,0.326353752611637,0.326353752611637,-0.9913333037734842,-1.0398180576906582,-0.048484753917173995,-1.8611727076085165,-1.8785341454651385,-0.01736143785662203,0.6824241798761203,0.697034070962432,0.014609891086311722,-0.3593499094902334,-0.2740095496673826,0.08534035982285076
twostep_90_to_80_013,90->80,499.98,0.7979999999999999,two_step,90,80,499.98,1.0002,500.98,9,0.32792112998775924,0.32792112998775924,-0.9913333037734842,-1.0610591179236275,-0.06972581415014334,-1.8611727076085165,-1.9151657391160783,-0.05399303150756185,0.6824241798761203,0.7280324994998553,0.045608319623735016,-0.3593499094902334,-0.35900671192428585,0.00034319756594752837
twostep_90_to_80_013,90->80,499.98,0.7979999999999999,two_step,90,80,300,4.998,304.998,10,0.33863212870781256,0.33863212870781256,-0.9913333037734842,-0.9690218303018672,0.022311473471616994,-1.8611727076085165,-1.8348446599460304,0.026328047662486087,0.6824241798761203,0.6440128989694608,-0.03841128090665946,-0.3593499094902334,-0.2769783484080878,0.08237156108214555
twostep_90_to_80_014,90->80,499.98,1.0002,two_step,90,80,499.98,1.0002,500.98,1,0.5018412298096284,0.5018412298096284,-1.0672621674292992,-1.0610591179236275,0.006203049505671743,-1.9162596514127033,-1.9151657391160783,0.0010939122966249215,0.7346928692382252,0.7280324994998553,-0.00666036973836992,-0.5882870720817243,-0.35900671192428585,0.2292803601574384
twostep_90_to_80_014,90->80,499.98,1.0002,two_step,90,80,499.98,0.798,500.778,2,0.5242839517809573,0.5242839517809573,-1.0672621674292992,-1.0571896605409803,0.010072506888318955,-1.9162596514127033,-1.9131213377659182,0.0031383136467850736,0.7346928692382252,0.7258128672762599,-0.008880001961965256,-0.5882870720817243,-0.3555587586832342,0.23272831339849004
twostep_90_to_80_014,90->80,499.98,1.0002,two_step,90,80,499.98,4.998,504.978,3,0.5280548331877738,0.5280548331877738,-1.0672621674292992,-1.0916931970782735,-0.024431029648974256,-1.9162596514127033,-1.9322244389470806,-0.015964787534377356,0.7346928692382252,0.7461369212688874,0.011444052030662233,-0.5882870720817243,-0.38267856253655486,0.2056085095451694
twostep_90_to_80_014,90->80,499.98,1.0002,two_step,90,80,600,0.1002,600.1,4,0.5291118659643784,0.5291118659643784,-1.0672621674292992,-1.0652073448234565,0.0020548226058427765,-1.9162596514127033,-1.9286711692606788,-0.012411517847975562,0.7346928692382252,0.7458206299881757,0.011127760749950477,-0.5882870720817243,-0.3597532645210279,0.22853380756069636
twostep_90_to_80_014,90->80,499.98,1.0002,two_step,90,80,600,0.4998,600.5,5,0.5697335030002104,0.5697335030002104,-1.0672621674292992,-1.0908446119432615,-0.023582444513962297,-1.9162596514127033,-1.9416777511604586,-0.02541809974775533,0.7346928692382252,0.7603369537655384,0.02564408452731326,-0.5882870720817243,-0.3846979335719501,0.20358913850977417
twostep_90_to_80_014,90->80,499.98,1.0002,two_step,90,80,499.98,0.4998,500.48,6,0.5699139852745245,0.5699139852745245,-1.0672621674292992,-1.0493657415468538,0.017896425882445444,-1.9162596514127033,-1.9090442266275298,0.007215424785173452,0.7346928692382252,0.7213472737678271,-0.013345595470398042,-0.5882870720817243,-0.34838048597443544,0.23990658610728882
twostep_90_to_80_014,90->80,499.98,1.0002,two_step,90,80,499.98,10,509.98,7,0.5776179490834548,0.5776179490834548,-1.0672621674292992,-1.1078329608155033,-0.04057079338620406,-1.9162596514127033,-1.9419308682552316,-0.025671216842528377,0.7346928692382252,0.7563464477523179,0.021653578514092664,-0.5882870720817243,-0.3916154142529374,0.19667165782878687
twostep_90_to_80_014,90->80,499.98,1.0002,two_step,90,80,499.98,10,509.98,8,0.5776179490834548,0.5776179490834548,-1.0672621674292992,-1.1078329608155033,-0.04057079338620406,-1.9162596514127033,-1.9419308682552316,-0.025671216842528377,0.7346928692382252,0.7563464477523179,0.021653578514092664,-0.5882870720817243,-0.3916154142529374,0.19667165782878687
twostep_90_to_80_014,90->80,499.98,1.0002,two_step,90,80,499.98,10.02,510,9,0.5777859958753513,0.5777859958753513,-1.0672621674292992,-1.1078834716944526,-0.04062130426515331,-1.9162596514127033,-1.9419620155681105,-0.025702364155407276,0.7346928692382252,0.7563794100148366,0.021686540776611363,-0.5882870720817243,-0.3916389070814561,0.19664816500026816
twostep_90_to_80_014,90->80,499.98,1.0002,two_step,90,80,600,0.798,600.798,10,0.58521124554968,0.58521124554968,-1.0672621674292992,-1.0986520463111002,-0.031389878881801,-1.9162596514127033,-1.9457564679090391,-0.029496816496335843,0.7346928692382252,0.7647846332304822,0.030091763992256992,-0.5882870720817243,-0.3919671683127273,0.19631990376899694
twostep_90_to_80_015,90->80,499.98,4.998,two_step,90,80,499.98,0.798,500.778,1,0.10473407521231227,0.10473407521231227,-1.084118711759783,-1.0571896605409803,0.026929051218802735,-1.906854475686884,-1.9131213377659182,-0.006266862079034263,0.7462967499880081,0.7258128672762599,-0.02048388271174817,-0.3507369842206062,-0.3555587586832342,-0.004821774462628048
twostep_90_to_80_015,90->80,499.98,4.998,two_step,90,80,600,0.1002,600.1,2,0.10563812945396418,0.10563812945396418,-1.084118711759783,-1.0652073448234565,0.018911366936326557,-1.906854475686884,-1.9286711692606788,-0.0218166935737949,0.7462967499880081,0.7458206299881757,-0.00047611999983243614,-0.3507369842206062,-0.3597532645210279,-0.00901628030042173
twostep_90_to_80_015,90->80,499.98,4.998,two_step,90,80,499.98,1.0002,500.98,3,0.1068798318294993,0.1068798318294993,-1.084118711759783,-1.0610591179236275,0.023059593836155523,-1.906854475686884,-1.9151657391160783,-0.008311263429194415,0.7462967499880081,0.7280324994998553,-0.018264250488152833,-0.3507369842206062,-0.35900671192428585,-0.008269727703679675
twostep_90_to_80_015,90->80,499.98,4.998,two_step,90,80,499.98,0.4998,500.48,4,0.10988782608632072,0.10988782608632072,-1.084118711759783,-1.0493657415468538,0.034752970212929224,-1.906854475686884,-1.9090442266275298,-0.002189750940645885,0.7462967499880081,0.7213472737678271,-0.024949476220180955,-0.3507369842206062,-0.34838048597443544,0.002356498246170735
twostep_90_to_80_015,90->80,499.98,4.998,two_step,90,80,499.98,4.998,504.978,5,0.14286038637140341,0.14286038637140341,-1.084118711759783,-1.0916931970782735,-0.007574485318490476,-1.906854475686884,-1.9322244389470806,-0.025369963260196693,0.7462967499880081,0.7461369212688874,-0.00015982871912068042,-0.3507369842206062,-0.38267856253655486,-0.03194157831594868
twostep_90_to_80_015,90->80,499.98,4.998,two_step,90,80,600,0.4998,600.5,6,0.1924203397675846,0.1924203397675846,-1.084118711759783,-1.0908446119432615,-0.006725900183478517,-1.906854475686884,-1.9416777511604586,-0.034823275473574666,0.7462967499880081,0.7603369537655384,0.014040203777530347,-0.3507369842206062,-0.3846979335719501,-0.033960949351343916
twostep_90_to_80_015,90->80,499.98,4.998,two_step,90,80,499.98,10,509.98,7,0.2291276220216094,0.2291276220216094,-1.084118711759783,-1.1078329608155033,-0.023714249055720282,-1.906854475686884,-1.9419308682552316,-0.035076392568347714,0.7462967499880081,0.7563464477523179,0.01004969776430975,-0.3507369842206062,-0.3916154142529374,-0.040878430032331214
twostep_90_to_80_015,90->80,499.98,4.998,two_step,90,80,499.98,10,509.98,8,0.2291276220216094,0.2291276220216094,-1.084118711759783,-1.1078329608155033,-0.023714249055720282,-1.906854475686884,-1.9419308682552316,-0.035076392568347714,0.7462967499880081,0.7563464477523179,0.01004969776430975,-0.3507369842206062,-0.3916154142529374,-0.040878430032331214
twostep_90_to_80_015,90->80,499.98,4.998,two_step,90,80,499.98,10.02,510,9,0.22939355559900051,0.22939355559900051,-1.084118711759783,-1.1078834716944526,-0.023764759934669533,-1.906854475686884,-1.9419620155681105,-0.03510753988122661,0.7462967499880081,0.7563794100148366,0.01008266002682845,-0.3507369842206062,-0.3916389070814561,-0.040901922860849926
twostep_90_to_80_015,90->80,499.98,4.998,two_step,90,80,600,0.798,600.798,10,0.23818656040362585,0.23818656040362585,-1.084118711759783,-1.0986520463111002,-0.014533334551317223,-1.906854475686884,-1.9457564679090391,-0.03890199222215518,0.7462967499880081,0.7647846332304822,0.01848788324247408,-0.3507369842206062,-0.3919671683127273,-0.04123018409212115
twostep_90_to_80_016,90->80,499.98,10.020000000000001,two_step,90,80,600,1.0002,601,1,0.0822264609692481,0.0822264609692481,-1.1195588342516298,-1.1025118110748733,0.01704702317675655,-1.950460943656326,-1.947802448974447,0.0026584946818790645,0.7706933847365306,0.766992726603534,-0.0037006581329965815,-0.4151538177152826,-0.3954734551161009,0.01968036259918171
twostep_90_to_80_016,90->80,499.98,10.020000000000001,two_step,90,80,600,4.998,604.998,2,0.09262370139189255,0.09262370139189255,-1.1195588342516298,-1.1330354832072687,-0.013476648955638826,-1.950460943656326,-1.9649185483395466,-0.014457604683220548,0.7706933847365306,0.7849048187217886,0.014211433985258037,-0.4151538177152826,-0.42011360241080886,-0.00495978469552627
twostep_90_to_80_016,90->80,499.98,10.020000000000001,two_step,90,80,600,0.798,600.798,3,0.10475927470117083,0.10475927470117083,-1.1195588342516298,-1.0986520463111002,0.02090678794052958,-1.950460943656326,-1.9457564679090391,0.00470447574728694,0.7706933847365306,0.7647846332304822,-0.005908751506048415,-0.4151538177152826,-0.3919671683127273,0.02318664940255527
twostep_90_to_80_016,90->80,499.98,10.020000000000001,two_step,90,80,499.98,30,529.98,4,0.11054226990306139,0.11054226990306139,-1.1195588342516298,-1.1406487479622323,-0.021089913710602426,-1.950460943656326,-1.9630267724116057,-0.012565828755279673,0.7706933847365306,0.7792948217030978,0.008601436966567233,-0.4151538177152826,-0.40092560320988446,0.014228214505398129
twostep_90_to_80_016,90->80,499.98,10.020000000000001,two_step,90,80,499.98,10.02,510,5,0.11355227950579616,0.11355227950579616,-1.1195588342516298,-1.1078834716944526,0.011675362557177271,-1.950460943656326,-1.9419620155681105,0.008498928088215507,0.7706933847365306,0.7563794100148366,-0.014313974721694045,-0.4151538177152826,-0.3916389070814561,0.02351491063382649
twostep_90_to_80_016,90->80,499.98,10.020000000000001,two_step,90,80,499.98,10,509.98,6,0.1138182130831873,0.1138182130831873,-1.1195588342516298,-1.1078329608155033,0.011725873436126522,-1.950460943656326,-1.9419308682552316,0.008530075401094406,0.7706933847365306,0.7563464477523179,-0.014346936984212744,-0.4151538177152826,-0.3916154142529374,0.023538403462345203
twostep_90_to_80_016,90->80,499.98,10.020000000000001,two_step,90,80,499.98,10,509.98,7,0.1138182130831873,0.1138182130831873,-1.1195588342516298,-1.1078329608155033,0.011725873436126522,-1.950460943656326,-1.9419308682552316,0.008530075401094406,0.7706933847365306,0.7563464477523179,-0.014346936984212744,-0.4151538177152826,-0.3916154142529374,0.023538403462345203
twostep_90_to_80_016,90->80,499.98,10.020000000000001,two_step,90,80,600,0.4998,600.5,8,0.1505254953372121,0.1505254953372121,-1.1195588342516298,-1.0908446119432615,0.028714222308368287,-1.950460943656326,-1.9416777511604586,0.008783192495867453,0.7706933847365306,0.7603369537655384,-0.010356430970992148,-0.4151538177152826,-0.3846979335719501,0.0304558841433325
twostep_90_to_80_016,90->80,499.98,10.020000000000001,two_step,90,80,600,10,610,9,0.18137374441332815,0.18137374441332815,-1.1195588342516298,-1.1491091431640763,-0.029550308912446477,-1.950460943656326,-1.9747178964027745,-0.024256952746448457,0.7706933847365306,0.7949117254644383,0.02421834072790774,-0.4151538177152826,-0.4300899520256586,-0.014936134310375992
twostep_90_to_80_016,90->80,499.98,10.020000000000001,two_step,90,80,600,10,610,10,0.18137374441332815,0.18137374441332815,-1.1195588342516298,-1.1491091431640763,-0.029550308912446477,-1.950460943656326,-1.9747178964027745,-0.024256952746448457,0.7706933847365306,0.7949117254644383,0.02421834072790774,-0.4151538177152826,-0.4300899520256586,-0.014936134310375992
twostep_90_to_80_017,90->80,499.98,49.98,two_step,90,80,499.98,49.98,549.96,1,0.2077270299936529,0.2077270299936529,-1.1543538245027392,-1.1606162351998894,-0.006262410697150278,-1.9834801672800872,-1.9765534140466128,0.00692675323347447,0.7946459167411817,0.7947501687893938,0.00010425204821207235,-0.3149039959331936,-0.40120753625368777,-0.08630354032049414
twostep_90_to_80_017,90->80,499.98,49.98,two_step,90,80,499.98,60,559.98,2,0.21635207154790526,0.21635207154790526,-1.1543538245027392,-1.1687673377400478,-0.014413513237308662,-1.9834801672800872,-1.98220013194902,0.001280035331067353,0.7946459167411817,0.8013381864343143,0.006692269693132635,-0.3149039959331936,-0.4003323215345543,-0.08542832560136066
twostep_90_to_80_017,90->80,499.98,49.98,two_step,90,80,600,10.02,610.02,3,0.2710087170360496,0.2710087170360496,-1.1543538245027392,-1.1491594658839728,0.0051943586187663815,-1.9834801672800872,-1.9747494337666882,0.008730733513399036,0.7946459167411817,0.7949439280802608,0.00029801133907914057,-0.3149039959331936,-0.4301174039281422,-0.11521340799494856
twostep_90_to_80_017,90->80,499.98,49.98,two_step,90,80,600,10,610,4,0.271060569155783,0.271060569155783,-1.1543538245027392,-1.1491091431640763,0.005244681338662849,-1.9834801672800872,-1.9747178964027745,0.008762270877312739,0.7946459167411817,0.7949117254644383,0.0002658087232566553,-0.3149039959331936,-0.4300899520256586,-0.11518595609246496
twostep_90_to_80_017,90->80,499.98,49.98,two_step,90,80,600,10,610,5,0.271060569155783,0.271060569155783,-1.1543538245027392,-1.1491091431640763,0.005244681338662849,-1.9834801672800872,-1.9747178964027745,0.008762270877312739,0.7946459167411817,0.7949117254644383,0.0002658087232566553,-0.3149039959331936,-0.4300899520256586,-0.11518595609246496
twostep_90_to_80_017,90->80,499.98,49.98,two_step,90,80,499.98,30,529.98,6,0.27877212162862763,0.27877212162862763,-1.1543538245027392,-1.1406487479622323,0.0137050765405069,-1.9834801672800872,-1.9630267724116057,0.020453394868481523,0.7946459167411817,0.7792948217030978,-0.01535109503808385,-0.3149039959331936,-0.40092560320988446,-0.08602160727669084
twostep_90_to_80_017,90->80,499.98,49.98,two_step,90,80,600,4.998,604.998,7,0.31735645970448934,0.31735645970448934,-1.1543538245027392,-1.1330354832072687,0.0213183412954705,-1.9834801672800872,-1.9649185483395466,0.018561618940540647,0.7946459167411817,0.7849048187217886,-0.009741098019393046,-0.3149039959331936,-0.42011360241080886,-0.10520960647761524
twostep_90_to_80_017,90->80,499.98,49.98,two_step,90,80,499.98,100,599.98,8,0.3248043348239512,0.3248043348239512,-1.1543538245027392,-1.19504822880913,-0.04069440430639082,-1.9834801672800872,-2.000877069994535,-0.017396902714447826,0.7946459167411817,0.8233765949909067,0.028730678249724972,-0.3149039959331936,-0.39439372734646017,-0.07948973141326654
twostep_90_to_80_017,90->80,499.98,49.98,two_step,90,80,499.98,100,599.98,9,0.3248043348239512,0.3248043348239512,-1.1543538245027392,-1.19504822880913,-0.04069440430639082,-1.9834801672800872,-2.000877069994535,-0.017396902714447826,0.7946459167411817,0.8233765949909067,0.028730678249724972,-0.3149039959331936,-0.39439372734646017,-0.07948973141326654
twostep_90_to_80_017,90->80,499.98,49.98,two_step,90,80,499.98,100.02,600,10,0.32485320398986217,0.32485320398986217,-1.1543538245027392,-1.1950596595614464,-0.040705835058707285,-1.9834801672800872,-2.0008853505572044,-0.017405183277117153,0.7946459167411817,0.8233863723607528,0.02874045561957117,-0.3149039959331936,-0.3943902813731641,-0.0794862854399705
twostep_90_to_80_018,90->80,499.98,100.02,two_step,90,80,499.98,100.02,600,1,0.09874906815804492,0.09874906815804492,-1.2172986158849137,-1.1950596595614464,0.022238956323467285,-2.011872685560302,-2.0008853505572044,0.010987335003097787,0.8379764973571528,0.8233863723607528,-0.0145901249964,-0.38963879571691373,-0.3943902813731641,-0.004751485656250387
twostep_90_to_80_018,90->80,499.98,100.02,two_step,90,80,499.98,100,599.98,2,0.09881229554602278,0.09881229554602278,-1.2172986158849137,-1.19504822880913,0.02225038707578375,-2.011872685560302,-2.000877069994535,0.010995615565767114,0.8379764973571528,0.8233765949909067,-0.014599902366246198,-0.38963879571691373,-0.39439372734646017,-0.004754931629546433
twostep_90_to_80_018,90->80,499.98,100.02,two_step,90,80,499.98,100,599.98,3,0.09881229554602278,0.09881229554602278,-1.2172986158849137,-1.19504822880913,0.02225038707578375,-2.011872685560302,-2.000877069994535,0.010995615565767114,0.8379764973571528,0.8233765949909067,-0.014599902366246198,-0.38963879571691373,-0.39439372734646017,-0.004754931629546433
twostep_90_to_80_018,90->80,499.98,100.02,two_step,90,80,600,60,660,4,0.14241334417365342,0.14241334417365342,-1.2172986158849137,-1.21012587973281,0.007172736152103676,-2.011872685560302,-2.0159908744756168,-0.004118188915314569,0.8379764973571528,0.8386438372677538,0.0006673399106009725,-0.38963879571691373,-0.44678331337172617,-0.05714451765481243
twostep_90_to_80_018,90->80,499.98,100.02,two_step,90,80,600,49.98,649.98,5,0.15748773078771885,0.15748773078771885,-1.2172986158849137,-1.2019140969602375,0.015384518924676183,-2.011872685560302,-2.010150541097339,0.0017221444629633709,0.8379764973571528,0.8322315284324766,-0.005744968924676241,-0.38963879571691373,-0.4462627428599808,-0.056623947143067066
twostep_90_to_80_018,90->80,499.98,100.02,two_step,90,80,499.98,60,559.98,6,0.23840887792779764,0.23840887792779764,-1.2172986158849137,-1.1687673377400478,0.04853127814486591,-2.011872685560302,-1.98220013194902,0.029672553611282293,0.8379764973571528,0.8013381864343143,-0.036638310922838535,-0.38963879571691373,-0.4003323215345543,-0.010693525817640548
twostep_90_to_80_018,90->80,499.98,100.02,two_step,90,80,600,30,630,7,0.24380336130901098,0.24380336130901098,-1.2172986158849137,-1.181872112022132,0.03542650386278168,-2.011872685560302,-1.9962221318597395,0.015650553700562675,0.8379764973571528,0.8172278768099088,-0.020748620547244023,-0.38963879571691373,-0.4429436451765432,-0.05330484945962949
twostep_90_to_80_018,90->80,499.98,100.02,two_step,90,80,600,100,700,8,0.24527056603078895,0.24527056603078895,-1.2172986158849137,-1.236735559710492,-0.019436943825578368,-2.011872685560302,-2.0353869438576866,-0.023514258297384405,0.8379764973571528,0.8602397804988692,0.022263283141716328,-0.38963879571691373,-0.4457913758809954,-0.056152580164081645
twostep_90_to_80_018,90->80,499.98,100.02,two_step,90,80,600,100,700,9,0.24527056603078895,0.24527056603078895,-1.2172986158849137,-1.236735559710492,-0.019436943825578368,-2.011872685560302,-2.0353869438576866,-0.023514258297384405,0.8379764973571528,0.8602397804988692,0.022263283141716328,-0.38963879571691373,-0.4457913758809954,-0.056152580164081645
twostep_90_to_80_018,90->80,499.98,100.02,two_step,90,80,600,100.02,700.02,10,0.2453250921098632,0.2453250921098632,-1.2172986158849137,-1.2367471794317855,-0.019448563546871744,-2.011872685560302,-2.0353955643278616,-0.02352287876755943,0.8379764973571528,0.8602494237671077,0.02227292640995482,-0.38963879571691373,-0.4457901934431155,-0.05615139772620176
twostep_90_to_80_019,90->80,499.98,499.98,two_step,90,80,499.98,499.98,999.96,1,0.22124790647261378,0.22124790647261378,-1.2941209119688848,-1.3324827604489742,-0.03836184848008939,-2.1225635527165645,-2.1099858396493687,0.012577713067195795,0.8908602168909853,0.9352187732467823,0.044358556355796996,-0.3151437999881497,-0.3400732155456602,-0.024929415557510548
twostep_90_to_80_019,90->80,499.98,499.98,two_step,90,80,499.98,600,1099.98,2,0.2540170048098244,0.2540170048098244,-1.2941209119688848,-1.3494848906892334,-0.055363978720348594,-2.1225635527165645,-2.132035590706641,-0.009472037990076565,0.8908602168909853,0.93974079228763,0.0488805753966447,-0.3151437999881497,-0.3423098734151789,-0.027166073427029203
twostep_90_to_80_019,90->80,499.98,499.98,two_step,90,80,499.98,300,799.98,3,0.27687201368617337,0.27687201368617337,-1.2941209119688848,-1.2764098407875042,0.0177110711813806,-2.1225635527165645,-2.0633644935515356,0.05919905916502888,0.8908602168909853,0.8924924576876532,0.0016322407966679053,-0.3151437999881497,-0.36152884597703944,-0.04638504598888976
twostep_90_to_80_019,90->80,499.98,499.98,two_step,90,80,600,300,900,4,0.40256728913058226,0.40256728913058226,-1.2941209119688848,-1.3204437321994016,-0.026322820230516797,-2.1225635527165645,-2.1007363614082237,0.021827191308340765,0.8908602168909853,0.9302843695229938,0.03942415263200849,-0.3151437999881497,-0.4295858909108,-0.11444209092265034
twostep_90_to_80_019,90->80,499.98,499.98,two_step,90,80,100,1800,1900,5,0.49853079151958996,0.49853079151958996,-1.2941209119688848,-1.302341156922471,-0.008220244953586198,-2.1225635527165645,-2.1232280177280867,-0.0006644650115221751,0.8908602168909853,0.8834745388169856,-0.007385678073999702,-0.3151437999881497,-0.08913111649464184,0.22601268349350784
twostep_90_to_80_019,90->80,499.98,499.98,two_step,90,80,100,1800,1900,6,0.49853079151958996,0.49853079151958996,-1.2941209119688848,-1.302341156922471,-0.008220244953586198,-2.1225635527165645,-2.1232280177280867,-0.0006644650115221751,0.8908602168909853,0.8834745388169856,-0.007385678073999702,-0.3151437999881497,-0.08913111649464184,0.22601268349350784
twostep_90_to_80_019,90->80,499.98,499.98,two_step,90,80,100.02,1800,1900.02,7,0.4986277987854586,0.4986277987854586,-1.2941209119688848,-1.3023353273484568,-0.008214415379572015,-2.1225635527165645,-2.1232289456847337,-0.0006653929681692539,0.8908602168909853,0.8834440980167403,-0.007416118874244981,-0.3151437999881497,-0.08910535553598625,0.22603844445216342
twostep_90_to_80_019,90->80,499.98,499.98,two_step,90,80,499.98,900,1399.98,8,0.5247511229835156,0.5247511229835156,-1.2941209119688848,-1.399197717737902,-0.10507680576901723,-2.1225635527165645,-2.191386442987515,-0.06882289027095068,0.8908602168909853,0.9540057026728327,0.06314548578184742,-0.3151437999881497,-0.3498590374544046,-0.03471523746625493
twostep_90_to_80_019,90->80,499.98,499.98,two_step,90,80,300,1200,1500,9,0.539004151605905,0.539004151605905,-1.2941209119688848,-1.2937285523895026,0.00039235957938221766,-2.1225635527165645,-2.126556072819301,-0.003992520102736652,0.8908602168909853,0.8178538611202526,-0.07300635577073267,-0.3151437999881497,-0.1199318036206912,0.19521199636745848
twostep_90_to_80_019,90->80,499.98,499.98,two_step,90,80,60,1800,1860,10,0.541873832603669,0.541873832603669,-1.2941209119688848,-1.3279752529579174,-0.033854340989032616,-2.1225635527165645,-2.1286455183354756,-0.006081965618911056,0.8908602168909853,0.9648917850356986,0.07403156814471334,-0.3151437999881497,-0.14865144638807862,0.16649235360007106
twostep_90_to_80_020,90->80,499.98,1000.0200000000001,two_step,90,80,499.98,1000.02,1500,1,0.18454161528612548,0.18454161528612548,-1.4526643882305574,-1.4155066371255407,0.037157751105016734,-2.2099385548251513,-2.2095692305741927,0.00036932425095859145,1.0,0.9589431210304408,-0.04105687896955923,-0.32715755276755143,-0.35272263494408057,-0.02556508217652914
twostep_90_to_80_020,90->80,499.98,1000.0200000000001,two_step,90,80,499.98,1200,1699.98,2,0.21164860908825822,0.21164860908825822,-1.4526643882305574,-1.4477768418335994,0.004887546396957987,-2.2099385548251513,-2.244175014734461,-0.03423645990930968,1.0,0.9689780685990639,-0.03102193140093612,-0.32715755276755143,-0.35893755100042846,-0.03177999823287703
twostep_90_to_80_020,90->80,499.98,1000.0200000000001,two_step,90,80,499.98,900,1399.98,3,0.2594433190580724,0.2594433190580724,-1.4526643882305574,-1.399197717737902,0.05346667049265541,-2.2099385548251513,-2.191386442987515,0.018552111837636165,1.0,0.9540057026728327,-0.04599429732716731,-0.32715755276755143,-0.3498590374544046,-0.02270148468685318
twostep_90_to_80_020,90->80,499.98,1000.0200000000001,two_step,90,80,600,900,1500,4,0.3145765554991298,0.3145765554991298,-1.4526643882305574,-1.4573816758509517,-0.00471728762039425,-2.2099385548251513,-2.2344523980527677,-0.024513843227616405,1.0,1.0116767548420451,0.011676754842045112,-0.32715755276755143,-0.43562245356404256,-0.10846490079649113
twostep_90_to_80_020,90->80,499.98,1000.0200000000001,two_step,90,80,600,600,1200,5,0.37094818999552615,0.37094818999552615,-1.4526643882305574,-1.4046540706392543,0.04801031759130314,-2.2099385548251513,-2.1717680962095978,0.03817045861555357,1.0,0.9938949531849706,-0.006105046815029436,-0.32715755276755143,-0.4161158421016736,-0.0889582893341222
twostep_90_to_80_020,90->80,499.98,1000.0200000000001,two_step,90,80,600,1000.02,1600.02,6,0.4147304599758541,0.4147304599758541,-1.4526643882305574,-1.474550592040235,-0.02188620380967765,-2.2099385548251513,-2.2536901080855696,-0.04375155326041824,1.0,1.0176304844282213,0.01763048442822135,-0.32715755276755143,-0.4421129590531403,-0.11495540628558887
twostep_90_to_80_020,90->80,499.98,1000.0200000000001,two_step,90,80,499.98,600,1099.98,7,0.498722587068323,0.498722587068323,-1.4526643882305574,-1.3494848906892334,0.10317949754132405,-2.2099385548251513,-2.132035590706641,0.07790296411851028,1.0,0.93974079228763,-0.06025920771237003,-0.32715755276755143,-0.3423098734151789,-0.015152320647627449
twostep_90_to_80_020,90->80,499.98,1000.0200000000001,two_step,90,80,600,499.98,1099.98,8,0.5048889473888822,0.5048889473888822,-1.4526643882305574,-1.3790603921625286,0.07360399606802881,-2.2099385548251513,-2.1497943457591777,0.06014420906597362,1.0,0.9756305139752302,-0.02436948602476985,-0.32715755276755143,-0.4189524109608076,-0.09179485819325617
twostep_90_to_80_020,90->80,499.98,1000.0200000000001,two_step,90,80,499.98,1800,2299.98,9,0.5793718916647748,0.5793718916647748,-1.4526643882305574,-1.5415511862349591,-0.08888679800440169,-2.2099385548251513,-2.3376483972335373,-0.127709842408386,1.0,0.9995000574848797,-0.0004999425151203107,-0.32715755276755143,-0.38049485746096245,-0.053337304693411025
twostep_90_to_80_020,90->80,499.98,1000.0200000000001,two_step,90,80,499.98,499.98,999.96,10,0.5850608429518516,0.5850608429518516,-1.4526643882305574,-1.3324827604489742,0.12018162778158326,-2.2099385548251513,-2.1099858396493687,0.09995271517578264,1.0,0.9352187732467823,-0.06478122675321774,-0.32715755276755143,-0.3400732155456602,-0.012915662778108794
