variant,sample_id,panel,T1_K,T2_K,actual_t1_s,actual_t2_s,pred_t1_s,pred_t2_s,t1_log10_abs_error,t2_log10_abs_error,t1_factor_error,t2_factor_error,top1_time_near_match,top5_time_near_match,top10_time_near_match,loss,posterior_log10_t1_width,posterior_log10_t2_width,posterior_contains_actual_t1,posterior_contains_actual_t2,mean_delta_peak_uncertainty
fig2_only,0,a,348.0,383.0,0.1,0.1,0.1,0.1,0.0,0.0,1.0,1.0,True,True,True,0.36594632228620494,1.1806179973983886,0.30102999566398125,True,True,0.03596338709571334
fig2_only,1,a,348.0,383.0,0.2,0.1,0.1,0.1,0.3010299956639812,0.0,2.0,1.0,True,True,True,0.3127976840098919,1.1806179973983886,0.30102999566398125,True,True,0.03666203253703628
fig2_only,2,a,348.0,383.0,0.5,0.1,0.1,0.1,0.6989700043360187,0.0,5.0,1.0,False,True,True,0.30926736724445203,1.1806179973983886,0.30102999566398125,True,True,0.036709572935729254
fig2_only,3,a,348.0,383.0,1.0,0.1,0.1,0.1,1.0,0.0,10.0,1.0,False,True,True,0.22818676555786938,1.1806179973983886,0.30102999566398125,True,True,0.037186477184500355
fig2_only,4,a,348.0,383.0,2.0,0.1,0.1,0.1,1.3010299956639813,0.0,20.0,1.0,False,False,True,0.22395578308676686,1.1806179973983886,0.30102999566398125,False,True,0.037025173368972486
fig2_only,5,a,348.0,383.0,5.0,0.1,0.1,0.1,1.6989700043360187,0.0,50.0,1.0,False,False,True,0.11711931196369085,1.1806179973983886,0.30102999566398125,False,True,0.03689256161803384
fig2_only,6,a,348.0,383.0,10.0,0.1,0.1,0.1,2.0,0.0,100.0,1.0,False,False,False,0.11689716142999654,1.1806179973983886,0.30102999566398125,False,True,0.03686178494181795
fig2_only,7,a,348.0,383.0,20.0,0.1,0.5,0.2,1.6020599913279623,0.3010299956639812,40.0,2.0,False,False,False,0.0637551945951818,1.1806179973983886,0.5397940008672036,False,True,0.037575183589004225
fig2_only,8,a,348.0,383.0,50.0,0.1,0.5,0.2,2.0,0.3010299956639812,100.0,2.0,False,False,False,0.06370252898630356,1.1806179973983886,0.5397940008672036,False,True,0.037562158290897284
fig2_only,9,a,348.0,383.0,100.0,0.1,100.0,0.5,0.0,0.6989700043360189,1.0,5.0,False,True,True,0.04029947451722552,3.060205999132796,0.840823996531185,True,False,0.03271686706448271
fig2_only,10,a,348.0,383.0,0.1,0.2,0.1,0.1,0.0,0.3010299956639812,1.0,2.0,True,True,True,0.19679179141462247,1.1806179973983886,0.30102999566398125,True,True,0.037660711247203146
fig2_only,11,a,348.0,383.0,0.2,0.2,0.1,0.1,0.3010299956639812,0.3010299956639812,2.0,2.0,True,True,True,0.19625483049712478,1.1806179973983886,0.30102999566398125,True,True,0.037625064935585595
fig2_only,12,a,348.0,383.0,0.5,0.2,0.1,0.1,0.6989700043360187,0.3010299956639812,5.0,2.0,False,True,True,0.1190185649261376,1.1806179973983886,0.30102999566398125,True,True,0.03773301103315828
fig2_only,13,a,348.0,383.0,1.0,0.2,0.1,0.1,1.0,0.3010299956639812,10.0,2.0,False,True,True,0.11744825358466235,1.1806179973983886,0.30102999566398125,True,True,0.03749965049448059
fig2_only,14,a,348.0,383.0,2.0,0.2,0.1,0.1,1.3010299956639813,0.3010299956639812,20.0,2.0,False,True,True,0.08083836038086273,1.1806179973983886,0.30102999566398125,False,True,0.03720274724290228
fig2_only,15,a,348.0,383.0,5.0,0.2,0.1,0.1,1.6989700043360187,0.3010299956639812,50.0,2.0,False,False,True,0.07949151014880441,1.1806179973983886,0.30102999566398125,False,True,0.0368997500041087
fig2_only,16,a,348.0,383.0,10.0,0.2,0.5,0.2,1.3010299956639813,0.0,20.0,1.0,False,False,False,0.06300721504881232,1.1806179973983886,0.6989700043360187,False,True,0.03760011037003464
fig2_only,17,a,348.0,383.0,20.0,0.2,0.5,0.2,1.6020599913279623,0.0,40.0,1.0,False,False,False,0.06295050950013457,1.1806179973983886,0.6989700043360187,False,True,0.03758053066644382
fig2_only,18,a,348.0,383.0,50.0,0.2,10.0,0.2,0.6989700043360187,0.0,5.0,1.0,False,True,True,0.04274462360855532,1.1806179973983886,0.5397940008672036,True,True,0.03286125469071962
fig2_only,19,a,348.0,383.0,100.0,0.2,10.0,0.2,1.0,0.0,10.0,1.0,False,True,True,0.04226693039353007,1.1806179973983886,0.5397940008672036,False,True,0.03267761869862663
fig2_only,20,a,348.0,383.0,0.1,0.5,0.1,0.1,0.0,0.6989700043360187,1.0,5.0,False,True,True,0.09974855417108625,1.1806179973983886,0.30102999566398125,True,False,0.037857194631237275
fig2_only,21,a,348.0,383.0,0.2,0.5,0.1,0.1,0.3010299956639812,0.6989700043360187,2.0,5.0,False,True,True,0.09952764458272312,1.1806179973983886,0.30102999566398125,True,False,0.03781267999846469
fig2_only,22,a,348.0,383.0,0.5,0.5,0.2,0.2,0.3979400086720376,0.3979400086720376,2.5,2.5,True,True,True,0.06605378231859335,1.1806179973983886,0.5397940008672036,True,False,0.0387271058494546
fig2_only,23,a,348.0,383.0,1.0,0.5,0.2,0.2,0.6989700043360187,0.3979400086720376,5.0,2.5,False,True,True,0.06547082142208309,1.1806179973983886,0.5397940008672036,True,False,0.03856317932518046
fig2_only,24,a,348.0,383.0,2.0,0.5,0.2,0.2,1.0,0.3979400086720376,10.0,2.5,False,True,True,0.064420512871549,1.1806179973983886,0.5397940008672036,False,False,0.03826301818433824
fig2_only,25,a,348.0,383.0,5.0,0.5,5.0,0.1,0.0,0.6989700043360187,1.0,5.0,False,True,True,0.05310950188230745,2.060205999132796,1.0,True,True,0.033134937912964214
fig2_only,26,a,348.0,383.0,10.0,0.5,5.0,0.1,0.3010299956639812,0.6989700043360187,2.0,5.0,False,False,True,0.05271440866960614,2.060205999132796,1.0,True,True,0.03300462795841781
fig2_only,27,a,348.0,383.0,20.0,0.5,5.0,0.1,0.6020599913279624,0.6989700043360187,4.0,5.0,False,False,False,0.0523756870364929,2.060205999132796,1.0,False,True,0.03289694821710485
fig2_only,28,a,348.0,383.0,50.0,0.5,50.0,0.2,0.0,0.3979400086720376,1.0,2.5,True,True,True,0.03942994126692471,1.3612359947967771,0.8795880017344074,True,True,0.03136708563577004
fig2_only,29,a,348.0,383.0,100.0,0.5,50.0,0.2,0.3010299956639812,0.3979400086720376,2.0,2.5,True,True,True,0.03922668588399683,1.3612359947967771,0.8795880017344074,True,True,0.031298400616668554
fig2_only,30,a,348.0,383.0,0.1,1.0,50.0,1.0,2.6989700043360187,0.0,500.0,1.0,False,False,False,0.03417771298847523,2.48164799306237,0.6020599913279624,False,True,0.03423098941523619
fig2_only,31,a,348.0,383.0,0.2,1.0,50.0,1.0,2.3979400086720375,0.0,250.0,1.0,False,False,True,0.03421120258882136,2.48164799306237,0.6020599913279624,False,True,0.03423467237029807
fig2_only,32,a,348.0,383.0,0.5,1.0,50.0,1.0,2.0,0.0,100.0,1.0,False,True,True,0.0342546235492934,2.48164799306237,0.6020599913279624,False,True,0.034242121188653704
fig2_only,33,a,348.0,383.0,1.0,1.0,50.0,1.0,1.6989700043360187,0.0,50.0,1.0,False,True,True,0.03430422640316116,2.48164799306237,0.6020599913279624,True,True,0.034256547537547255
fig2_only,34,a,348.0,383.0,2.0,1.0,50.0,1.0,1.3979400086720377,0.0,25.0,1.0,False,True,True,0.03445600955328561,2.48164799306237,0.6020599913279624,True,True,0.03432162367257321
fig2_only,35,a,348.0,383.0,5.0,1.0,10.0,2.0,0.3010299956639812,0.3010299956639812,2.0,2.0,True,True,True,0.026448011782732987,1.840823996531185,0.3010299956639812,True,True,0.04497727620003435
fig2_only,36,a,348.0,383.0,10.0,1.0,10.0,2.0,0.0,0.3010299956639812,1.0,2.0,True,True,True,0.026670973402408142,1.840823996531185,0.3010299956639812,True,True,0.045153910463364824
fig2_only,37,a,348.0,383.0,20.0,1.0,10.0,2.0,0.3010299956639812,0.3010299956639812,2.0,2.0,True,True,True,0.026583015324959585,1.840823996531185,0.3010299956639812,True,True,0.04507215575477115
fig2_only,38,a,348.0,383.0,50.0,1.0,10.0,2.0,0.6989700043360187,0.3010299956639812,5.0,2.0,False,True,True,0.026302490210140875,1.840823996531185,0.3010299956639812,True,True,0.04482441464025099
fig2_only,39,a,348.0,383.0,100.0,1.0,10.0,2.0,1.0,0.3010299956639812,10.0,2.0,False,True,True,0.02602782139916748,1.840823996531185,0.3010299956639812,True,True,0.04458600307905387
fig2_only,40,a,348.0,383.0,0.1,2.0,200.0,2.0,3.3010299956639813,0.0,2000.0,1.0,False,False,False,0.05526542694157856,1.8795880017344073,0.840823996531185,False,True,0.0425541622843586
fig2_only,41,a,348.0,383.0,0.2,2.0,200.0,2.0,3.0,0.0,1000.0,1.0,False,False,False,0.05531391305184585,1.8795880017344073,0.840823996531185,False,True,0.04255777621350136
fig2_only,42,a,348.0,383.0,0.5,2.0,200.0,2.0,2.6020599913279625,0.0,400.0,1.0,False,False,False,0.05536642809419398,1.8795880017344073,0.840823996531185,False,True,0.042562694156250046
fig2_only,43,a,348.0,383.0,1.0,2.0,200.0,2.0,2.3010299956639813,0.0,200.0,1.0,False,False,False,0.12306887215757459,1.8795880017344073,0.48164799306236994,False,True,0.04256882662636803
fig2_only,44,a,348.0,383.0,2.0,2.0,200.0,2.0,2.0,0.0,100.0,1.0,False,False,True,0.12327083665083324,1.8795880017344073,0.48164799306236994,False,True,0.04259702372839411
fig2_only,45,a,348.0,383.0,5.0,2.0,200.0,2.0,1.6020599913279623,0.0,40.0,1.0,False,False,True,0.12460926940472271,1.8795880017344073,0.48164799306236994,False,True,0.042794209529494004
fig2_only,46,a,348.0,383.0,10.0,2.0,500.0,2.0,1.6989700043360187,0.0,50.0,1.0,False,True,True,0.12686163084067248,1.8795880017344073,0.48164799306236994,True,True,0.054396783789632384
fig2_only,47,a,348.0,383.0,20.0,2.0,500.0,2.0,1.3979400086720377,0.0,25.0,1.0,False,True,True,0.17498429007118232,1.8795880017344075,1.1806179973983888,True,True,0.05459164428109022
fig2_only,48,a,348.0,383.0,50.0,2.0,500.0,2.0,1.0,0.0,10.0,1.0,False,True,True,0.1799559652875975,1.8795880017344075,1.1806179973983888,True,True,0.05531535795491439
fig2_only,49,a,348.0,383.0,100.0,2.0,500.0,2.0,0.6989700043360189,0.0,5.0,1.0,False,True,True,0.18990243349401342,2.1806179973983886,1.1806179973983888,True,True,0.05671924358241527
fig2_only,50,a,348.0,383.0,0.1,5.0,1000.0,2.0,4.0,0.3979400086720376,10000.0,2.5,False,False,False,0.2203147624387075,1.1806179973983888,1.1806179973983888,False,False,0.057928923320598576
fig2_only,51,a,348.0,383.0,0.2,5.0,1000.0,2.0,3.6989700043360187,0.3979400086720376,5000.0,2.5,False,False,False,0.22021198570984635,1.1806179973983888,1.1806179973983888,False,False,0.05793123084488348
fig2_only,52,a,348.0,383.0,0.5,5.0,1000.0,2.0,3.3010299956639813,0.3979400086720376,2000.0,2.5,False,False,False,0.22008539486457224,1.1806179973983888,1.1806179973983888,False,False,0.05793377498547429
fig2_only,53,a,348.0,383.0,1.0,5.0,1000.0,2.0,3.0,0.3979400086720376,1000.0,2.5,False,False,False,0.21999399541613956,1.1806179973983888,1.1806179973983888,False,False,0.057935443921714354
fig2_only,54,a,348.0,383.0,2.0,5.0,1000.0,2.0,2.6989700043360187,0.3979400086720376,500.0,2.5,False,False,False,0.21990832329726498,1.1806179973983888,1.1806179973983888,False,False,0.05793708283932236
fig2_only,55,a,348.0,383.0,5.0,5.0,1000.0,2.0,2.3010299956639813,0.3979400086720376,200.0,2.5,False,False,False,0.25346361159483016,0.8795880017344073,1.419382002601611,False,False,0.05794148463255619
fig2_only,56,a,348.0,383.0,10.0,5.0,1000.0,2.0,2.0,0.3979400086720376,100.0,2.5,False,False,False,0.25370594562905313,0.8795880017344073,1.419382002601611,False,False,0.05796362658923416
fig2_only,57,a,348.0,383.0,20.0,5.0,1000.0,2.0,1.6989700043360187,0.3979400086720376,50.0,2.5,False,False,True,0.2538252965441322,0.8795880017344073,1.419382002601611,False,False,0.057978235223413735
fig2_only,58,a,348.0,383.0,50.0,5.0,1000.0,2.0,1.3010299956639813,0.3979400086720376,20.0,2.5,False,False,True,0.25446249110767155,0.8795880017344073,1.419382002601611,False,False,0.058045526746615575
fig2_only,59,a,348.0,383.0,100.0,5.0,1000.0,2.0,1.0,0.3979400086720376,10.0,2.5,False,False,True,0.256114668331174,0.8795880017344073,1.419382002601611,False,False,0.05821309197431984
fig2_only,60,a,348.0,383.0,0.1,10.0,50.0,5.0,2.6989700043360187,0.3010299956639812,500.0,2.0,False,False,True,0.22505906154873062,2.7591760034688146,0.0,False,False,0.04941474754991412
fig2_only,61,a,348.0,383.0,0.2,10.0,50.0,5.0,2.3979400086720375,0.3010299956639812,250.0,2.0,False,True,True,0.2250878788606167,2.7591760034688146,0.0,True,False,0.049416955347133196
fig2_only,62,a,348.0,383.0,0.5,10.0,50.0,5.0,2.0,0.3010299956639812,100.0,2.0,False,True,True,0.22516061718475916,2.7591760034688146,0.0,True,False,0.04942332539651664
fig2_only,63,a,348.0,383.0,1.0,10.0,0.1,5.0,1.0,0.3010299956639812,10.0,2.0,False,False,True,0.22299512353096687,2.7591760034688146,0.0,True,False,0.05365564229362737
fig2_only,64,a,348.0,383.0,2.0,10.0,0.1,5.0,1.3010299956639813,0.3010299956639812,20.0,2.0,False,False,True,0.21955416984391565,2.7591760034688146,0.0,True,False,0.05327157346183697
fig2_only,65,a,348.0,383.0,5.0,10.0,50.0,5.0,1.0,0.3010299956639812,10.0,2.0,False,True,True,0.16110705301273584,3.060205999132796,0.30102999566398114,True,True,0.049964308715370304
fig2_only,66,a,348.0,383.0,10.0,10.0,50.0,5.0,0.6989700043360189,0.3010299956639812,5.0,2.0,False,True,True,0.16331926246025838,3.060205999132796,0.30102999566398114,True,True,0.05028931306606111
fig2_only,67,a,348.0,383.0,20.0,10.0,50.0,5.0,0.3979400086720376,0.3010299956639812,2.5,2.0,True,True,True,0.16494164530442407,3.060205999132796,0.30102999566398114,True,True,0.050527016286667836
fig2_only,68,a,348.0,383.0,50.0,10.0,5.0,5.0,1.0,0.3010299956639812,10.0,2.0,False,True,True,0.16378190143578938,2.7591760034688146,0.30102999566398114,True,True,0.05086275427698346
fig2_only,69,a,348.0,383.0,100.0,10.0,5.0,5.0,1.3010299956639813,0.3010299956639812,20.0,2.0,False,True,True,0.16227124918420863,2.7591760034688146,0.30102999566398114,False,True,0.05063803542088263
fig2_only,70,a,348.0,383.0,0.1,20.0,50.0,10.0,2.6989700043360187,0.3010299956639812,500.0,2.0,False,False,True,0.13716990040268043,2.8795880017344073,0.18061799739838869,False,False,0.044893317101224045
fig2_only,71,a,348.0,383.0,0.2,20.0,50.0,10.0,2.3979400086720375,0.3010299956639812,250.0,2.0,False,False,True,0.1371919335355331,2.8795880017344073,0.18061799739838869,True,False,0.04489527826633288
fig2_only,72,a,348.0,383.0,0.5,20.0,50.0,10.0,2.0,0.3010299956639812,100.0,2.0,False,False,True,0.13723745804878024,2.8795880017344073,0.18061799739838869,True,False,0.0449005050486061
fig2_only,73,a,348.0,383.0,1.0,20.0,50.0,10.0,1.6989700043360187,0.3010299956639812,50.0,2.0,False,False,True,0.11097790983720282,2.7591760034688146,0.0,True,False,0.04491381059836781
fig2_only,74,a,348.0,383.0,2.0,20.0,50.0,10.0,1.3979400086720377,0.3010299956639812,25.0,2.0,False,False,True,0.11131643591581643,2.7591760034688146,0.0,True,False,0.04497604068710584
fig2_only,75,a,348.0,383.0,5.0,20.0,0.1,10.0,1.6989700043360187,0.3010299956639812,50.0,2.0,False,False,True,0.11120280921824652,2.7591760034688146,0.0,True,False,0.0485465212849698
fig2_only,76,a,348.0,383.0,10.0,20.0,0.1,10.0,2.0,0.3010299956639812,100.0,2.0,False,False,True,0.11105851706178602,2.7591760034688146,0.0,True,False,0.04851561123651944
fig2_only,77,a,348.0,383.0,20.0,20.0,100.0,10.0,0.6989700043360189,0.3010299956639812,5.0,2.0,False,True,True,0.20002229765053176,3.060205999132796,0.30102999566398125,True,True,0.04558270396359246
fig2_only,78,a,348.0,383.0,50.0,20.0,100.0,10.0,0.3010299956639812,0.3010299956639812,2.0,2.0,True,True,True,0.20249772243583974,3.060205999132796,0.30102999566398125,True,True,0.04583746075049474
fig2_only,79,a,348.0,383.0,100.0,20.0,100.0,10.0,0.0,0.3010299956639812,1.0,2.0,True,True,True,0.2033406971847036,2.7591760034688146,0.30102999566398125,False,True,0.04592526228426695
fig2_only,80,a,348.0,383.0,0.1,50.0,100.0,20.0,3.0,0.3979400086720376,1000.0,2.5,False,False,False,0.15117697741577044,1.3612359947967771,0.3979400086720375,False,True,0.04253259392672173
fig2_only,81,a,348.0,383.0,0.2,50.0,100.0,20.0,2.6989700043360187,0.3979400086720376,500.0,2.5,False,False,True,0.15121318820979565,1.3612359947967771,0.3979400086720375,False,True,0.04253417214628901
fig2_only,82,a,348.0,383.0,0.5,50.0,100.0,20.0,2.3010299956639813,0.3979400086720376,200.0,2.5,False,False,False,0.15126189939657694,1.3612359947967771,0.3979400086720375,False,True,0.04253724648090884
fig2_only,83,a,348.0,383.0,1.0,50.0,100.0,20.0,2.0,0.3979400086720376,100.0,2.5,False,False,False,0.1513260202810436,1.3612359947967771,0.3979400086720375,False,True,0.042543513922267136
fig2_only,84,a,348.0,383.0,2.0,50.0,100.0,20.0,1.6989700043360187,0.3979400086720376,50.0,2.5,False,False,False,0.1515768334828704,3.060205999132796,0.3979400086720375,True,True,0.04257468789791579
fig2_only,85,a,348.0,383.0,5.0,50.0,50.0,50.0,1.0,0.0,10.0,1.0,False,True,True,0.11506080544755815,2.501029995663981,0.30102999566398125,True,True,0.039449389766817645
fig2_only,86,a,348.0,383.0,10.0,50.0,50.0,50.0,0.6989700043360189,0.0,5.0,1.0,False,True,True,0.1162139909831503,2.501029995663981,0.30102999566398125,True,True,0.039637468998922294
fig2_only,87,a,348.0,383.0,20.0,50.0,50.0,50.0,0.3979400086720376,0.0,2.5,1.0,True,True,True,0.11705072090735608,3.060205999132796,0.30102999566398125,True,True,0.03977413181263571
fig2_only,88,a,348.0,383.0,50.0,50.0,50.0,50.0,0.0,0.0,1.0,1.0,True,True,True,0.11751512156519613,3.060205999132796,0.30102999566398125,True,True,0.03985026356632301
fig2_only,89,a,348.0,383.0,100.0,50.0,50.0,50.0,0.3010299956639812,0.0,2.0,1.0,True,True,True,0.11714822758024206,3.060205999132796,0.30102999566398125,True,True,0.03979161719842972
fig2_only,90,a,348.0,383.0,0.1,100.0,50.0,200.0,2.6989700043360187,0.3010299956639812,500.0,2.0,False,False,False,0.08320863139322593,1.3612359947967771,0.5397940008672037,False,True,0.03327917174211344
fig2_only,91,a,348.0,383.0,0.2,100.0,50.0,200.0,2.3979400086720375,0.3010299956639812,250.0,2.0,False,False,False,0.08322492505898432,1.3612359947967771,0.5397940008672037,False,True,0.033281205380911456
fig2_only,92,a,348.0,383.0,0.5,100.0,50.0,200.0,2.0,0.3010299956639812,100.0,2.0,False,False,False,0.08325401560543817,1.3612359947967771,0.5397940008672037,False,True,0.033285674460069116
fig2_only,93,a,348.0,383.0,1.0,100.0,50.0,200.0,1.6989700043360187,0.3010299956639812,50.0,2.0,False,False,False,0.08330537308081744,1.3612359947967771,0.5397940008672037,False,True,0.03329488764963763
fig2_only,94,a,348.0,383.0,2.0,100.0,50.0,200.0,1.3979400086720377,0.3010299956639812,25.0,2.0,False,True,True,0.0835289832647581,1.3612359947967771,0.5397940008672037,False,True,0.03333762647276226
fig2_only,95,a,348.0,383.0,5.0,100.0,50.0,1000.0,1.0,1.0,10.0,10.0,False,False,False,0.0540789089447556,1.3612359947967771,0.30102999566398125,False,False,0.028861427906898364
fig2_only,96,a,348.0,383.0,10.0,100.0,50.0,1000.0,0.6989700043360189,1.0,5.0,10.0,False,False,False,0.05460001273977994,1.3612359947967771,0.30102999566398125,True,False,0.028996973040653982
fig2_only,97,a,348.0,383.0,20.0,100.0,50.0,1000.0,0.3979400086720376,1.0,2.5,10.0,False,False,False,0.0549743644400867,1.3612359947967771,0.30102999566398125,True,False,0.02909524929499841
fig2_only,98,a,348.0,383.0,50.0,100.0,50.0,1000.0,0.0,1.0,1.0,10.0,False,False,False,0.05517878158492886,1.3612359947967771,0.30102999566398125,True,False,0.029149725272120626
fig2_only,99,a,348.0,383.0,100.0,100.0,50.0,1000.0,0.3010299956639812,1.0,2.0,10.0,False,False,False,0.05500861739634723,1.3612359947967771,0.30102999566398125,True,False,0.029107077863944113
fig2_only,100,a,348.0,383.0,0.1,200.0,100.0,1000.0,3.0,0.6989700043360189,1000.0,5.0,False,False,False,0.0742482806256202,1.3612359947967771,0.30102999566398125,False,False,0.02853413896749503
fig2_only,101,a,348.0,383.0,0.2,200.0,100.0,1000.0,2.6989700043360187,0.6989700043360189,500.0,5.0,False,False,False,0.07427443577978787,1.3612359947967771,0.30102999566398125,False,False,0.02853603163062184
fig2_only,102,a,348.0,383.0,0.5,200.0,100.0,1000.0,2.3010299956639813,0.6989700043360189,200.0,5.0,False,False,False,0.07430784016520489,1.3612359947967771,0.30102999566398125,False,False,0.028539139567894854
fig2_only,103,a,348.0,383.0,1.0,200.0,100.0,1000.0,2.0,0.6989700043360189,100.0,5.0,False,False,False,0.07434772894207925,1.3612359947967771,0.30102999566398125,False,False,0.028544542377459056
fig2_only,104,a,348.0,383.0,2.0,200.0,100.0,1000.0,1.6989700043360187,0.6989700043360189,50.0,5.0,False,False,False,0.07449197769158591,1.3612359947967771,0.30102999566398125,False,False,0.02856962619099842
fig2_only,105,a,348.0,383.0,5.0,200.0,100.0,1000.0,1.3010299956639813,0.6989700043360189,20.0,5.0,False,False,False,0.1172076663036502,1.4816479930623698,0.30102999566398125,False,False,0.02869893649763316
fig2_only,106,a,348.0,383.0,10.0,200.0,100.0,1000.0,1.0,0.6989700043360189,10.0,5.0,False,False,True,0.11861096219400105,1.3612359947967771,0.30102999566398125,True,False,0.028843724838469427
fig2_only,107,a,348.0,383.0,20.0,200.0,100.0,1000.0,0.6989700043360189,0.6989700043360189,5.0,5.0,False,False,True,0.11981548838479864,1.3612359947967771,0.30102999566398125,True,False,0.02896749203389868
fig2_only,108,a,348.0,383.0,50.0,200.0,50.0,1000.0,0.0,0.6989700043360189,1.0,5.0,False,False,True,0.120802740551466,1.3612359947967771,0.30102999566398125,True,False,0.02914017095087843
fig2_only,109,a,348.0,383.0,100.0,200.0,50.0,1000.0,0.3010299956639812,0.6989700043360189,2.0,5.0,False,False,True,0.12037531654112218,1.3612359947967771,0.30102999566398125,True,False,0.02909739475330374
fig2_only,110,a,348.0,383.0,0.1,500.0,100.0,1000.0,3.0,0.3010299956639812,1000.0,2.0,False,False,False,0.16808011604894663,1.3612359947967771,0.30102999566398125,False,True,0.02851926582087472
fig2_only,111,a,348.0,383.0,0.2,500.0,100.0,1000.0,2.6989700043360187,0.3010299956639812,500.0,2.0,False,False,False,0.16810931076820226,1.3612359947967771,0.30102999566398125,False,True,0.028521012675444164
fig2_only,112,a,348.0,383.0,0.5,500.0,100.0,1000.0,2.3010299956639813,0.3010299956639812,200.0,2.0,False,False,False,0.1681549557006495,1.3612359947967771,0.30102999566398125,False,True,0.028523533712461167
fig2_only,113,a,348.0,383.0,1.0,500.0,100.0,1000.0,2.0,0.3010299956639812,100.0,2.0,False,False,False,0.16823010029540575,1.3612359947967771,0.30102999566398125,False,True,0.028527245858386965
fig2_only,114,a,348.0,383.0,2.0,500.0,100.0,1000.0,1.6989700043360187,0.3010299956639812,50.0,2.0,False,False,True,0.16857057441461878,1.3612359947967771,0.30102999566398125,False,True,0.02854290623609265
fig2_only,115,a,348.0,383.0,5.0,500.0,100.0,1000.0,1.3010299956639813,0.3010299956639812,20.0,2.0,False,True,True,0.17062873551858604,1.4816479930623698,0.30102999566398125,False,True,0.028634488076957995
fig2_only,116,a,348.0,383.0,10.0,500.0,100.0,1000.0,1.0,0.3010299956639812,10.0,2.0,False,True,True,0.17289581225742645,1.4816479930623698,0.30102999566398125,True,True,0.028732557430801994
fig2_only,117,a,348.0,383.0,20.0,500.0,100.0,1000.0,0.6989700043360189,0.3010299956639812,5.0,2.0,False,True,True,0.17485376811412698,1.3612359947967771,0.30102999566398125,True,True,0.02881487583272093
fig2_only,118,a,348.0,383.0,50.0,500.0,50.0,1000.0,0.0,0.3010299956639812,1.0,2.0,True,True,True,0.17640996549088495,1.3612359947967771,0.30102999566398125,True,True,0.028955309649900566
fig2_only,119,a,348.0,383.0,100.0,500.0,50.0,1000.0,0.3010299956639812,0.3010299956639812,2.0,2.0,True,True,True,0.17572667053317842,1.3612359947967771,0.30102999566398125,True,True,0.028926879509744593
fig2_only,120,a,348.0,383.0,0.1,1000.0,100.0,1000.0,3.0,0.0,1000.0,1.0,False,False,False,0.162320074380996,1.3612359947967771,0.30102999566398125,False,True,0.02850758881086965
fig2_only,121,a,348.0,383.0,0.2,1000.0,100.0,1000.0,2.6989700043360187,0.0,500.0,1.0,False,False,False,0.162349217395394,1.3612359947967771,0.30102999566398125,False,True,0.028509360587506187
fig2_only,122,a,348.0,383.0,0.5,1000.0,100.0,1000.0,2.3010299956639813,0.0,200.0,1.0,False,False,False,0.16239466816307616,1.3612359947967771,0.30102999566398125,False,True,0.028511981522907695
fig2_only,123,a,348.0,383.0,1.0,1000.0,100.0,1000.0,2.0,0.0,100.0,1.0,False,False,False,0.1624692653311483,1.3612359947967771,0.30102999566398125,False,True,0.02851598107796
fig2_only,124,a,348.0,383.0,2.0,1000.0,100.0,1000.0,1.6989700043360187,0.0,50.0,1.0,False,False,True,0.16280672824443962,1.3612359947967771,0.30102999566398125,False,True,0.02853324175210576
fig2_only,125,a,348.0,383.0,5.0,1000.0,100.0,1000.0,1.3010299956639813,0.0,20.0,1.0,False,True,True,0.1693288261381406,1.4816479930623698,0.30102999566398125,False,True,0.02862772903523683
fig2_only,126,a,348.0,383.0,10.0,1000.0,100.0,1000.0,1.0,0.0,10.0,1.0,False,True,True,0.17163859608388354,1.4816479930623698,0.30102999566398125,True,True,0.028730293889332598
fig2_only,127,a,348.0,383.0,20.0,1000.0,100.0,1000.0,0.6989700043360189,0.0,5.0,1.0,False,True,True,0.17363494990693257,1.3612359947967771,0.30102999566398125,True,True,0.02881648706644278
fig2_only,128,a,348.0,383.0,50.0,1000.0,50.0,1000.0,0.0,0.0,1.0,1.0,True,True,True,0.17521991391751618,1.3612359947967771,0.30102999566398125,True,True,0.02895977856366164
fig2_only,129,a,348.0,383.0,100.0,1000.0,50.0,1000.0,0.3010299956639812,0.0,2.0,1.0,True,True,True,0.17452316498837492,1.3612359947967771,0.30102999566398125,True,True,0.028930049489500734
fig2_only,130,b,363.0,383.0,0.1,0.1,0.1,0.1,0.0,0.0,1.0,1.0,True,True,True,0.4211584101979348,1.0,0.5397940008672036,True,True,0.041558185982101904
fig2_only,131,b,363.0,383.0,0.2,0.1,0.1,0.1,0.3010299956639812,0.0,2.0,1.0,True,True,True,0.3177365860549005,1.0,0.5397940008672036,True,True,0.042452577230855174
fig2_only,132,b,363.0,383.0,0.5,0.1,0.1,0.1,0.6989700043360187,0.0,5.0,1.0,False,True,True,0.3149662692279068,0.8795880017344074,0.6989700043360187,True,True,0.04239187133138089
fig2_only,133,b,363.0,383.0,1.0,0.1,0.1,0.1,1.0,0.0,10.0,1.0,False,True,True,0.23812747555165853,0.8795880017344074,0.6989700043360187,False,True,0.04254185506671146
fig2_only,134,b,363.0,383.0,2.0,0.1,0.1,0.1,1.3010299956639813,0.0,20.0,1.0,False,False,True,0.23474364409432597,0.8795880017344074,0.6989700043360187,False,True,0.04231745127208428
fig2_only,135,b,363.0,383.0,5.0,0.1,0.1,0.1,1.6989700043360187,0.0,50.0,1.0,False,False,False,0.15280766833155443,0.8795880017344074,0.6989700043360187,False,True,0.042130053141927776
fig2_only,136,b,363.0,383.0,10.0,0.1,0.1,0.1,2.0,0.0,100.0,1.0,False,False,False,0.15263544491928555,0.8795880017344074,0.6989700043360187,False,True,0.04210830966562044
fig2_only,137,b,363.0,383.0,20.0,0.1,10.0,0.1,0.3010299956639812,0.0,2.0,1.0,True,True,True,0.036553863933492775,0.4816479930623697,1.0,False,True,0.045602195843998425
fig2_only,138,b,363.0,383.0,50.0,0.1,10.0,0.1,0.6989700043360187,0.0,5.0,1.0,False,False,True,0.034859924035695,0.4816479930623697,1.0,False,True,0.04460627135441667
fig2_only,139,b,363.0,383.0,100.0,0.1,10.0,20.0,1.0,2.3010299956639813,10.0,200.0,False,False,False,0.1091636878555408,0.6020599913279624,0.8795880017344073,False,False,0.042537955474974895
fig2_only,140,b,363.0,383.0,0.1,0.2,0.1,0.1,0.0,0.3010299956639812,1.0,2.0,True,True,True,0.2982446076139379,1.0,0.5397940008672036,True,True,0.042586272616302955
fig2_only,141,b,363.0,383.0,0.2,0.2,0.1,0.1,0.3010299956639812,0.3010299956639812,2.0,2.0,True,True,True,0.29762481181217615,1.0,0.5397940008672036,True,True,0.042566029675798214
fig2_only,142,b,363.0,383.0,0.5,0.2,0.1,0.1,0.6989700043360187,0.3010299956639812,5.0,2.0,False,True,True,0.23658215125972681,0.8795880017344074,0.6989700043360187,True,True,0.042708637313796906
fig2_only,143,b,363.0,383.0,1.0,0.2,0.1,0.1,1.0,0.3010299956639812,10.0,2.0,False,True,True,0.23413174850072876,0.8795880017344074,0.6989700043360187,False,True,0.04254172040337656
fig2_only,144,b,363.0,383.0,2.0,0.2,0.1,0.1,1.3010299956639813,0.3010299956639812,20.0,2.0,False,False,True,0.1509059495367833,0.8795880017344074,0.6989700043360187,False,True,0.042375226930889236
fig2_only,145,b,363.0,383.0,5.0,0.2,0.1,0.1,1.6989700043360187,0.3010299956639812,50.0,2.0,False,False,False,0.14911606704691974,0.8795880017344074,0.6989700043360187,False,True,0.04213468396982287
fig2_only,146,b,363.0,383.0,10.0,0.2,5.0,0.1,0.3010299956639812,0.3010299956639812,2.0,2.0,True,True,True,0.05460761022582411,0.5397940008672037,1.0,True,True,0.04473908908752753
fig2_only,147,b,363.0,383.0,20.0,0.2,5.0,0.1,0.6020599913279624,0.3010299956639812,4.0,2.0,False,True,True,0.053565268533587854,0.5397940008672037,1.0,False,True,0.04431464292618226
fig2_only,148,b,363.0,383.0,50.0,0.2,5.0,10.0,1.0,1.6989700043360187,10.0,50.0,False,False,False,0.03409390314494476,2.419382002601611,0.48164799306236994,False,False,0.04456171026145209
fig2_only,149,b,363.0,383.0,100.0,0.2,5.0,10.0,1.3010299956639813,1.6989700043360187,20.0,50.0,False,False,False,0.03411407180815594,2.419382002601611,0.48164799306236994,False,False,0.044561788012371956
fig2_only,150,b,363.0,383.0,0.1,0.5,0.1,0.1,0.0,0.6989700043360187,1.0,5.0,False,True,True,0.1434666639021578,1.0,0.5397940008672036,True,False,0.042961162835917874
fig2_only,151,b,363.0,383.0,0.2,0.5,0.1,0.1,0.3010299956639812,0.6989700043360187,2.0,5.0,False,True,True,0.1432277726422642,1.0,0.5397940008672036,True,False,0.04292360256826109
fig2_only,152,b,363.0,383.0,0.5,0.5,2.0,0.2,0.6020599913279624,0.3979400086720376,4.0,2.5,False,True,True,0.12113080441750072,1.759176003468815,1.0,True,True,0.044666360642952256
fig2_only,153,b,363.0,383.0,1.0,0.5,2.0,0.2,0.3010299956639812,0.3979400086720376,2.0,2.5,True,True,True,0.12207865739456568,1.759176003468815,1.0,True,True,0.044840669850303876
fig2_only,154,b,363.0,383.0,2.0,0.5,2.0,0.2,0.0,0.3979400086720376,1.0,2.5,True,True,True,0.12287921566746074,1.759176003468815,1.0,True,True,0.04498787503132664
fig2_only,155,b,363.0,383.0,5.0,0.5,10.0,0.1,0.3010299956639812,0.6989700043360187,2.0,5.0,False,True,True,0.050338496079504275,0.4816479930623697,1.0,True,True,0.04552578348646379
fig2_only,156,b,363.0,383.0,10.0,0.5,10.0,0.1,0.0,0.6989700043360187,1.0,5.0,False,True,True,0.05063563952439701,0.7204119982655923,1.0,True,True,0.04565768727584359
fig2_only,157,b,363.0,383.0,20.0,0.5,10.0,0.1,0.3010299956639812,0.6989700043360187,2.0,5.0,False,True,True,0.05009464188152791,0.5397940008672037,1.0,False,True,0.045411382135914044
fig2_only,158,b,363.0,383.0,50.0,0.5,5.0,10.0,1.0,1.3010299956639813,10.0,20.0,False,False,False,0.07187094497786055,2.019382002601611,0.4816479930623697,False,False,0.04457145971806509
fig2_only,159,b,363.0,383.0,100.0,0.5,5.0,10.0,1.3010299956639813,1.3010299956639813,20.0,20.0,False,False,False,0.0718906884202518,2.019382002601611,0.4816479930623697,False,False,0.04457145123142303
fig2_only,160,b,363.0,383.0,0.1,1.0,10.0,0.1,2.0,1.0,100.0,10.0,False,False,False,0.042451513504793634,0.4816479930623697,1.0,False,True,0.04448693538208435
fig2_only,161,b,363.0,383.0,0.2,1.0,10.0,0.1,1.6989700043360187,1.0,50.0,10.0,False,False,False,0.042461161116947116,0.4816479930623697,1.0,False,True,0.04449759763335278
fig2_only,162,b,363.0,383.0,0.5,1.0,10.0,0.1,1.3010299956639813,1.0,20.0,10.0,False,False,False,0.04249695542052222,0.4816479930623697,1.0,False,True,0.0445211637665657
fig2_only,163,b,363.0,383.0,1.0,1.0,10.0,0.1,1.0,1.0,10.0,10.0,False,False,False,0.04257743746527979,0.4816479930623697,1.0,False,True,0.044564149729917304
fig2_only,164,b,363.0,383.0,2.0,1.0,10.0,0.1,0.6989700043360189,1.0,5.0,10.0,False,True,True,0.04289514567137745,0.4816479930623697,1.0,False,True,0.044725620526094766
fig2_only,165,b,363.0,383.0,5.0,1.0,10.0,0.5,0.3010299956639812,0.3010299956639812,2.0,2.0,True,True,True,0.02992822746722975,0.6020599913279624,1.0,True,True,0.04686067406224324
fig2_only,166,b,363.0,383.0,10.0,1.0,10.0,0.5,0.0,0.3010299956639812,1.0,2.0,True,True,True,0.03009754990622929,0.6020599913279624,1.0,True,True,0.04699381057639575
fig2_only,167,b,363.0,383.0,20.0,1.0,10.0,0.5,0.3010299956639812,0.3010299956639812,2.0,2.0,True,True,True,0.029785174982610945,0.6020599913279624,1.0,True,True,0.046745830478570685
fig2_only,168,b,363.0,383.0,50.0,1.0,10.0,0.5,0.6989700043360187,0.3010299956639812,5.0,2.0,False,False,True,0.028627997320194217,0.6020599913279624,1.0,False,True,0.045919489846525816
fig2_only,169,b,363.0,383.0,100.0,1.0,10.0,0.5,1.0,0.3010299956639812,10.0,2.0,False,False,False,0.028336180172035434,0.6020599913279624,1.0,False,True,0.04576815564724898
fig2_only,170,b,363.0,383.0,0.1,2.0,10.0,2.0,2.0,0.0,100.0,1.0,False,False,False,0.0315882273593375,0.48164799306236994,1.1806179973983888,False,True,0.05170428424612055
fig2_only,171,b,363.0,383.0,0.2,2.0,10.0,2.0,1.6989700043360187,0.0,50.0,1.0,False,False,False,0.03161944991770076,0.48164799306236994,1.1806179973983888,False,True,0.05171955217114765
fig2_only,172,b,363.0,383.0,0.5,2.0,20.0,2.0,1.6020599913279623,0.0,40.0,1.0,False,False,False,0.03618812373144949,0.48164799306236994,1.1806179973983888,False,True,0.05369790209585515
fig2_only,173,b,363.0,383.0,1.0,2.0,20.0,2.0,1.3010299956639813,0.0,20.0,1.0,False,False,False,0.03622264425195712,0.48164799306236994,1.1806179973983888,False,True,0.05373255065687225
fig2_only,174,b,363.0,383.0,2.0,2.0,20.0,2.0,1.0,0.0,10.0,1.0,False,False,True,0.11978797528745232,0.8795880017344074,1.1806179973983888,False,True,0.053875577616761657
fig2_only,175,b,363.0,383.0,5.0,2.0,20.0,2.0,0.6020599913279624,0.0,4.0,1.0,False,True,True,0.12395877165292198,0.8795880017344074,1.1806179973983888,False,True,0.05470265548297915
fig2_only,176,b,363.0,383.0,10.0,2.0,50.0,1.0,0.6989700043360189,0.3010299956639812,5.0,2.0,False,False,True,0.11188279243484334,0.30102999566398125,1.1806179973983886,False,False,0.05950528742212455
fig2_only,177,b,363.0,383.0,20.0,2.0,50.0,1.0,0.3979400086720376,0.3010299956639812,2.5,2.0,True,True,True,0.11357281655292738,0.30102999566398125,1.1806179973983886,False,False,0.0599394129345536
fig2_only,178,b,363.0,383.0,50.0,2.0,10.0,5.0,0.6989700043360187,0.3979400086720376,5.0,2.5,False,True,True,0.1296210833847168,2.1806179973983886,0.30102999566398114,False,False,0.04645564920158301
fig2_only,179,b,363.0,383.0,100.0,2.0,10.0,5.0,1.0,0.3979400086720376,10.0,2.5,False,False,False,0.12942585341978682,2.1806179973983886,0.30102999566398114,False,False,0.04643083044776619
fig2_only,180,b,363.0,383.0,0.1,5.0,50.0,0.1,2.6989700043360187,1.6989700043360187,500.0,50.0,False,False,False,0.11260007438584149,0.8795880017344074,1.1806179973983888,False,False,0.06312859001656061
fig2_only,181,b,363.0,383.0,0.2,5.0,50.0,0.1,2.3979400086720375,1.6989700043360187,250.0,50.0,False,False,False,0.11251373567466241,0.8795880017344074,1.1806179973983888,False,False,0.06313089186287278
fig2_only,182,b,363.0,383.0,0.5,5.0,50.0,2.0,2.0,0.3979400086720376,100.0,2.5,False,False,False,0.11030463984179568,0.30102999566398125,1.1806179973983886,False,False,0.05516150995305183
fig2_only,183,b,363.0,383.0,1.0,5.0,50.0,2.0,1.6989700043360187,0.3979400086720376,50.0,2.5,False,False,False,0.11025395092863645,0.30102999566398125,1.1806179973983886,False,False,0.055163702298754114
fig2_only,184,b,363.0,383.0,2.0,5.0,50.0,2.0,1.3979400086720377,0.3979400086720376,25.0,2.5,False,False,False,0.11021285686876273,0.30102999566398125,1.1806179973983886,False,False,0.055168132364857625
fig2_only,185,b,363.0,383.0,5.0,5.0,50.0,2.0,1.0,0.3979400086720376,10.0,2.5,False,False,False,0.14916817040703684,0.30102999566398125,1.1806179973983886,False,False,0.05519539073953911
fig2_only,186,b,363.0,383.0,10.0,5.0,50.0,2.0,0.6989700043360189,0.3979400086720376,5.0,2.5,False,False,False,0.14934537116288313,0.30102999566398125,1.1806179973983886,False,False,0.05522476481201248
fig2_only,187,b,363.0,383.0,20.0,5.0,50.0,2.0,0.3979400086720376,0.3979400086720376,2.5,2.5,True,True,True,0.15005214042673795,0.30102999566398125,1.1806179973983886,False,False,0.0553454912726282
fig2_only,188,b,363.0,383.0,50.0,5.0,10.0,5.0,0.6989700043360187,0.0,5.0,1.0,False,True,True,0.11332008564575682,1.48164799306237,0.30102999566398114,False,True,0.04660808915975088
fig2_only,189,b,363.0,383.0,100.0,5.0,10.0,5.0,1.0,0.0,10.0,1.0,False,False,False,0.11257248409947551,1.48164799306237,0.30102999566398114,False,True,0.04647016098092783
fig2_only,190,b,363.0,383.0,0.1,10.0,100.0,1.0,3.0,1.0,1000.0,10.0,False,False,False,0.14800848338994108,0.30102999566398125,1.1806179973983888,False,False,0.05481771446285994
fig2_only,191,b,363.0,383.0,0.2,10.0,100.0,1.0,2.6989700043360187,1.0,500.0,10.0,False,False,False,0.1479338942979907,0.30102999566398125,1.1806179973983888,False,False,0.05481913920257844
fig2_only,192,b,363.0,383.0,0.5,10.0,100.0,1.0,2.3010299956639813,1.0,200.0,10.0,False,False,False,0.14785610275078748,0.30102999566398125,1.1806179973983888,False,False,0.05482095961688274
fig2_only,193,b,363.0,383.0,1.0,10.0,100.0,1.0,2.0,1.0,100.0,10.0,False,False,False,0.14780416309237848,0.30102999566398125,1.1806179973983888,False,False,0.05482257882765433
fig2_only,194,b,363.0,383.0,2.0,10.0,100.0,1.0,1.6989700043360187,1.0,50.0,10.0,False,False,False,0.14775830262434742,0.30102999566398125,1.1806179973983888,False,False,0.054824542782340925
fig2_only,195,b,363.0,383.0,5.0,10.0,10.0,5.0,0.3010299956639812,0.3010299956639812,2.0,2.0,True,True,True,0.10413396959767271,1.2387640052032223,0.30102999566398114,True,True,0.04748444966245535
fig2_only,196,b,363.0,383.0,10.0,10.0,10.0,5.0,0.0,0.3010299956639812,1.0,2.0,True,True,True,0.10472814506814537,1.2387640052032223,0.30102999566398114,True,True,0.04761836370503179
fig2_only,197,b,363.0,383.0,20.0,10.0,10.0,5.0,0.3010299956639812,0.3010299956639812,2.0,2.0,True,True,True,0.10360136854157748,1.2387640052032223,0.30102999566398114,True,True,0.047369948285394606
fig2_only,198,b,363.0,383.0,50.0,10.0,10.0,5.0,0.6989700043360187,0.3010299956639812,5.0,2.0,False,True,True,0.09997441062405868,1.7806179973983887,0.30102999566398114,False,True,0.046572504993434787
fig2_only,199,b,363.0,383.0,100.0,10.0,10.0,5.0,1.0,0.3010299956639812,10.0,2.0,False,False,True,0.09942081163747123,1.2387640052032223,0.30102999566398114,False,True,0.04645706501150008
fig2_only,200,b,363.0,383.0,0.1,20.0,10.0,5.0,2.0,0.6020599913279624,100.0,4.0,False,False,True,0.07687369916656937,1.2387640052032223,0.4816479930623697,False,False,0.046432333828292975
fig2_only,201,b,363.0,383.0,0.2,20.0,10.0,5.0,1.6989700043360187,0.6020599913279624,50.0,4.0,False,False,True,0.07689941381275214,1.2387640052032223,0.4816479930623697,False,False,0.04644033649812911
fig2_only,202,b,363.0,383.0,0.5,20.0,10.0,5.0,1.3010299956639813,0.6020599913279624,20.0,4.0,False,False,False,0.07697304776072253,1.2387640052032223,0.4816479930623697,False,False,0.046460997638054155
fig2_only,203,b,363.0,383.0,1.0,20.0,10.0,5.0,1.0,0.6020599913279624,10.0,4.0,False,False,True,0.07712222296176235,2.019382002601611,0.30102999566398114,True,False,0.04650198694589649
fig2_only,204,b,363.0,383.0,2.0,20.0,10.0,5.0,0.6989700043360189,0.6020599913279624,5.0,4.0,False,True,True,0.07769109166366461,2.019382002601611,0.30102999566398114,True,False,0.0466628048828188
fig2_only,205,b,363.0,383.0,5.0,20.0,5.0,10.0,0.0,0.3010299956639812,1.0,2.0,True,True,True,0.047729664208155616,2.260205999132796,0.48164799306236994,True,True,0.045519371329950126
fig2_only,206,b,363.0,383.0,10.0,20.0,5.0,10.0,0.3010299956639812,0.3010299956639812,2.0,2.0,True,True,True,0.04754677614491808,2.260205999132796,0.48164799306236994,True,True,0.04541343583388293
fig2_only,207,b,363.0,383.0,20.0,20.0,5.0,10.0,0.6020599913279624,0.3010299956639812,4.0,2.0,False,True,True,0.04690353764789133,2.260205999132796,0.48164799306236994,True,True,0.04510380566023124
fig2_only,208,b,363.0,383.0,50.0,20.0,5.0,10.0,1.0,0.3010299956639812,10.0,2.0,False,True,True,0.04597863740939722,2.260205999132796,0.48164799306236994,False,True,0.044649328612574396
fig2_only,209,b,363.0,383.0,100.0,20.0,5.0,10.0,1.3010299956639813,0.3010299956639812,20.0,2.0,False,False,False,0.04590275818743974,2.260205999132796,0.48164799306236994,False,True,0.04460367797618822
fig2_only,210,b,363.0,383.0,0.1,50.0,10.0,50.0,2.0,0.0,100.0,1.0,False,False,False,0.05510785641106429,0.840823996531185,0.6989700043360187,False,True,0.04037403972051609
fig2_only,211,b,363.0,383.0,0.2,50.0,10.0,50.0,1.6989700043360187,0.0,50.0,1.0,False,False,False,0.055128612043153245,0.840823996531185,0.6989700043360187,False,True,0.040380793443785805
fig2_only,212,b,363.0,383.0,0.5,50.0,10.0,50.0,1.3010299956639813,0.0,20.0,1.0,False,False,False,0.055185211657764764,0.840823996531185,0.6989700043360187,False,True,0.04039826016124625
fig2_only,213,b,363.0,383.0,1.0,50.0,10.0,50.0,1.0,0.0,10.0,1.0,False,False,True,0.055296455715943105,0.6020599913279624,0.6989700043360187,False,True,0.04043291779040239
fig2_only,214,b,363.0,383.0,2.0,50.0,10.0,50.0,0.6989700043360189,0.0,5.0,1.0,False,True,True,0.055709068130493235,0.840823996531185,0.6989700043360187,False,True,0.04056880560063751
fig2_only,215,b,363.0,383.0,5.0,50.0,10.0,50.0,0.3010299956639812,0.0,2.0,1.0,True,True,True,0.053170922427524595,0.840823996531185,0.6989700043360187,True,True,0.04104550154488943
fig2_only,216,b,363.0,383.0,10.0,50.0,10.0,50.0,0.0,0.0,1.0,1.0,True,True,True,0.05337897305011362,0.840823996531185,0.6989700043360187,True,True,0.04113031545350604
fig2_only,217,b,363.0,383.0,20.0,50.0,10.0,50.0,0.3010299956639812,0.0,2.0,1.0,True,True,True,0.05295533047415325,0.840823996531185,0.6989700043360187,True,True,0.0409720073610711
fig2_only,218,b,363.0,383.0,50.0,50.0,10.0,50.0,0.6989700043360187,0.0,5.0,1.0,False,True,True,0.0515433384745964,0.840823996531185,0.6989700043360187,False,True,0.040459243883771125
fig2_only,219,b,363.0,383.0,100.0,50.0,10.0,50.0,1.0,0.0,10.0,1.0,False,False,False,0.05129375946078793,0.840823996531185,0.6989700043360187,False,True,0.04038358297543907
fig2_only,220,b,363.0,383.0,0.1,100.0,2.0,1000.0,1.3010299956639813,1.0,20.0,10.0,False,False,False,0.014229109780633048,2.578558006070426,0.30102999566398125,False,False,0.034719575871784314
fig2_only,221,b,363.0,383.0,0.2,100.0,2.0,1000.0,1.0,1.0,10.0,10.0,False,False,False,0.014274193244260111,2.578558006070426,0.30102999566398125,True,False,0.03478232657173104
fig2_only,222,b,363.0,383.0,0.5,100.0,2.0,1000.0,0.6020599913279624,1.0,4.0,10.0,False,False,False,0.014345696561712636,2.578558006070426,0.30102999566398125,True,False,0.034882997681602086
fig2_only,223,b,363.0,383.0,1.0,100.0,2.0,1000.0,0.3010299956639812,1.0,2.0,10.0,False,False,False,0.014410575750480359,2.578558006070426,0.30102999566398125,True,False,0.03497811327649074
fig2_only,224,b,363.0,383.0,2.0,100.0,2.0,1000.0,0.0,1.0,1.0,10.0,False,False,False,0.014451855037635634,2.578558006070426,0.30102999566398125,True,False,0.035057802938600946
fig2_only,225,b,363.0,383.0,5.0,100.0,2.0,1000.0,0.3979400086720376,1.0,2.5,10.0,False,False,False,0.014260701976255133,2.578558006070426,0.30102999566398125,True,False,0.0348133873389395
fig2_only,226,b,363.0,383.0,10.0,100.0,2.0,1000.0,0.6989700043360187,1.0,5.0,10.0,False,False,False,0.014193418284533937,2.578558006070426,0.30102999566398125,True,False,0.034712503336501596
fig2_only,227,b,363.0,383.0,20.0,100.0,2.0,1000.0,1.0,1.0,10.0,10.0,False,False,False,0.014141932284046307,2.578558006070426,0.30102999566398125,True,False,0.03464094144922944
fig2_only,228,b,363.0,383.0,50.0,100.0,2.0,1000.0,1.3979400086720375,1.0,25.0,10.0,False,False,False,0.014114854308933644,2.578558006070426,0.30102999566398125,True,False,0.034594067007708104
fig2_only,229,b,363.0,383.0,100.0,100.0,2.0,1000.0,1.6989700043360187,1.0,50.0,10.0,False,False,False,0.014117711819197411,2.578558006070426,0.30102999566398125,False,False,0.03459168624369493
fig2_only,230,b,363.0,383.0,0.1,200.0,10.0,1000.0,2.0,0.6989700043360189,100.0,5.0,False,False,False,0.13868853398446795,0.840823996531185,0.6989700043360187,False,True,0.03198059293871905
fig2_only,231,b,363.0,383.0,0.2,200.0,10.0,1000.0,1.6989700043360187,0.6989700043360189,50.0,5.0,False,False,False,0.1387418459506754,0.840823996531185,0.6989700043360187,False,True,0.031986072033730294
fig2_only,232,b,363.0,383.0,0.5,200.0,10.0,1000.0,1.3010299956639813,0.6989700043360189,20.0,5.0,False,False,False,0.13888528255171784,0.840823996531185,0.6989700043360187,False,True,0.032000279471241726
fig2_only,233,b,363.0,383.0,1.0,200.0,10.0,1000.0,1.0,0.6989700043360189,10.0,5.0,False,False,False,0.13917178733578006,0.840823996531185,0.6989700043360187,False,True,0.03202851817563229
fig2_only,234,b,363.0,383.0,2.0,200.0,10.0,1000.0,0.6989700043360189,0.6989700043360189,5.0,5.0,False,False,True,0.14027952951879138,0.840823996531185,0.6989700043360187,False,True,0.03213936637370787
fig2_only,235,b,363.0,383.0,5.0,200.0,10.0,1000.0,0.3010299956639812,0.6989700043360189,2.0,5.0,False,True,True,0.1440812764045637,1.0795880017344073,0.5397940008672037,True,False,0.03252599046713471
fig2_only,236,b,363.0,383.0,10.0,200.0,10.0,1000.0,0.0,0.6989700043360189,1.0,5.0,False,True,True,0.1447527077124322,1.0795880017344073,0.5397940008672037,True,False,0.03259501934738009
fig2_only,237,b,363.0,383.0,20.0,200.0,10.0,1000.0,0.3010299956639812,0.6989700043360189,2.0,5.0,False,True,True,0.14347128781349572,1.0795880017344073,0.5397940008672037,True,False,0.03246641415432281
fig2_only,238,b,363.0,383.0,50.0,200.0,10.0,1000.0,0.6989700043360187,0.6989700043360189,5.0,5.0,False,True,True,0.139315473064768,0.840823996531185,0.6989700043360187,False,True,0.03204919302108246
fig2_only,239,b,363.0,383.0,100.0,200.0,10.0,1000.0,1.0,0.6989700043360189,10.0,5.0,False,False,False,0.13866591452011232,0.840823996531185,0.6989700043360187,False,True,0.031987048986927946
fig2_only,240,b,363.0,383.0,0.1,500.0,10.0,1000.0,2.0,0.3010299956639812,100.0,2.0,False,False,False,0.21375636861197295,0.840823996531185,0.6989700043360187,False,True,0.03196613017128826
fig2_only,241,b,363.0,383.0,0.2,500.0,10.0,1000.0,1.6989700043360187,0.3010299956639812,50.0,2.0,False,False,False,0.21384051375658505,0.840823996531185,0.6989700043360187,False,True,0.03196985004068602
fig2_only,242,b,363.0,383.0,0.5,500.0,10.0,1000.0,1.3010299956639813,0.3010299956639812,20.0,2.0,False,False,False,0.21407260216961307,0.840823996531185,0.6989700043360187,False,True,0.031978995388969485
fig2_only,243,b,363.0,383.0,1.0,500.0,10.0,1000.0,1.0,0.3010299956639812,10.0,2.0,False,False,True,0.2145448600903052,0.8408239965311847,0.6989700043360187,False,True,0.03199660609903314
fig2_only,244,b,363.0,383.0,2.0,500.0,10.0,1000.0,0.6989700043360189,0.3010299956639812,5.0,2.0,False,True,True,0.21640468158868215,0.8408239965311847,0.6989700043360187,False,True,0.03206411975676628
fig2_only,245,b,363.0,383.0,5.0,500.0,10.0,1000.0,0.3010299956639812,0.3010299956639812,2.0,2.0,True,True,True,0.22292168135210783,1.0795880017344073,0.5397940008672037,True,True,0.03229021693501013
fig2_only,246,b,363.0,383.0,10.0,500.0,10.0,1000.0,0.0,0.3010299956639812,1.0,2.0,True,True,True,0.22409337601998677,1.0795880017344073,0.5397940008672037,True,True,0.03232897249834994
fig2_only,247,b,363.0,383.0,20.0,500.0,10.0,1000.0,0.3010299956639812,0.3010299956639812,2.0,2.0,True,True,True,0.22190058376580216,1.1806179973983888,0.5397940008672037,True,True,0.032255350837284875
fig2_only,248,b,363.0,383.0,50.0,500.0,10.0,1000.0,0.6989700043360187,0.3010299956639812,5.0,2.0,False,True,True,0.2148410787577405,0.840823996531185,0.6989700043360187,False,True,0.03200852970005343
fig2_only,249,b,363.0,383.0,100.0,500.0,10.0,1000.0,1.0,0.3010299956639812,10.0,2.0,False,False,False,0.21377174490071388,0.840823996531185,0.6989700043360187,False,True,0.031970415497515975
fig2_only,250,b,363.0,383.0,0.1,1000.0,10.0,1000.0,2.0,0.0,100.0,1.0,False,False,False,0.20422547081794568,0.840823996531185,0.6989700043360187,False,True,0.03195655213155577
fig2_only,251,b,363.0,383.0,0.2,1000.0,10.0,1000.0,1.6989700043360187,0.0,50.0,1.0,False,False,False,0.20430813205283088,0.840823996531185,0.6989700043360187,False,True,0.031960738717296475
fig2_only,252,b,363.0,383.0,0.5,1000.0,10.0,1000.0,1.3010299956639813,0.0,20.0,1.0,False,False,False,0.20453596427180404,0.840823996531185,0.6989700043360187,False,True,0.03197122698391168
fig2_only,253,b,363.0,383.0,1.0,1000.0,10.0,1000.0,1.0,0.0,10.0,1.0,False,False,True,0.20499934713017737,0.8408239965311847,0.6989700043360187,False,True,0.03199165513537581
fig2_only,254,b,363.0,383.0,2.0,1000.0,10.0,1000.0,0.6989700043360189,0.0,5.0,1.0,False,True,True,0.20682379190383643,0.8408239965311847,0.6989700043360187,False,True,0.03207062240886163
fig2_only,255,b,363.0,383.0,5.0,1000.0,10.0,1000.0,0.3010299956639812,0.0,2.0,1.0,True,True,True,0.21517587412515862,1.0795880017344073,0.5397940008672037,True,True,0.03232900204057053
fig2_only,256,b,363.0,383.0,10.0,1000.0,10.0,1000.0,0.0,0.0,1.0,1.0,True,True,True,0.21633731152906382,1.0795880017344073,0.5397940008672037,True,True,0.03237427660571976
fig2_only,257,b,363.0,383.0,20.0,1000.0,10.0,1000.0,0.3010299956639812,0.0,2.0,1.0,True,True,True,0.2141634146512738,1.1806179973983888,0.5397940008672037,True,True,0.0322887978645975
fig2_only,258,b,363.0,383.0,50.0,1000.0,10.0,1000.0,0.6989700043360187,0.0,5.0,1.0,False,True,True,0.20717217954664363,0.840823996531185,0.6989700043360187,False,True,0.032004684326434725
fig2_only,259,b,363.0,383.0,100.0,1000.0,10.0,1000.0,1.0,0.0,10.0,1.0,False,False,False,0.2061137449650814,0.840823996531185,0.6989700043360187,False,True,0.031961241016159825
fig2_only,260,c,373.0,383.0,0.1,0.1,0.1,0.1,0.0,0.0,1.0,1.0,True,True,True,0.5362602767397654,0.8795880017344074,0.6989700043360187,True,True,0.04059759381878742
fig2_only,261,c,373.0,383.0,0.2,0.1,0.1,0.1,0.3010299956639812,0.0,2.0,1.0,True,True,True,0.38052594469249146,0.8795880017344074,0.6989700043360187,True,True,0.04203392867773148
fig2_only,262,c,373.0,383.0,0.5,0.1,0.1,0.1,0.6989700043360187,0.0,5.0,1.0,False,True,True,0.23555809284862297,0.8795880017344074,0.6989700043360187,True,True,0.0423315144541352
fig2_only,263,c,373.0,383.0,1.0,0.1,0.2,1.0,0.6989700043360187,1.0,5.0,10.0,False,True,True,0.20601065576466512,0.8795880017344075,0.8795880017344075,True,False,0.04529992024754652
fig2_only,264,c,373.0,383.0,2.0,0.1,2.0,2.0,0.0,1.3010299956639813,1.0,20.0,False,False,True,0.2669104908391907,1.2387640052032225,1.1806179973983888,True,False,0.05061162097257356
fig2_only,265,c,373.0,383.0,5.0,0.1,2.0,2.0,0.3979400086720376,1.3010299956639813,2.5,20.0,False,False,True,0.26426007275253544,1.2387640052032225,1.1806179973983888,True,False,0.050391859408102244
fig2_only,266,c,373.0,383.0,10.0,0.1,5.0,2.0,0.3010299956639812,1.3010299956639813,2.0,20.0,False,False,True,0.41593334360670114,0.8795880017344075,1.1806179973983888,False,False,0.04901239669354293
fig2_only,267,c,373.0,383.0,20.0,0.1,10.0,2.0,0.3010299956639812,1.3010299956639813,2.0,20.0,False,True,True,0.13591351003759256,2.1806179973983886,1.6989700043360187,True,True,0.04853090493600423
fig2_only,268,c,373.0,383.0,50.0,0.1,200.0,0.2,0.6020599913279624,0.3010299956639812,4.0,2.0,False,False,True,0.06632065156346055,0.7591760034688146,1.3010299956639813,False,True,0.03294060198788411
fig2_only,269,c,373.0,383.0,100.0,0.1,1000.0,50.0,1.0,2.6989700043360187,10.0,500.0,False,False,False,0.03221083498051024,0.8795880017344073,0.7204119982655923,False,False,0.02115231292391885
fig2_only,270,c,373.0,383.0,0.1,0.2,0.1,0.1,0.0,0.3010299956639812,1.0,2.0,True,True,True,0.4660502702750816,0.8795880017344074,0.6989700043360187,True,True,0.04138486332707182
fig2_only,271,c,373.0,383.0,0.2,0.2,0.1,0.1,0.3010299956639812,0.3010299956639812,2.0,2.0,True,True,True,0.41157685029970337,0.8795880017344074,0.6989700043360187,True,True,0.04182161936314309
fig2_only,272,c,373.0,383.0,0.5,0.2,0.1,0.1,0.6989700043360187,0.3010299956639812,5.0,2.0,False,True,True,0.31747825708373434,0.8795880017344074,0.6989700043360187,True,True,0.04215893014656684
fig2_only,273,c,373.0,383.0,1.0,0.2,0.1,0.1,1.0,0.3010299956639812,10.0,2.0,False,True,True,0.21311908902446536,0.8795880017344074,0.6989700043360187,False,True,0.042087959213992325
fig2_only,274,c,373.0,383.0,2.0,0.2,1.0,0.2,0.3010299956639812,0.0,2.0,1.0,True,True,True,0.20366105213391594,0.8795880017344075,0.8795880017344075,False,True,0.04417945697493522
fig2_only,275,c,373.0,383.0,5.0,0.2,2.0,2.0,0.3979400086720376,1.0,2.5,10.0,False,True,True,0.2650576718148044,1.2387640052032225,1.1806179973983888,True,True,0.05046654427544367
fig2_only,276,c,373.0,383.0,10.0,0.2,5.0,2.0,0.3010299956639812,1.0,2.0,10.0,False,True,True,0.3908506865259009,0.8795880017344075,1.1806179973983888,False,True,0.04909900135332299
fig2_only,277,c,373.0,383.0,20.0,0.2,10.0,2.0,0.3010299956639812,1.0,2.0,10.0,False,True,True,0.12133844414179762,2.1806179973983886,1.6989700043360187,True,True,0.04867295731852473
fig2_only,278,c,373.0,383.0,50.0,0.2,200.0,2.0,0.6020599913279624,1.0,4.0,10.0,False,True,True,0.05939640314297006,2.48164799306237,1.8795880017344075,True,True,0.030218942766281478
fig2_only,279,c,373.0,383.0,100.0,0.2,1000.0,50.0,1.0,2.3979400086720375,10.0,250.0,False,False,False,0.013415339449969041,0.8795880017344073,0.6989700043360187,False,False,0.021154821657489848
fig2_only,280,c,373.0,383.0,0.1,0.5,0.1,0.1,0.0,0.6989700043360187,1.0,5.0,False,True,True,0.26992606355190185,0.8795880017344074,0.6989700043360187,True,True,0.04236446478687891
fig2_only,281,c,373.0,383.0,0.2,0.5,0.1,0.1,0.3010299956639812,0.6989700043360187,2.0,5.0,False,True,True,0.2281965726340076,0.8795880017344074,0.6989700043360187,True,True,0.04237641202257822
fig2_only,282,c,373.0,383.0,0.5,0.5,0.5,1.0,0.0,0.3010299956639812,1.0,2.0,True,True,True,0.2094373727529907,1.1806179973983888,0.8795880017344075,True,True,0.045814889263571294
fig2_only,283,c,373.0,383.0,1.0,0.5,0.5,1.0,0.3010299956639812,0.3010299956639812,2.0,2.0,True,True,True,0.20879752500338794,1.1806179973983888,0.8795880017344075,True,True,0.04575389517628162
fig2_only,284,c,373.0,383.0,2.0,0.5,2.0,2.0,0.0,0.6020599913279624,1.0,4.0,False,True,True,0.26387750776890156,1.2387640052032225,1.1806179973983888,True,True,0.05102813172515764
fig2_only,285,c,373.0,383.0,5.0,0.5,5.0,2.0,0.0,0.6020599913279624,1.0,4.0,False,True,True,0.3820054400951055,1.2387640052032225,0.840823996531185,True,True,0.049827593631873945
fig2_only,286,c,373.0,383.0,10.0,0.5,10.0,2.0,0.0,0.6020599913279624,1.0,4.0,False,True,True,0.10205880251936544,2.1806179973983886,1.6989700043360187,True,True,0.04960923234467603
fig2_only,287,c,373.0,383.0,20.0,0.5,10.0,2.0,0.3010299956639812,0.6020599913279624,2.0,4.0,False,True,True,0.09921365373172611,2.1806179973983886,1.6989700043360187,True,True,0.048910201025300935
fig2_only,288,c,373.0,383.0,50.0,0.5,0.5,10.0,2.0,1.3010299956639813,100.0,20.0,False,False,True,0.03420207054206939,2.8795880017344073,1.8795880017344075,True,True,0.04616773444159558
fig2_only,289,c,373.0,383.0,100.0,0.5,200.0,20.0,0.3010299956639812,1.6020599913279623,2.0,40.0,False,False,False,0.004449688647453457,1.1806179973983888,0.6989700043360187,True,False,0.023270187787936946
fig2_only,290,c,373.0,383.0,0.1,1.0,1.0,1.0,1.0,0.0,10.0,1.0,False,False,True,0.2082775761480332,0.840823996531185,0.8795880017344075,False,True,0.04568279041098189
fig2_only,291,c,373.0,383.0,0.2,1.0,2.0,1.0,1.0,0.0,10.0,1.0,False,True,True,0.20905081487222832,1.1806179973983888,1.1806179973983888,True,True,0.04613245172002172
fig2_only,292,c,373.0,383.0,0.5,1.0,2.0,1.0,0.6020599913279624,0.0,4.0,1.0,False,True,True,0.21135022822097488,1.1806179973983888,1.1806179973983888,True,True,0.04636466746156647
fig2_only,293,c,373.0,383.0,1.0,1.0,2.0,2.0,0.3010299956639812,0.3010299956639812,2.0,2.0,True,True,True,0.26871937398285883,1.2387640052032225,1.1806179973983888,True,True,0.051119174912411164
fig2_only,294,c,373.0,383.0,2.0,1.0,5.0,2.0,0.3979400086720376,0.3010299956639812,2.5,2.0,True,True,True,0.38557254092282656,1.2387640052032225,1.1806179973983888,True,True,0.04943636784470523
fig2_only,295,c,373.0,383.0,5.0,1.0,5.0,2.0,0.0,0.3010299956639812,1.0,2.0,True,True,True,0.40101543896400865,1.2387640052032225,0.840823996531185,True,True,0.0501534338338227
fig2_only,296,c,373.0,383.0,10.0,1.0,10.0,2.0,0.0,0.3010299956639812,1.0,2.0,True,True,True,0.09802505626125757,2.1806179973983886,1.6989700043360187,True,True,0.05011270572500892
fig2_only,297,c,373.0,383.0,20.0,1.0,50.0,0.5,0.3979400086720376,0.3010299956639812,2.5,2.0,True,True,True,0.02530713491978143,2.578558006070426,1.8795880017344075,True,True,0.040092059159798896
fig2_only,298,c,373.0,383.0,50.0,1.0,50.0,0.5,0.0,0.3010299956639812,1.0,2.0,True,True,True,0.026366336213494317,2.578558006070426,1.8795880017344075,True,True,0.040486011827145944
fig2_only,299,c,373.0,383.0,100.0,1.0,100.0,20.0,0.0,1.3010299956639813,1.0,20.0,False,False,False,0.0184132343420656,1.1806179973983886,0.30102999566398125,True,False,0.025027340315685015
fig2_only,300,c,373.0,383.0,0.1,2.0,1.0,2.0,1.0,0.0,10.0,1.0,False,True,True,0.22680673427200773,1.1806179973983888,0.840823996531185,False,True,0.05144577016172616
fig2_only,301,c,373.0,383.0,0.2,2.0,2.0,2.0,1.0,0.0,10.0,1.0,False,False,True,0.29119842963189396,1.2387640052032225,1.1806179973983888,False,True,0.05077061931072729
fig2_only,302,c,373.0,383.0,0.5,2.0,2.0,2.0,0.6020599913279624,0.0,4.0,1.0,False,True,True,0.29529394067245474,1.2387640052032225,1.1806179973983888,True,True,0.05107236570698048
fig2_only,303,c,373.0,383.0,1.0,2.0,5.0,2.0,0.6989700043360189,0.0,5.0,1.0,False,True,True,0.36831980778178325,0.8795880017344075,1.1806179973983888,True,True,0.04917935081397763
fig2_only,304,c,373.0,383.0,2.0,2.0,10.0,0.1,0.6989700043360189,1.3010299956639813,5.0,20.0,False,True,True,0.45117401307356286,0.8795880017344075,1.1806179973983888,True,True,0.053634815034866806
fig2_only,305,c,373.0,383.0,5.0,2.0,10.0,0.1,0.3010299956639812,1.3010299956639813,2.0,20.0,False,True,True,0.45500746085924426,0.8795880017344075,1.1806179973983888,True,True,0.05378228398433704
fig2_only,306,c,373.0,383.0,10.0,2.0,10.0,2.0,0.0,0.0,1.0,1.0,True,True,True,0.1065617235658604,2.1806179973983886,1.6989700043360187,True,True,0.050668408320285914
fig2_only,307,c,373.0,383.0,20.0,2.0,50.0,0.5,0.3979400086720376,0.6020599913279624,2.5,4.0,False,True,True,0.040317192792594526,2.578558006070426,1.8795880017344075,True,True,0.03970958769903095
fig2_only,308,c,373.0,383.0,50.0,2.0,50.0,0.5,0.0,0.6020599913279624,1.0,4.0,False,True,True,0.04134024554097877,2.578558006070426,1.8795880017344075,True,True,0.03992437646177228
fig2_only,309,c,373.0,383.0,100.0,2.0,1000.0,5.0,1.0,0.3979400086720376,10.0,2.5,False,False,True,0.08385006746888271,0.8795880017344073,1.8795880017344075,False,True,0.020538157769715484
fig2_only,310,c,373.0,383.0,0.1,5.0,5.0,2.0,1.6989700043360187,0.3979400086720376,50.0,2.5,False,False,False,0.41278850095232483,1.1806179973983888,1.1806179973983888,False,False,0.04892063171799865
fig2_only,311,c,373.0,383.0,0.2,5.0,10.0,0.1,1.6989700043360187,1.6989700043360187,50.0,50.0,False,False,False,0.44554796827803017,0.8795880017344075,1.1806179973983888,False,False,0.053587566579772296
fig2_only,312,c,373.0,383.0,0.5,5.0,10.0,0.1,1.3010299956639813,1.6989700043360187,20.0,50.0,False,False,True,0.44558937594957804,0.8795880017344075,1.1806179973983888,False,False,0.05359614318978974
fig2_only,313,c,373.0,383.0,1.0,5.0,10.0,2.0,1.0,0.3979400086720376,10.0,2.5,False,False,False,0.08512316404243486,1.5010299956639812,1.5397940008672037,True,False,0.048314135963333005
fig2_only,314,c,373.0,383.0,2.0,5.0,10.0,2.0,0.6989700043360189,0.3979400086720376,5.0,2.5,False,False,False,0.08520268460245761,1.5010299956639812,1.5397940008672037,True,False,0.048338019883532285
fig2_only,315,c,373.0,383.0,5.0,5.0,10.0,2.0,0.3010299956639812,0.3979400086720376,2.0,2.5,True,True,True,0.15387291234807798,2.1806179973983886,1.5785580060704265,True,True,0.04846203771040246
fig2_only,316,c,373.0,383.0,10.0,5.0,10.0,2.0,0.0,0.3979400086720376,1.0,2.5,True,True,True,0.15563734214499683,2.1806179973983886,1.5785580060704265,True,True,0.04867829493088862
fig2_only,317,c,373.0,383.0,20.0,5.0,50.0,0.5,0.3979400086720376,1.0,2.5,10.0,False,True,True,0.03163691854679343,2.578558006070426,1.8795880017344075,True,True,0.03914382067113027
fig2_only,318,c,373.0,383.0,50.0,5.0,50.0,0.5,0.0,1.0,1.0,10.0,False,True,True,0.03211489573788092,2.578558006070426,1.8795880017344075,True,True,0.039106408899271125
fig2_only,319,c,373.0,383.0,100.0,5.0,1000.0,1.0,1.0,0.6989700043360187,10.0,5.0,False,False,True,0.07572368198878829,0.30102999566398125,1.1806179973983888,False,False,0.026411159279887776
fig2_only,320,c,373.0,383.0,0.1,10.0,20.0,0.1,2.3010299956639813,2.0,200.0,100.0,False,True,True,0.14415777091135837,2.1806179973983886,1.5785580060704265,False,False,0.04654770308145771
fig2_only,321,c,373.0,383.0,0.2,10.0,20.0,0.1,2.0,2.0,100.0,100.0,False,True,True,0.1441932363581857,2.1806179973983886,1.5785580060704265,True,False,0.04655141407223184
fig2_only,322,c,373.0,383.0,0.5,10.0,0.5,5.0,0.0,0.3010299956639812,1.0,2.0,True,True,True,0.17191226175099944,2.1806179973983886,1.5785580060704265,True,False,0.05215480722952204
fig2_only,323,c,373.0,383.0,1.0,10.0,0.5,5.0,0.3010299956639812,0.3010299956639812,2.0,2.0,True,True,True,0.17140451648550636,2.1806179973983886,1.5785580060704265,True,False,0.05207970048892317
fig2_only,324,c,373.0,383.0,2.0,10.0,0.2,5.0,1.0,0.3010299956639812,10.0,2.0,False,True,True,0.1691267028424807,2.1806179973983886,1.5785580060704265,True,False,0.05259499978396365
fig2_only,325,c,373.0,383.0,5.0,10.0,50.0,0.1,1.0,2.0,10.0,100.0,False,False,False,0.030005216477321416,2.578558006070426,1.8795880017344075,True,True,0.04012519372510238
fig2_only,326,c,373.0,383.0,10.0,10.0,50.0,0.1,0.6989700043360189,2.0,5.0,100.0,False,False,False,0.029929317427129013,2.578558006070426,1.8795880017344075,True,True,0.04009903998457053
fig2_only,327,c,373.0,383.0,20.0,10.0,50.0,0.1,0.3979400086720376,2.0,2.5,100.0,False,False,False,0.02976376241603937,2.578558006070426,1.8795880017344075,True,True,0.04004264448963718
fig2_only,328,c,373.0,383.0,50.0,10.0,500.0,5.0,1.0,0.3010299956639812,10.0,2.0,False,False,False,0.0751609006356528,0.5397940008672037,1.6989700043360187,False,False,0.021762128799691385
fig2_only,329,c,373.0,383.0,100.0,10.0,200.0,5.0,0.3010299956639812,0.3010299956639812,2.0,2.0,True,True,True,0.0808129285521831,0.5397940008672037,1.6989700043360187,False,False,0.023972430984433298
fig2_only,330,c,373.0,383.0,0.1,20.0,50.0,0.5,2.6989700043360187,1.6020599913279623,500.0,40.0,False,False,True,0.019710852266354495,2.578558006070426,1.8795880017344075,False,False,0.03918843073941107
fig2_only,331,c,373.0,383.0,0.2,20.0,50.0,0.5,2.3979400086720375,1.6020599913279623,250.0,40.0,False,False,True,0.019670164477784316,2.578558006070426,1.8795880017344075,True,False,0.039191434574530865
fig2_only,332,c,373.0,383.0,0.5,20.0,0.5,10.0,0.0,0.3010299956639812,1.0,2.0,True,True,True,0.03531668979275818,2.8795880017344073,1.8795880017344075,True,False,0.046938929782376515
fig2_only,333,c,373.0,383.0,1.0,20.0,0.5,10.0,0.3010299956639812,0.3010299956639812,2.0,2.0,True,True,True,0.035234771396401916,2.8795880017344073,1.8795880017344075,True,False,0.04687838534462719
fig2_only,334,c,373.0,383.0,2.0,20.0,0.5,10.0,0.6020599913279624,0.3010299956639812,4.0,2.0,False,True,True,0.03487834997304995,2.8795880017344073,1.8795880017344075,True,False,0.046633029911942216
fig2_only,335,c,373.0,383.0,5.0,20.0,100.0,0.2,1.3010299956639813,2.0,20.0,100.0,False,False,False,0.04203409991625326,2.8795880017344073,1.8795880017344075,True,False,0.036115349742433626
fig2_only,336,c,373.0,383.0,10.0,20.0,100.0,0.2,1.0,2.0,10.0,100.0,False,False,False,0.04228967337498454,2.8795880017344073,1.8795880017344075,True,False,0.036088224130541996
fig2_only,337,c,373.0,383.0,20.0,20.0,100.0,0.2,0.6989700043360189,2.0,5.0,100.0,False,False,False,0.04280960776405361,2.8795880017344073,1.8795880017344075,True,False,0.0360317213229551
fig2_only,338,c,373.0,383.0,50.0,20.0,1000.0,5.0,1.3010299956639813,0.6020599913279624,20.0,4.0,False,False,False,0.07324585471273529,0.5397940008672037,1.6989700043360187,False,False,0.020680028195347915
fig2_only,339,c,373.0,383.0,100.0,20.0,1000.0,5.0,1.0,0.6020599913279624,10.0,4.0,False,False,False,0.0781123142776941,0.5397940008672037,1.6989700043360187,False,False,0.021324195264303923
fig2_only,340,c,373.0,383.0,0.1,50.0,200.0,20.0,3.3010299956639813,0.3979400086720376,2000.0,2.5,False,False,False,0.010545551488669678,1.1806179973983888,0.3979400086720375,False,True,0.02335384763409111
fig2_only,341,c,373.0,383.0,0.2,50.0,200.0,20.0,3.0,0.3979400086720376,1000.0,2.5,False,False,False,0.010549261413160795,1.1806179973983888,0.3979400086720375,False,True,0.02335586510482031
fig2_only,342,c,373.0,383.0,0.5,50.0,200.0,20.0,2.6020599913279625,0.3979400086720376,400.0,2.5,False,False,False,0.010551082829290792,1.1806179973983888,0.3979400086720375,False,True,0.023358424659115078
fig2_only,343,c,373.0,383.0,1.0,50.0,200.0,20.0,2.3010299956639813,0.3979400086720376,200.0,2.5,False,False,False,0.010551732686325054,1.1806179973983888,0.3979400086720375,False,True,0.02335999680522546
fig2_only,344,c,373.0,383.0,2.0,50.0,200.0,20.0,2.0,0.3979400086720376,100.0,2.5,False,False,False,0.01055338361426145,1.1806179973983888,0.3979400086720375,False,True,0.02336065081566323
fig2_only,345,c,373.0,383.0,5.0,50.0,200.0,20.0,1.6020599913279623,0.3979400086720376,40.0,2.5,False,False,False,0.01056045192053664,1.1806179973983888,0.3979400086720375,False,True,0.023358886022294544
fig2_only,346,c,373.0,383.0,10.0,50.0,200.0,20.0,1.3010299956639813,0.3979400086720376,20.0,2.5,False,False,False,0.010609983216487769,1.1806179973983888,0.3979400086720375,False,True,0.02336991718950951
fig2_only,347,c,373.0,383.0,20.0,50.0,200.0,20.0,1.0,0.3979400086720376,10.0,2.5,False,True,True,0.010820242211209785,1.1806179973983888,0.3979400086720375,False,True,0.023510089055586388
fig2_only,348,c,373.0,383.0,50.0,50.0,200.0,20.0,0.6020599913279624,0.3979400086720376,4.0,2.5,False,True,True,0.011320603087239787,1.1806179973983888,0.3979400086720375,False,True,0.023914063558220226
fig2_only,349,c,373.0,383.0,100.0,50.0,200.0,20.0,0.3010299956639812,0.3979400086720376,2.0,2.5,True,True,True,0.011765011589325466,1.1806179973983888,0.3979400086720375,True,True,0.024260858079892714
fig2_only,350,c,373.0,383.0,0.1,100.0,200.0,20.0,3.3010299956639813,0.6989700043360187,2000.0,5.0,False,False,False,0.010589452936869857,1.1806179973983888,0.3979400086720375,False,False,0.02335205723862909
fig2_only,351,c,373.0,383.0,0.2,100.0,200.0,20.0,3.0,0.6989700043360187,1000.0,5.0,False,False,False,0.010593164087160888,1.1806179973983888,0.3979400086720375,False,False,0.023354074727275197
fig2_only,352,c,373.0,383.0,0.5,100.0,200.0,20.0,2.6020599913279625,0.6989700043360187,400.0,5.0,False,False,False,0.010594987051370313,1.1806179973983888,0.3979400086720375,False,False,0.02335663430381038
fig2_only,353,c,373.0,383.0,1.0,100.0,1000.0,200.0,3.0,0.3010299956639812,1000.0,2.0,False,False,False,0.05166780502209421,0.6989700043360187,0.840823996531185,False,True,0.020048150776798532
fig2_only,354,c,373.0,383.0,2.0,100.0,1000.0,200.0,2.6989700043360187,0.3010299956639812,500.0,2.0,False,False,False,0.051670967905510436,0.6989700043360187,0.840823996531185,False,True,0.020048586078599946
fig2_only,355,c,373.0,383.0,5.0,100.0,1000.0,200.0,2.3010299956639813,0.3010299956639812,200.0,2.0,False,False,False,0.05164581956093103,0.6989700043360187,0.840823996531185,False,True,0.020046439095139958
fig2_only,356,c,373.0,383.0,10.0,100.0,1000.0,200.0,2.0,0.3010299956639812,100.0,2.0,False,False,False,0.05159186387727774,0.6989700043360187,0.840823996531185,False,True,0.020044627036119818
fig2_only,357,c,373.0,383.0,20.0,100.0,1000.0,200.0,1.6989700043360187,0.3010299956639812,50.0,2.0,False,False,False,0.059350320525625375,0.5397940008672037,1.0,False,True,0.020093988022857338
fig2_only,358,c,373.0,383.0,50.0,100.0,1000.0,200.0,1.3010299956639813,0.3010299956639812,20.0,2.0,False,False,False,0.06126495158935825,0.5397940008672037,1.0,False,True,0.020425331353841822
fig2_only,359,c,373.0,383.0,100.0,100.0,1000.0,200.0,1.0,0.3010299956639812,10.0,2.0,False,False,True,0.0654153389333309,0.5397940008672037,1.0,False,True,0.02110030487150445
fig2_only,360,c,373.0,383.0,0.1,200.0,1000.0,500.0,4.0,0.3979400086720376,10000.0,2.5,False,False,False,0.061907536303743224,0.5397940008672037,1.0,False,True,0.019270231060412354
fig2_only,361,c,373.0,383.0,0.2,200.0,1000.0,500.0,3.6989700043360187,0.3979400086720376,5000.0,2.5,False,False,False,0.061920225564820075,0.5397940008672037,1.0,False,True,0.019271675846220387
fig2_only,362,c,373.0,383.0,0.5,200.0,1000.0,500.0,3.3010299956639813,0.3979400086720376,2000.0,2.5,False,False,False,0.06193832824709245,0.5397940008672037,1.0,False,True,0.019273559217617142
fig2_only,363,c,373.0,383.0,1.0,200.0,1000.0,500.0,3.0,0.3979400086720376,1000.0,2.5,False,False,False,0.06194946317791862,0.5397940008672037,1.0,False,True,0.019274690853694647
fig2_only,364,c,373.0,383.0,2.0,200.0,1000.0,500.0,2.6989700043360187,0.3979400086720376,500.0,2.5,False,False,False,0.06195235036005325,0.5397940008672037,1.0,False,True,0.019275064121467848
fig2_only,365,c,373.0,383.0,5.0,200.0,1000.0,500.0,2.3010299956639813,0.3979400086720376,200.0,2.5,False,False,False,0.061928142524562156,0.5397940008672037,1.0,False,True,0.019273106511826142
fig2_only,366,c,373.0,383.0,10.0,200.0,1000.0,500.0,2.0,0.3979400086720376,100.0,2.5,False,False,False,0.06188556365270036,0.5397940008672037,1.0,False,True,0.019272043396879927
fig2_only,367,c,373.0,383.0,20.0,200.0,1000.0,500.0,1.6989700043360187,0.3979400086720376,50.0,2.5,False,False,False,0.06217315296147736,0.5397940008672037,1.0,False,True,0.019324961970966274
fig2_only,368,c,373.0,383.0,50.0,200.0,1000.0,500.0,1.3010299956639813,0.3979400086720376,20.0,2.5,False,False,False,0.06441826094172683,0.5397940008672037,1.0,False,True,0.019672522080494855
fig2_only,369,c,373.0,383.0,100.0,200.0,1000.0,500.0,1.0,0.3979400086720376,10.0,2.5,False,False,True,0.06927830130271367,0.5397940008672037,1.0,False,True,0.020381619871538657
fig2_only,370,c,373.0,383.0,0.1,500.0,1000.0,1000.0,4.0,0.3010299956639812,10000.0,2.0,False,False,False,0.10288328236024541,0.30102999566398125,1.1806179973983888,False,True,0.01871576435073691
fig2_only,371,c,373.0,383.0,0.2,500.0,1000.0,1000.0,3.6989700043360187,0.3010299956639812,5000.0,2.0,False,False,False,0.10289542612857536,0.30102999566398125,1.1806179973983888,False,True,0.018717068795058526
fig2_only,372,c,373.0,383.0,0.5,500.0,1000.0,1000.0,3.3010299956639813,0.3010299956639812,2000.0,2.0,False,False,False,0.10291288456601519,0.30102999566398125,1.1806179973983888,False,True,0.018718787314600235
fig2_only,373,c,373.0,383.0,1.0,500.0,1000.0,1000.0,3.0,0.3010299956639812,1000.0,2.0,False,False,False,0.10292364570430965,0.30102999566398125,1.1806179973983888,False,True,0.0187198235343511
fig2_only,374,c,373.0,383.0,2.0,500.0,1000.0,1000.0,2.6989700043360187,0.3010299956639812,500.0,2.0,False,False,False,0.10292638384160499,0.30102999566398125,1.1806179973983888,False,True,0.018720157275055875
fig2_only,375,c,373.0,383.0,5.0,500.0,10.0,1000.0,0.3010299956639812,0.3010299956639812,2.0,2.0,True,True,True,0.1179055019161469,1.4816479930623698,0.30102999566398125,True,True,0.026840286651649236
fig2_only,376,c,373.0,383.0,10.0,500.0,10.0,1000.0,0.0,0.3010299956639812,1.0,2.0,True,True,True,0.122940464895016,1.1806179973983886,0.5397940008672037,True,True,0.027100818279786623
fig2_only,377,c,373.0,383.0,20.0,500.0,10.0,1000.0,0.3010299956639812,0.3010299956639812,2.0,2.0,True,True,True,0.11892191491457034,1.1806179973983886,0.5397940008672037,True,True,0.026897183922258507
fig2_only,378,c,373.0,383.0,50.0,500.0,10.0,1000.0,0.6989700043360187,0.3010299956639812,5.0,2.0,False,True,True,0.11602630735194333,1.0795880017344073,0.5397940008672037,False,True,0.026739863609101168
fig2_only,379,c,373.0,383.0,100.0,500.0,10.0,1000.0,1.0,0.3010299956639812,10.0,2.0,False,False,True,0.11526209799330037,1.0795880017344073,0.5397940008672037,False,True,0.02669782498432168
fig2_only,380,c,373.0,383.0,0.1,1000.0,1000.0,1000.0,4.0,0.0,10000.0,1.0,False,False,False,0.14797132672228747,0.30102999566398125,1.1806179973983888,False,True,0.01871182761157508
fig2_only,381,c,373.0,383.0,0.2,1000.0,1000.0,1000.0,3.6989700043360187,0.0,5000.0,1.0,False,False,False,0.14798346753079264,0.30102999566398125,1.1806179973983888,False,True,0.018713131237861814
fig2_only,382,c,373.0,383.0,0.5,1000.0,1000.0,1000.0,3.3010299956639813,0.0,2000.0,1.0,False,False,False,0.14800092252653807,0.30102999566398125,1.1806179973983888,False,True,0.018714848801779118
fig2_only,383,c,373.0,383.0,1.0,1000.0,1000.0,1000.0,3.0,0.0,1000.0,1.0,False,False,False,0.14801168188373143,0.30102999566398125,1.1806179973983888,False,True,0.01871588445324738
fig2_only,384,c,373.0,383.0,2.0,1000.0,1000.0,1000.0,2.6989700043360187,0.0,500.0,1.0,False,False,False,0.14801442347937332,0.30102999566398125,1.1806179973983888,False,True,0.018716217627032166
fig2_only,385,c,373.0,383.0,5.0,1000.0,10.0,1000.0,0.3010299956639812,0.0,2.0,1.0,True,True,True,0.12184962687822663,1.4816479930623698,0.30102999566398125,True,True,0.026823898732872203
fig2_only,386,c,373.0,383.0,10.0,1000.0,10.0,1000.0,0.0,0.0,1.0,1.0,True,True,True,0.12719830243397606,1.1806179973983886,0.5397940008672037,True,True,0.02706780638496005
fig2_only,387,c,373.0,383.0,20.0,1000.0,10.0,1000.0,0.3010299956639812,0.0,2.0,1.0,True,True,True,0.12293150642456048,1.1806179973983886,0.5397940008672037,True,True,0.026877503826102607
fig2_only,388,c,373.0,383.0,50.0,1000.0,10.0,1000.0,0.6989700043360187,0.0,5.0,1.0,False,True,True,0.11986213126209075,1.0795880017344073,0.5397940008672037,False,True,0.026728708635262492
fig2_only,389,c,373.0,383.0,100.0,1000.0,10.0,1000.0,1.0,0.0,10.0,1.0,False,False,True,0.11905336712253423,1.0795880017344073,0.5397940008672037,False,True,0.026688747765113978
fig2_plus_fig3_kinetics,0,a,348.0,383.0,0.1,0.1,0.1,0.1,0.0,0.0,1.0,1.0,True,True,True,0.10455609208177284,0.8795880017344074,0.6989700043360187,True,True,0.03596338709571334
fig2_plus_fig3_kinetics,1,a,348.0,383.0,0.2,0.1,0.1,0.1,0.3010299956639812,0.0,2.0,1.0,True,True,True,0.08937076685996911,0.8795880017344074,0.6989700043360187,True,True,0.03666203253703628
fig2_plus_fig3_kinetics,2,a,348.0,383.0,0.5,0.1,0.5,0.1,0.0,0.0,1.0,1.0,True,True,True,0.09257121882705495,1.0,0.5397940008672036,True,True,0.036056997731626995
fig2_plus_fig3_kinetics,3,a,348.0,383.0,1.0,0.1,1.0,0.1,0.0,0.0,1.0,1.0,True,True,True,0.07317805885483941,1.0,0.5397940008672036,True,True,0.036330655271049346
fig2_plus_fig3_kinetics,4,a,348.0,383.0,2.0,0.1,2.0,0.1,0.0,0.0,1.0,1.0,True,True,True,0.07999613900646323,1.1806179973983888,0.5397940008672036,True,True,0.035407148140229265
fig2_plus_fig3_kinetics,5,a,348.0,383.0,5.0,0.1,5.0,0.1,0.0,0.0,1.0,1.0,True,True,True,0.06547298397660693,0.9999999999999999,0.8795880017344074,True,True,0.03249297716781721
fig2_plus_fig3_kinetics,6,a,348.0,383.0,10.0,0.1,10.0,0.1,0.0,0.0,1.0,1.0,True,True,True,0.07241306403944435,1.0,0.6989700043360187,True,True,0.031057608714932922
fig2_plus_fig3_kinetics,7,a,348.0,383.0,20.0,0.1,20.0,0.1,0.0,0.0,1.0,1.0,True,True,True,0.04816080839458283,0.8795880017344075,0.6989700043360187,True,True,0.030791572889899956
fig2_plus_fig3_kinetics,8,a,348.0,383.0,50.0,0.1,20.0,0.1,0.3979400086720376,0.0,2.5,1.0,True,True,True,0.052802028188325724,0.8795880017344075,0.6989700043360187,True,True,0.03074157294231209
fig2_plus_fig3_kinetics,9,a,348.0,383.0,100.0,0.1,100.0,0.2,0.0,0.3010299956639812,1.0,2.0,True,True,True,0.020905255315847946,1.0,0.6989700043360187,True,True,0.03133707841877408
fig2_plus_fig3_kinetics,10,a,348.0,383.0,0.1,0.2,0.1,0.1,0.0,0.3010299956639812,1.0,2.0,True,True,True,0.06017935365224105,0.8795880017344074,0.6989700043360187,True,True,0.037660711247203146
fig2_plus_fig3_kinetics,11,a,348.0,383.0,0.2,0.2,0.1,0.1,0.3010299956639812,0.3010299956639812,2.0,2.0,True,True,True,0.060025936247241715,0.8795880017344074,0.6989700043360187,True,True,0.037625064935585595
fig2_plus_fig3_kinetics,12,a,348.0,383.0,0.5,0.2,0.5,0.1,0.0,0.3010299956639812,1.0,2.0,True,True,True,0.04205636355579323,1.0,0.5397940008672036,True,True,0.03724365403059576
fig2_plus_fig3_kinetics,13,a,348.0,383.0,1.0,0.2,1.0,0.1,0.0,0.3010299956639812,1.0,2.0,True,True,True,0.04496320524766053,1.0,0.5397940008672036,True,True,0.03689910520468141
fig2_plus_fig3_kinetics,14,a,348.0,383.0,2.0,0.2,2.0,0.1,0.0,0.3010299956639812,1.0,2.0,True,True,True,0.041457703187944124,1.0214419939295738,0.8795880017344074,True,True,0.03627510754013612
fig2_plus_fig3_kinetics,15,a,348.0,383.0,5.0,0.2,5.0,0.1,0.0,0.3010299956639812,1.0,2.0,True,True,True,0.057929960303473395,0.9999999999999999,0.8795880017344074,True,True,0.03279390808144588
fig2_plus_fig3_kinetics,16,a,348.0,383.0,10.0,0.2,10.0,0.1,0.0,0.3010299956639812,1.0,2.0,True,True,True,0.04786081227501125,1.0,0.6989700043360187,True,True,0.03180058754781313
fig2_plus_fig3_kinetics,17,a,348.0,383.0,20.0,0.2,20.0,0.1,0.0,0.3010299956639812,1.0,2.0,True,True,True,0.05033504076872313,0.8795880017344075,0.6989700043360187,True,True,0.030816828189398595
fig2_plus_fig3_kinetics,18,a,348.0,383.0,50.0,0.2,50.0,0.1,0.0,0.3010299956639812,1.0,2.0,True,True,True,0.017291130995812535,0.8795880017344075,0.6989700043360187,True,True,0.03041828153394054
fig2_plus_fig3_kinetics,19,a,348.0,383.0,100.0,0.2,100.0,0.1,0.0,0.3010299956639812,1.0,2.0,True,True,True,0.021787637833641342,1.0,0.6989700043360187,True,True,0.030435158525217613
fig2_plus_fig3_kinetics,20,a,348.0,383.0,0.1,0.5,0.1,0.5,0.0,0.0,1.0,1.0,True,True,True,0.046114169496285294,0.6989700043360187,0.6989700043360187,True,True,0.04067318720702473
fig2_plus_fig3_kinetics,21,a,348.0,383.0,0.2,0.5,0.1,0.5,0.3010299956639812,0.0,2.0,1.0,True,True,True,0.04600329936645505,0.6989700043360187,0.6989700043360187,True,True,0.040629841432070574
fig2_plus_fig3_kinetics,22,a,348.0,383.0,0.5,0.5,0.5,0.5,0.0,0.0,1.0,1.0,True,True,True,0.03015252339638372,0.8795880017344074,0.6989700043360187,True,True,0.04011201149933451
fig2_plus_fig3_kinetics,23,a,348.0,383.0,1.0,0.5,1.0,0.5,0.0,0.0,1.0,1.0,True,True,True,0.03278382814314989,0.8795880017344075,0.6989700043360187,True,True,0.039773055285878336
fig2_plus_fig3_kinetics,24,a,348.0,383.0,2.0,0.5,2.0,0.5,0.0,0.0,1.0,1.0,True,True,True,0.038805784188299275,0.6020599913279624,0.8795880017344074,True,True,0.039002985154705704
fig2_plus_fig3_kinetics,25,a,348.0,383.0,5.0,0.5,5.0,0.5,0.0,0.0,1.0,1.0,True,True,True,0.029682264006585492,0.9999999999999999,0.8795880017344074,True,True,0.035854134187578705
fig2_plus_fig3_kinetics,26,a,348.0,383.0,10.0,0.5,10.0,0.5,0.0,0.0,1.0,1.0,True,True,True,0.03591119204248006,1.0,0.6989700043360187,True,True,0.03458227347450691
fig2_plus_fig3_kinetics,27,a,348.0,383.0,20.0,0.5,20.0,0.5,0.0,0.0,1.0,1.0,True,True,True,0.03794393568470385,0.8795880017344075,0.6989700043360187,True,True,0.033630679144358785
fig2_plus_fig3_kinetics,28,a,348.0,383.0,50.0,0.5,50.0,0.5,0.0,0.0,1.0,1.0,True,True,True,0.016884799172067196,0.8795880017344075,0.6989700043360187,True,True,0.032985225386118734
fig2_plus_fig3_kinetics,29,a,348.0,383.0,100.0,0.5,100.0,0.5,0.0,0.0,1.0,1.0,True,True,True,0.020825962561745816,1.0,0.5785580060704263,True,True,0.032872920891739786
fig2_plus_fig3_kinetics,30,a,348.0,383.0,0.1,1.0,0.2,1.0,0.3010299956639812,0.0,2.0,1.0,True,True,True,0.06089730643807107,1.0,0.5397940008672037,True,True,0.04221330616631199
fig2_plus_fig3_kinetics,31,a,348.0,383.0,0.2,1.0,0.2,1.0,0.0,0.0,1.0,1.0,True,True,True,0.06102940884758978,1.0,0.5397940008672037,True,True,0.0422436966914088
fig2_plus_fig3_kinetics,32,a,348.0,383.0,0.5,1.0,0.5,1.0,0.0,0.0,1.0,1.0,True,True,True,0.05872045690939898,1.1806179973983886,0.3010299956639812,True,True,0.04194042441344018
fig2_plus_fig3_kinetics,33,a,348.0,383.0,1.0,1.0,1.0,1.0,0.0,0.0,1.0,1.0,True,True,True,0.055949936695774034,1.0602059991327961,0.5397940008672037,True,True,0.0416630148239089
fig2_plus_fig3_kinetics,34,a,348.0,383.0,2.0,1.0,2.0,1.0,0.0,0.0,1.0,1.0,True,True,True,0.048382230001638535,1.1806179973983888,0.8795880017344075,True,True,0.04101125565376052
fig2_plus_fig3_kinetics,35,a,348.0,383.0,5.0,1.0,5.0,1.0,0.0,0.0,1.0,1.0,True,True,True,0.05107464314484699,1.1806179973983886,0.8795880017344075,True,True,0.037729880024247923
fig2_plus_fig3_kinetics,36,a,348.0,383.0,10.0,1.0,10.0,1.0,0.0,0.0,1.0,1.0,True,True,True,0.04404353205822941,1.1806179973983886,0.5397940008672037,True,True,0.036645463148550265
fig2_plus_fig3_kinetics,37,a,348.0,383.0,20.0,1.0,20.0,1.0,0.0,0.0,1.0,1.0,True,True,True,0.03978603588465882,0.8795880017344075,0.6989700043360187,True,True,0.03579810777066114
fig2_plus_fig3_kinetics,38,a,348.0,383.0,50.0,1.0,50.0,1.0,0.0,0.0,1.0,1.0,True,True,True,0.03532026810463522,0.8795880017344075,0.8795880017344075,True,True,0.03504105972807149
fig2_plus_fig3_kinetics,39,a,348.0,383.0,100.0,1.0,100.0,1.0,0.0,0.0,1.0,1.0,True,True,True,0.032701885298930075,1.0602059991327961,0.5397940008672037,True,True,0.03493254231070547
fig2_plus_fig3_kinetics,40,a,348.0,383.0,0.1,2.0,0.2,2.0,0.3010299956639812,0.0,2.0,1.0,True,True,True,0.06687565576782417,1.1806179973983886,0.3010299956639812,True,True,0.05029496958818994
fig2_plus_fig3_kinetics,41,a,348.0,383.0,0.2,2.0,0.2,2.0,0.0,0.0,1.0,1.0,True,True,True,0.06706053206880304,1.1806179973983886,0.3010299956639812,True,True,0.05033984297087265
fig2_plus_fig3_kinetics,42,a,348.0,383.0,0.5,2.0,0.5,2.0,0.0,0.0,1.0,1.0,True,True,True,0.06490812344784701,1.1806179973983886,0.3010299956639812,True,True,0.05003250485628499
fig2_plus_fig3_kinetics,43,a,348.0,383.0,1.0,2.0,1.0,2.0,0.0,0.0,1.0,1.0,True,True,True,0.08294499035264079,1.419382002601611,0.3010299956639812,True,True,0.049312082401884505
fig2_plus_fig3_kinetics,44,a,348.0,383.0,2.0,2.0,2.0,2.0,0.0,0.0,1.0,1.0,True,True,True,0.07616462334590567,2.419382002601611,0.1806179973983887,True,True,0.048694473498655244
fig2_plus_fig3_kinetics,45,a,348.0,383.0,5.0,2.0,5.0,2.0,0.0,0.0,1.0,1.0,True,True,True,0.05594495783978797,1.7204119982655923,0.48164799306236994,True,True,0.0461105029754993
fig2_plus_fig3_kinetics,46,a,348.0,383.0,10.0,2.0,10.0,2.0,0.0,0.0,1.0,1.0,True,True,True,0.04966795524507198,1.3612359947967771,0.3010299956639812,True,True,0.04513307409046748
fig2_plus_fig3_kinetics,47,a,348.0,383.0,20.0,2.0,20.0,2.0,0.0,0.0,1.0,1.0,True,True,True,0.06987039357671046,1.3612359947967771,0.3010299956639812,True,True,0.04385259568258016
fig2_plus_fig3_kinetics,48,a,348.0,383.0,50.0,2.0,50.0,2.0,0.0,0.0,1.0,1.0,True,True,True,0.06632715515199432,1.3612359947967771,0.3010299956639812,True,True,0.04318002567127593
fig2_plus_fig3_kinetics,49,a,348.0,383.0,100.0,2.0,100.0,2.0,0.0,0.0,1.0,1.0,True,True,True,0.06484037134336289,1.3612359947967771,0.3010299956639812,True,True,0.04298637840450728
fig2_plus_fig3_kinetics,50,a,348.0,383.0,0.1,5.0,0.2,5.0,0.3010299956639812,0.0,2.0,1.0,True,True,True,0.1505761386576367,1.1806179973983886,0.30102999566398114,True,True,0.05317468207350813
fig2_plus_fig3_kinetics,51,a,348.0,383.0,0.2,5.0,0.2,5.0,0.0,0.0,1.0,1.0,True,True,True,0.1509638870402494,1.1806179973983886,0.30102999566398114,True,True,0.05318839997672255
fig2_plus_fig3_kinetics,52,a,348.0,383.0,0.5,5.0,0.5,5.0,0.0,0.0,1.0,1.0,True,True,True,0.15092055780841068,1.1806179973983886,0.30102999566398114,True,True,0.053008585246100026
fig2_plus_fig3_kinetics,53,a,348.0,383.0,1.0,5.0,1.0,5.0,0.0,0.0,1.0,1.0,True,True,True,0.15215122099418027,1.1806179973983886,0.30102999566398114,True,True,0.052795415408118745
fig2_plus_fig3_kinetics,54,a,348.0,383.0,2.0,5.0,2.0,5.0,0.0,0.0,1.0,1.0,True,True,True,0.1574613913652703,1.419382002601611,0.4816479930623697,True,True,0.05218529118177656
fig2_plus_fig3_kinetics,55,a,348.0,383.0,5.0,5.0,5.0,5.0,0.0,0.0,1.0,1.0,True,True,True,0.15556964404545742,2.060205999132796,0.18061799739838857,True,True,0.050699044371744974
fig2_plus_fig3_kinetics,56,a,348.0,383.0,10.0,5.0,10.0,5.0,0.0,0.0,1.0,1.0,True,True,True,0.1597409454999165,1.4816479930623698,0.30102999566398114,True,True,0.050120612490622204
fig2_plus_fig3_kinetics,57,a,348.0,383.0,20.0,5.0,20.0,5.0,0.0,0.0,1.0,1.0,True,True,True,0.1627514396177717,1.3612359947967771,0.30102999566398114,True,True,0.04981727796801755
fig2_plus_fig3_kinetics,58,a,348.0,383.0,50.0,5.0,50.0,5.0,0.0,0.0,1.0,1.0,True,True,True,0.1664569509690445,1.3612359947967771,0.30102999566398114,True,True,0.04955378963978012
fig2_plus_fig3_kinetics,59,a,348.0,383.0,100.0,5.0,100.0,5.0,0.0,0.0,1.0,1.0,True,True,True,0.1695008721151999,1.3612359947967771,0.30102999566398114,True,True,0.049427131229609386
fig2_plus_fig3_kinetics,60,a,348.0,383.0,0.1,10.0,0.2,10.0,0.3010299956639812,0.0,2.0,1.0,True,True,True,0.07264015825040833,0.8795880017344074,0.6989700043360187,True,True,0.04920277554680594
fig2_plus_fig3_kinetics,61,a,348.0,383.0,0.2,10.0,0.2,10.0,0.0,0.0,1.0,1.0,True,True,True,0.07278139833799367,0.8795880017344074,0.6989700043360187,True,True,0.04923530027679146
fig2_plus_fig3_kinetics,62,a,348.0,383.0,0.5,10.0,0.5,10.0,0.0,0.0,1.0,1.0,True,True,True,0.07296046810642269,0.8795880017344074,0.6989700043360187,True,True,0.049081711194843114
fig2_plus_fig3_kinetics,63,a,348.0,383.0,1.0,10.0,1.0,10.0,0.0,0.0,1.0,1.0,True,True,True,0.07338630259074616,0.8795880017344075,0.8795880017344073,True,True,0.0489234926132845
fig2_plus_fig3_kinetics,64,a,348.0,383.0,2.0,10.0,2.0,10.0,0.0,0.0,1.0,1.0,True,True,True,0.07414995033784552,0.48164799306236994,1.8795880017344073,True,True,0.048407007900168136
fig2_plus_fig3_kinetics,65,a,348.0,383.0,5.0,10.0,5.0,10.0,0.0,0.0,1.0,1.0,True,True,True,0.053956375615498854,0.8408239965311847,1.8795880017344073,True,True,0.04673425470266817
fig2_plus_fig3_kinetics,66,a,348.0,383.0,10.0,10.0,10.0,10.0,0.0,0.0,1.0,1.0,True,True,True,0.05421285481334386,1.0,0.8795880017344073,True,True,0.0461616468725902
fig2_plus_fig3_kinetics,67,a,348.0,383.0,20.0,10.0,20.0,10.0,0.0,0.0,1.0,1.0,True,True,True,0.05292042523843421,1.0,0.5397940008672035,True,True,0.04585800093577727
fig2_plus_fig3_kinetics,68,a,348.0,383.0,50.0,10.0,50.0,10.0,0.0,0.0,1.0,1.0,True,True,True,0.052422528816120646,0.8795880017344075,0.6989700043360187,True,True,0.045699515835408266
fig2_plus_fig3_kinetics,69,a,348.0,383.0,100.0,10.0,100.0,10.0,0.0,0.0,1.0,1.0,True,True,True,0.053248541962773545,1.0,0.6989700043360187,True,True,0.04578445166447728
fig2_plus_fig3_kinetics,70,a,348.0,383.0,0.1,20.0,0.2,20.0,0.3010299956639812,0.0,2.0,1.0,True,True,True,0.047594293107117415,0.8795880017344074,0.6989700043360187,True,True,0.0473341212392935
fig2_plus_fig3_kinetics,71,a,348.0,383.0,0.2,20.0,0.1,20.0,0.3010299956639812,0.0,2.0,1.0,True,True,True,0.047602959872534885,0.8795880017344074,0.6989700043360187,True,True,0.04747474570568802
fig2_plus_fig3_kinetics,72,a,348.0,383.0,0.5,20.0,0.5,20.0,0.0,0.0,1.0,1.0,True,True,True,0.04790871104967864,1.0,0.5397940008672035,True,True,0.04721626044244537
fig2_plus_fig3_kinetics,73,a,348.0,383.0,1.0,20.0,1.0,20.0,0.0,0.0,1.0,1.0,True,True,True,0.040476130874055494,1.0,0.5397940008672035,True,True,0.04712055266454801
fig2_plus_fig3_kinetics,74,a,348.0,383.0,2.0,20.0,2.0,20.0,0.0,0.0,1.0,1.0,True,True,True,0.04101378403205388,0.48164799306236994,1.7204119982655923,True,True,0.046581658199719815
fig2_plus_fig3_kinetics,75,a,348.0,383.0,5.0,20.0,5.0,20.0,0.0,0.0,1.0,1.0,True,True,True,0.040665046553603215,0.8408239965311847,1.7204119982655923,True,True,0.04448038383310396
fig2_plus_fig3_kinetics,76,a,348.0,383.0,10.0,20.0,10.0,20.0,0.0,0.0,1.0,1.0,True,True,True,0.040878388092633125,1.0,0.5397940008672035,True,True,0.043845618499615116
fig2_plus_fig3_kinetics,77,a,348.0,383.0,20.0,20.0,20.0,20.0,0.0,0.0,1.0,1.0,True,True,True,0.061266916431027676,0.5785580060704261,1.0,True,True,0.04361919939380204
fig2_plus_fig3_kinetics,78,a,348.0,383.0,50.0,20.0,50.0,20.0,0.0,0.0,1.0,1.0,True,True,True,0.06077509758435911,0.5785580060704261,1.0,True,True,0.043405405271266406
fig2_plus_fig3_kinetics,79,a,348.0,383.0,100.0,20.0,100.0,20.0,0.0,0.0,1.0,1.0,True,True,True,0.06159162055747388,0.8795880017344075,0.8795880017344073,True,True,0.043473124407556296
fig2_plus_fig3_kinetics,80,a,348.0,383.0,0.1,50.0,0.2,50.0,0.3010299956639812,0.0,2.0,1.0,True,True,True,0.047927040982296124,0.8795880017344074,1.3010299956639813,True,True,0.044160134390698394
fig2_plus_fig3_kinetics,81,a,348.0,383.0,0.2,50.0,0.1,50.0,0.3010299956639812,0.0,2.0,1.0,True,True,True,0.04794743140001377,0.8795880017344074,1.3010299956639813,True,True,0.04429784753703602
fig2_plus_fig3_kinetics,82,a,348.0,383.0,0.5,50.0,0.5,50.0,0.0,0.0,1.0,1.0,True,True,True,0.04819533126869863,1.0,0.9010299956639809,True,True,0.04404410991432399
fig2_plus_fig3_kinetics,83,a,348.0,383.0,1.0,50.0,1.0,50.0,0.0,0.0,1.0,1.0,True,True,True,0.04850319412833579,1.0,1.0214419939295736,True,True,0.04388246537782749
fig2_plus_fig3_kinetics,84,a,348.0,383.0,2.0,50.0,2.0,50.0,0.0,0.0,1.0,1.0,True,True,True,0.048936378684853975,0.3010299956639812,1.7591760034688149,True,True,0.043327232369045884
fig2_plus_fig3_kinetics,85,a,348.0,383.0,5.0,50.0,5.0,50.0,0.0,0.0,1.0,1.0,True,True,True,0.03508926156015809,0.8408239965311847,1.7591760034688149,True,True,0.0411950880690983
fig2_plus_fig3_kinetics,86,a,348.0,383.0,10.0,50.0,10.0,50.0,0.0,0.0,1.0,1.0,True,True,True,0.035315695684040985,1.0,1.3010299956639813,True,True,0.040535766614144944
fig2_plus_fig3_kinetics,87,a,348.0,383.0,20.0,50.0,20.0,50.0,0.0,0.0,1.0,1.0,True,True,True,0.0341197922637426,0.5785580060704261,1.3010299956639813,True,True,0.04012332939528937
fig2_plus_fig3_kinetics,88,a,348.0,383.0,50.0,50.0,50.0,50.0,0.0,0.0,1.0,1.0,True,True,True,0.03357574901862746,0.5785580060704261,1.3010299956639813,True,True,0.03985026356632301
fig2_plus_fig3_kinetics,89,a,348.0,383.0,100.0,50.0,100.0,50.0,0.0,0.0,1.0,1.0,True,True,True,0.034169854667573836,1.0,1.3010299956639813,True,True,0.0398903938296941
fig2_plus_fig3_kinetics,90,a,348.0,383.0,0.1,100.0,0.2,1000.0,0.3010299956639812,1.0,2.0,10.0,False,True,True,0.03405949821049543,0.5397940008672036,1.0,True,True,0.03356682223309858
fig2_plus_fig3_kinetics,91,a,348.0,383.0,0.2,100.0,0.1,1000.0,0.3010299956639812,1.0,2.0,10.0,False,True,True,0.03406783067596263,0.5397940008672036,1.0,True,True,0.03367312247714896
fig2_plus_fig3_kinetics,92,a,348.0,383.0,0.5,100.0,0.5,1000.0,0.0,1.0,1.0,10.0,False,True,True,0.03424693883207606,0.8795880017344074,1.0,True,True,0.03346648283882382
fig2_plus_fig3_kinetics,93,a,348.0,383.0,1.0,100.0,1.0,1000.0,0.0,1.0,1.0,10.0,False,True,True,0.034438482396401036,0.8795880017344075,1.0,True,True,0.03331194306443843
fig2_plus_fig3_kinetics,94,a,348.0,383.0,2.0,100.0,2.0,1000.0,0.0,1.0,1.0,10.0,False,True,True,0.03459530612882419,0.3010299956639812,1.1806179973983888,True,True,0.03274484122264655
fig2_plus_fig3_kinetics,95,a,348.0,383.0,5.0,100.0,5.0,1000.0,0.0,1.0,1.0,10.0,False,True,True,0.0208073964488616,1.1806179973983886,1.1806179973983888,True,True,0.030570259610072942
fig2_plus_fig3_kinetics,96,a,348.0,383.0,10.0,100.0,10.0,1000.0,0.0,1.0,1.0,10.0,False,True,True,0.018638691984041826,1.0,1.0,True,True,0.029921439814180054
fig2_plus_fig3_kinetics,97,a,348.0,383.0,20.0,100.0,20.0,1000.0,0.0,1.0,1.0,10.0,False,True,True,0.016700680229505167,0.5785580060704261,1.0,True,True,0.029467488046640625
fig2_plus_fig3_kinetics,98,a,348.0,383.0,50.0,100.0,50.0,1000.0,0.0,1.0,1.0,10.0,False,True,True,0.01576536616712253,0.5785580060704261,1.0,True,True,0.029149725272120626
fig2_plus_fig3_kinetics,99,a,348.0,383.0,100.0,100.0,100.0,1000.0,0.0,1.0,1.0,10.0,False,True,True,0.016283842529869103,1.0,0.8795880017344073,True,False,0.02916932742666859
fig2_plus_fig3_kinetics,100,a,348.0,383.0,0.1,200.0,0.2,500.0,0.3010299956639812,0.3979400086720376,2.0,2.5,True,True,True,0.051775346315947275,0.6989700043360187,0.6989700043360187,True,True,0.03548222195883174
fig2_plus_fig3_kinetics,101,a,348.0,383.0,0.2,200.0,0.2,500.0,0.0,0.3979400086720376,1.0,2.5,True,True,True,0.05185488831533035,0.6989700043360187,0.6989700043360187,True,True,0.03550738295214358
fig2_plus_fig3_kinetics,102,a,348.0,383.0,0.5,200.0,0.5,500.0,0.0,0.3979400086720376,1.0,2.5,True,True,True,0.05148703469283185,0.6989700043360187,0.6989700043360187,True,True,0.035379399733866924
fig2_plus_fig3_kinetics,103,a,348.0,383.0,1.0,200.0,1.0,500.0,0.0,0.3979400086720376,1.0,2.5,True,True,True,0.050880515139539874,1.0,0.6989700043360187,True,True,0.03522562287585568
fig2_plus_fig3_kinetics,104,a,348.0,383.0,2.0,200.0,2.0,500.0,0.0,0.3979400086720376,1.0,2.5,True,True,True,0.04819513592605694,0.48164799306236994,1.1806179973983888,True,True,0.0346707418703806
fig2_plus_fig3_kinetics,105,a,348.0,383.0,5.0,200.0,5.0,500.0,0.0,0.3979400086720376,1.0,2.5,True,True,True,0.05039073128930781,0.9999999999999999,1.1806179973983888,True,True,0.03239872040519942
fig2_plus_fig3_kinetics,106,a,348.0,383.0,10.0,200.0,10.0,500.0,0.0,0.3979400086720376,1.0,2.5,True,True,True,0.04798364444745247,1.0,0.8795880017344073,True,True,0.03175193607058329
fig2_plus_fig3_kinetics,107,a,348.0,383.0,20.0,200.0,20.0,500.0,0.0,0.3979400086720376,1.0,2.5,True,True,True,0.04592268451352732,0.6989700043360187,0.6989700043360187,True,True,0.03130206228623682
fig2_plus_fig3_kinetics,108,a,348.0,383.0,50.0,200.0,50.0,500.0,0.0,0.3979400086720376,1.0,2.5,True,True,True,0.044614237583488425,0.6989700043360187,0.8795880017344073,True,True,0.030983458648711368
fig2_plus_fig3_kinetics,109,a,348.0,383.0,100.0,200.0,100.0,500.0,0.0,0.3979400086720376,1.0,2.5,True,True,True,0.044863940571658996,1.0,0.8795880017344073,True,True,0.03099646722031102
fig2_plus_fig3_kinetics,110,a,348.0,383.0,0.1,500.0,0.2,500.0,0.3010299956639812,0.0,2.0,1.0,True,True,True,0.07578688820441257,0.6989700043360187,0.6989700043360187,True,True,0.035137303546922766
fig2_plus_fig3_kinetics,111,a,348.0,383.0,0.2,500.0,0.2,500.0,0.0,0.0,1.0,1.0,True,True,True,0.07591927008133616,0.6989700043360187,0.6989700043360187,True,True,0.03514692103504581
fig2_plus_fig3_kinetics,112,a,348.0,383.0,0.5,500.0,0.5,500.0,0.0,0.0,1.0,1.0,True,True,True,0.07545807308515325,0.8795880017344074,0.6989700043360187,True,True,0.03504769364273216
fig2_plus_fig3_kinetics,113,a,348.0,383.0,1.0,500.0,1.0,500.0,0.0,0.0,1.0,1.0,True,True,True,0.07484841607894144,1.0,0.6989700043360187,True,True,0.03489729241523768
fig2_plus_fig3_kinetics,114,a,348.0,383.0,2.0,500.0,2.0,500.0,0.0,0.0,1.0,1.0,True,True,True,0.07221548388101705,0.48164799306236994,1.1806179973983888,True,True,0.0343368277951243
fig2_plus_fig3_kinetics,115,a,348.0,383.0,5.0,500.0,5.0,500.0,0.0,0.0,1.0,1.0,True,True,True,0.062162024780906426,0.9999999999999999,1.1806179973983888,True,True,0.03218074720123089
fig2_plus_fig3_kinetics,116,a,348.0,383.0,10.0,500.0,10.0,500.0,0.0,0.0,1.0,1.0,True,True,True,0.05972109678805439,1.0,0.8795880017344073,True,True,0.0315473343391754
fig2_plus_fig3_kinetics,117,a,348.0,383.0,20.0,500.0,20.0,500.0,0.0,0.0,1.0,1.0,True,True,True,0.05764912725067439,0.6989700043360187,0.6989700043360187,True,True,0.03110101099469776
fig2_plus_fig3_kinetics,118,a,348.0,383.0,50.0,500.0,50.0,500.0,0.0,0.0,1.0,1.0,True,True,True,0.05641323505937223,0.6989700043360187,0.8795880017344073,True,True,0.030762289331530197
fig2_plus_fig3_kinetics,119,a,348.0,383.0,100.0,500.0,100.0,500.0,0.0,0.0,1.0,1.0,True,True,True,0.05681677772097972,1.0,0.8795880017344073,True,True,0.030731894700682362
fig2_plus_fig3_kinetics,120,a,348.0,383.0,0.1,1000.0,0.2,1000.0,0.3010299956639812,0.0,2.0,1.0,True,True,True,0.06706733290253575,0.8795880017344074,1.0,True,True,0.033340866178212775
fig2_plus_fig3_kinetics,121,a,348.0,383.0,0.2,1000.0,0.2,1000.0,0.0,0.0,1.0,1.0,True,True,True,0.0671970001779311,0.8795880017344074,1.0,True,True,0.0333547054264029
fig2_plus_fig3_kinetics,122,a,348.0,383.0,0.5,1000.0,0.5,1000.0,0.0,0.0,1.0,1.0,True,True,True,0.06676161352745028,0.8795880017344074,0.8795880017344073,True,True,0.0332502482490913
fig2_plus_fig3_kinetics,123,a,348.0,383.0,1.0,1000.0,1.0,1000.0,0.0,0.0,1.0,1.0,True,True,True,0.066189663209733,0.8795880017344075,1.0,True,True,0.03310154069343599
fig2_plus_fig3_kinetics,124,a,348.0,383.0,2.0,1000.0,2.0,1000.0,0.0,0.0,1.0,1.0,True,True,True,0.06369292254887413,1.0214419939295738,1.1806179973983888,True,True,0.03254667334413246
fig2_plus_fig3_kinetics,125,a,348.0,383.0,5.0,1000.0,5.0,1000.0,0.0,0.0,1.0,1.0,True,True,True,0.05544560748936768,1.1806179973983886,1.5397940008672037,True,True,0.0303701254827802
fig2_plus_fig3_kinetics,126,a,348.0,383.0,10.0,1000.0,10.0,1000.0,0.0,0.0,1.0,1.0,True,True,True,0.05317914096677085,1.0,1.0,True,True,0.029739787830313166
fig2_plus_fig3_kinetics,127,a,348.0,383.0,20.0,1000.0,20.0,1000.0,0.0,0.0,1.0,1.0,True,True,True,0.0512014864724102,0.5785580060704261,1.0,True,True,0.02929053248162956
fig2_plus_fig3_kinetics,128,a,348.0,383.0,50.0,1000.0,50.0,1000.0,0.0,0.0,1.0,1.0,True,True,True,0.050062832547861764,0.5785580060704261,1.0,True,True,0.02895977856366164
fig2_plus_fig3_kinetics,129,a,348.0,383.0,100.0,1000.0,100.0,1000.0,0.0,0.0,1.0,1.0,True,True,True,0.050517230566915865,1.0,0.8795880017344073,True,True,0.028948672256902962
fig2_plus_fig3_kinetics,130,b,363.0,383.0,0.1,0.1,0.1,0.1,0.0,0.0,1.0,1.0,True,True,True,0.1203309743422671,0.8795880017344074,0.6989700043360187,True,True,0.041558185982101904
fig2_plus_fig3_kinetics,131,b,363.0,383.0,0.2,0.1,0.1,0.1,0.3010299956639812,0.0,2.0,1.0,True,True,True,0.09078188172997158,0.8795880017344074,0.6989700043360187,True,True,0.042452577230855174
fig2_plus_fig3_kinetics,132,b,363.0,383.0,0.5,0.1,0.5,0.1,0.0,0.0,1.0,1.0,True,True,True,0.09826191001282655,0.8795880017344074,0.6989700043360187,True,True,0.042526048807277436
fig2_plus_fig3_kinetics,133,b,363.0,383.0,1.0,0.1,1.0,0.1,0.0,0.0,1.0,1.0,True,True,True,0.08236175211231347,1.0,0.5397940008672036,True,True,0.04314518096347719
fig2_plus_fig3_kinetics,134,b,363.0,383.0,2.0,0.1,2.0,0.1,0.0,0.0,1.0,1.0,True,True,True,0.09050353336549989,1.1806179973983888,0.8795880017344074,True,True,0.04367323040535359
fig2_plus_fig3_kinetics,135,b,363.0,383.0,5.0,0.1,5.0,0.1,0.0,0.0,1.0,1.0,True,True,True,0.07606830789520362,0.4816479930623697,1.0,True,True,0.04403326353714474
fig2_plus_fig3_kinetics,136,b,363.0,383.0,10.0,0.1,10.0,0.1,0.0,0.0,1.0,1.0,True,True,True,0.08032504054810374,0.4816479930623697,1.0,True,True,0.044642154904561665
fig2_plus_fig3_kinetics,137,b,363.0,383.0,20.0,0.1,20.0,0.1,0.0,0.0,1.0,1.0,True,True,True,0.032414907524080064,0.6020599913279624,0.8795880017344074,True,True,0.053548294335316854
fig2_plus_fig3_kinetics,138,b,363.0,383.0,50.0,0.1,50.0,0.1,0.0,0.0,1.0,1.0,True,True,True,0.16291263617542828,0.6989700043360187,0.8795880017344074,True,True,0.06187131038254165
fig2_plus_fig3_kinetics,139,b,363.0,383.0,100.0,0.1,1000.0,0.1,1.0,0.0,10.0,1.0,False,True,True,0.17301587125046788,1.0,0.8795880017344074,True,True,0.04640964139934372
fig2_plus_fig3_kinetics,140,b,363.0,383.0,0.1,0.2,0.1,0.1,0.0,0.3010299956639812,1.0,2.0,True,True,True,0.08916587256633117,0.6989700043360187,0.6989700043360187,True,True,0.042586272616302955
fig2_plus_fig3_kinetics,141,b,363.0,383.0,0.2,0.2,0.1,0.1,0.3010299956639812,0.3010299956639812,2.0,2.0,True,True,True,0.0889887880515421,0.6989700043360187,0.6989700043360187,True,True,0.042566029675798214
fig2_plus_fig3_kinetics,142,b,363.0,383.0,0.5,0.2,0.5,0.1,0.0,0.3010299956639812,1.0,2.0,True,True,True,0.07976236688100102,0.8795880017344074,0.6989700043360187,True,True,0.04291570008003827
fig2_plus_fig3_kinetics,143,b,363.0,383.0,1.0,0.2,1.0,0.1,0.0,0.3010299956639812,1.0,2.0,True,True,True,0.08511035284483091,1.0,0.5397940008672036,True,True,0.04315177547464012
fig2_plus_fig3_kinetics,144,b,363.0,383.0,2.0,0.2,2.0,0.1,0.0,0.3010299956639812,1.0,2.0,True,True,True,0.06964494564888155,1.1806179973983888,0.8795880017344074,True,True,0.04407326433802942
fig2_plus_fig3_kinetics,145,b,363.0,383.0,5.0,0.2,5.0,0.1,0.0,0.3010299956639812,1.0,2.0,True,True,True,0.07876004899669019,0.4816479930623697,1.0,True,True,0.04405634511454343
fig2_plus_fig3_kinetics,146,b,363.0,383.0,10.0,0.2,10.0,0.1,0.0,0.3010299956639812,1.0,2.0,True,True,True,0.020234225318271338,0.4816479930623697,1.0,True,True,0.045844339168663484
fig2_plus_fig3_kinetics,147,b,363.0,383.0,20.0,0.2,20.0,0.2,0.0,0.0,1.0,1.0,True,True,True,0.04138410366964403,0.6020599913279624,0.8795880017344074,True,True,0.05324877901677141
fig2_plus_fig3_kinetics,148,b,363.0,383.0,50.0,0.2,50.0,0.2,0.0,0.0,1.0,1.0,True,True,True,0.18735607653927483,1.3010299956639813,0.8795880017344074,True,True,0.06233979650625937
fig2_plus_fig3_kinetics,149,b,363.0,383.0,100.0,0.2,1000.0,0.2,1.0,0.0,10.0,1.0,False,True,True,0.11223291973380516,1.0,0.6989700043360187,True,True,0.04761667460674692
fig2_plus_fig3_kinetics,150,b,363.0,383.0,0.1,0.5,0.1,0.5,0.0,0.0,1.0,1.0,True,True,True,0.057144118112830204,0.6989700043360187,0.6989700043360187,True,True,0.04556787637074969
fig2_plus_fig3_kinetics,151,b,363.0,383.0,0.2,0.5,0.1,0.5,0.3010299956639812,0.0,2.0,1.0,True,True,True,0.0570408204821539,0.6989700043360187,0.6989700043360187,True,True,0.04552938269842914
fig2_plus_fig3_kinetics,152,b,363.0,383.0,0.5,0.5,0.5,0.5,0.0,0.0,1.0,1.0,True,True,True,0.039206539308169426,1.0,0.5785580060704263,True,True,0.04556499391163615
fig2_plus_fig3_kinetics,153,b,363.0,383.0,1.0,0.5,1.0,0.5,0.0,0.0,1.0,1.0,True,True,True,0.036932805687700625,0.8795880017344075,0.8795880017344074,True,True,0.04574595449745331
fig2_plus_fig3_kinetics,154,b,363.0,383.0,2.0,0.5,2.0,0.5,0.0,0.0,1.0,1.0,True,True,True,0.04409874367986755,0.840823996531185,0.8795880017344074,True,True,0.046233758207794726
fig2_plus_fig3_kinetics,155,b,363.0,383.0,5.0,0.5,5.0,0.5,0.0,0.0,1.0,1.0,True,True,True,0.023180218434292753,0.4816479930623697,1.0,True,True,0.04638504196433893
fig2_plus_fig3_kinetics,156,b,363.0,383.0,10.0,0.5,10.0,0.5,0.0,0.0,1.0,1.0,True,True,True,0.026195383031278708,0.4816479930623697,1.0,True,True,0.04700010408393828
fig2_plus_fig3_kinetics,157,b,363.0,383.0,20.0,0.5,20.0,0.5,0.0,0.0,1.0,1.0,True,True,True,0.0453557449507594,0.6020599913279624,0.8795880017344074,True,True,0.05306673894386442
fig2_plus_fig3_kinetics,158,b,363.0,383.0,50.0,0.5,50.0,0.5,0.0,0.0,1.0,1.0,True,True,True,0.17346229464525978,1.3010299956639813,0.8795880017344074,True,True,0.0613737005432963
fig2_plus_fig3_kinetics,159,b,363.0,383.0,100.0,0.5,100.0,0.5,0.0,0.0,1.0,1.0,True,True,True,0.11724171776432188,1.0,0.8795880017344074,True,True,0.057357115803403316
fig2_plus_fig3_kinetics,160,b,363.0,383.0,0.1,1.0,0.2,1.0,0.3010299956639812,0.0,2.0,1.0,True,True,True,0.059024276855015274,1.0,0.5397940008672037,True,True,0.047364939482050644
fig2_plus_fig3_kinetics,161,b,363.0,383.0,0.2,1.0,0.2,1.0,0.0,0.0,1.0,1.0,True,True,True,0.0591179969584257,1.0,0.5397940008672037,True,True,0.047401304877799255
fig2_plus_fig3_kinetics,162,b,363.0,383.0,0.5,1.0,0.5,1.0,0.0,0.0,1.0,1.0,True,True,True,0.05553842430096213,1.0,0.5397940008672037,True,True,0.04739407400316702
fig2_plus_fig3_kinetics,163,b,363.0,383.0,1.0,1.0,1.0,1.0,0.0,0.0,1.0,1.0,True,True,True,0.05103941529280039,1.0602059991327961,0.8795880017344075,True,True,0.04753178555775474
fig2_plus_fig3_kinetics,164,b,363.0,383.0,2.0,1.0,2.0,1.0,0.0,0.0,1.0,1.0,True,True,True,0.038262991789577906,1.1806179973983888,0.8795880017344075,True,True,0.04794105422608638
fig2_plus_fig3_kinetics,165,b,363.0,383.0,5.0,1.0,5.0,1.0,0.0,0.0,1.0,1.0,True,True,True,0.01592916027074955,0.4816479930623697,1.0,True,True,0.047876608494284
fig2_plus_fig3_kinetics,166,b,363.0,383.0,10.0,1.0,10.0,1.0,0.0,0.0,1.0,1.0,True,True,True,0.018277845438349732,0.4816479930623697,1.0,True,True,0.04831865670494601
fig2_plus_fig3_kinetics,167,b,363.0,383.0,20.0,1.0,20.0,1.0,0.0,0.0,1.0,1.0,True,True,True,0.035548066408617886,0.48164799306236994,1.0,True,True,0.05333186504693134
fig2_plus_fig3_kinetics,168,b,363.0,383.0,50.0,1.0,50.0,1.0,0.0,0.0,1.0,1.0,True,True,True,0.15284814050820258,0.5785580060704261,1.0,True,True,0.05839987700844186
fig2_plus_fig3_kinetics,169,b,363.0,383.0,100.0,1.0,100.0,1.0,0.0,0.0,1.0,1.0,True,True,True,0.20807583015553818,1.0214419939295736,1.0,True,True,0.050115077077949446
fig2_plus_fig3_kinetics,170,b,363.0,383.0,0.1,2.0,0.2,2.0,0.3010299956639812,0.0,2.0,1.0,True,True,True,0.08695914686300532,1.1806179973983886,0.3010299956639812,True,True,0.0544126644954321
fig2_plus_fig3_kinetics,171,b,363.0,383.0,0.2,2.0,0.2,2.0,0.0,0.0,1.0,1.0,True,True,True,0.0871396866897429,1.1806179973983886,0.3010299956639812,True,True,0.05444915163792393
fig2_plus_fig3_kinetics,172,b,363.0,383.0,0.5,2.0,0.5,2.0,0.0,0.0,1.0,1.0,True,True,True,0.09936024746477325,1.1806179973983886,0.3010299956639812,True,True,0.054032067785923274
fig2_plus_fig3_kinetics,173,b,363.0,383.0,1.0,2.0,1.0,2.0,0.0,0.0,1.0,1.0,True,True,True,0.09510294643070608,1.1806179973983886,0.3010299956639812,True,True,0.05400037957216434
fig2_plus_fig3_kinetics,174,b,363.0,383.0,2.0,2.0,2.0,2.0,0.0,0.0,1.0,1.0,True,True,True,0.10785509961593795,1.759176003468815,0.48164799306236994,True,True,0.053516462292563544
fig2_plus_fig3_kinetics,175,b,363.0,383.0,5.0,2.0,5.0,2.0,0.0,0.0,1.0,1.0,True,True,True,0.06582469185123667,0.7204119982655923,0.840823996531185,True,True,0.052970934393723634
fig2_plus_fig3_kinetics,176,b,363.0,383.0,10.0,2.0,10.0,2.0,0.0,0.0,1.0,1.0,True,True,True,0.08875814845450179,0.6020599913279624,1.1806179973983888,True,True,0.051845254036786116
fig2_plus_fig3_kinetics,177,b,363.0,383.0,20.0,2.0,20.0,2.0,0.0,0.0,1.0,1.0,True,True,True,0.07456989143899573,0.7204119982655922,1.1806179973983888,True,True,0.05466099784289294
fig2_plus_fig3_kinetics,178,b,363.0,383.0,50.0,2.0,50.0,2.0,0.0,0.0,1.0,1.0,True,True,True,0.12492653357662774,1.1806179973983886,1.1806179973983888,True,True,0.0568624043107167
fig2_plus_fig3_kinetics,179,b,363.0,383.0,100.0,2.0,100.0,2.0,0.0,0.0,1.0,1.0,True,True,True,0.0816058745048829,1.0602059991327961,0.840823996531185,True,True,0.053567611344098535
fig2_plus_fig3_kinetics,180,b,363.0,383.0,0.1,5.0,0.1,5.0,0.0,0.0,1.0,1.0,True,True,True,0.11962222254548067,1.1806179973983886,0.30102999566398114,True,True,0.054450017626595855
fig2_plus_fig3_kinetics,181,b,363.0,383.0,0.2,5.0,0.1,5.0,0.3010299956639812,0.0,2.0,1.0,True,True,True,0.11935798297078655,1.1806179973983886,0.30102999566398114,True,True,0.05442832142386834
fig2_plus_fig3_kinetics,182,b,363.0,383.0,0.5,5.0,0.5,5.0,0.0,0.0,1.0,1.0,True,True,True,0.0991161139956049,1.1806179973983886,0.30102999566398114,True,True,0.053712716387222026
fig2_plus_fig3_kinetics,183,b,363.0,383.0,1.0,5.0,1.0,5.0,0.0,0.0,1.0,1.0,True,True,True,0.10205136516759616,1.1806179973983886,0.30102999566398114,True,True,0.05300883007961701
fig2_plus_fig3_kinetics,184,b,363.0,383.0,2.0,5.0,2.0,5.0,0.0,0.0,1.0,1.0,True,True,True,0.11224541910526786,1.419382002601611,0.4816479930623697,True,True,0.051651620676536496
fig2_plus_fig3_kinetics,185,b,363.0,383.0,5.0,5.0,5.0,5.0,0.0,0.0,1.0,1.0,True,True,True,0.13511588506807554,1.0602059991327961,0.8408239965311847,True,True,0.04820825088926208
fig2_plus_fig3_kinetics,186,b,363.0,383.0,10.0,5.0,10.0,5.0,0.0,0.0,1.0,1.0,True,True,True,0.14525607011662553,0.840823996531185,0.8408239965311847,True,True,0.0469174085874061
fig2_plus_fig3_kinetics,187,b,363.0,383.0,20.0,5.0,20.0,5.0,0.0,0.0,1.0,1.0,True,True,True,0.1498750996146611,0.48164799306236994,1.840823996531185,True,True,0.044636738155280076
fig2_plus_fig3_kinetics,188,b,363.0,383.0,50.0,5.0,50.0,5.0,0.0,0.0,1.0,1.0,True,True,True,0.058151318074957596,0.30102999566398125,1.840823996531185,True,True,0.03743368726826495
fig2_plus_fig3_kinetics,189,b,363.0,383.0,100.0,5.0,100.0,5.0,0.0,0.0,1.0,1.0,True,True,True,0.07190831555032155,1.0602059991327961,1.3612359947967771,True,True,0.03421028335886676
fig2_plus_fig3_kinetics,190,b,363.0,383.0,0.1,10.0,0.2,10.0,0.3010299956639812,0.0,2.0,1.0,True,True,True,0.13631774150438547,0.8795880017344074,0.6020599913279624,True,True,0.050446278649547704
fig2_plus_fig3_kinetics,191,b,363.0,383.0,0.2,10.0,0.1,10.0,0.3010299956639812,0.0,2.0,1.0,True,True,True,0.13630833744876297,0.8795880017344074,0.6020599913279624,True,True,0.050796817159395165
fig2_plus_fig3_kinetics,192,b,363.0,383.0,0.5,10.0,0.5,10.0,0.0,0.0,1.0,1.0,True,True,True,0.13736506899815884,0.8795880017344074,0.6020599913279624,True,True,0.04993124037211167
fig2_plus_fig3_kinetics,193,b,363.0,383.0,1.0,10.0,1.0,10.0,0.0,0.0,1.0,1.0,True,True,True,0.13943357695089906,1.0602059991327961,0.7204119982655922,True,True,0.049347533513726685
fig2_plus_fig3_kinetics,194,b,363.0,383.0,2.0,10.0,2.0,10.0,0.0,0.0,1.0,1.0,True,True,True,0.1478249792991342,1.1806179973983888,1.060205999132796,True,True,0.048119066608837996
fig2_plus_fig3_kinetics,195,b,363.0,383.0,5.0,10.0,5.0,10.0,0.0,0.0,1.0,1.0,True,True,True,0.04290185089348215,0.30102999566398114,1.901029995663981,True,True,0.0453410474053427
fig2_plus_fig3_kinetics,196,b,363.0,383.0,10.0,10.0,10.0,10.0,0.0,0.0,1.0,1.0,True,True,True,0.051161778569188146,0.4816479930623697,1.1806179973983886,True,True,0.04424975077228307
fig2_plus_fig3_kinetics,197,b,363.0,383.0,20.0,10.0,20.0,10.0,0.0,0.0,1.0,1.0,True,True,True,0.05158411377070878,0.1806179973983888,2.060205999132796,True,True,0.04250080451555479
fig2_plus_fig3_kinetics,198,b,363.0,383.0,50.0,10.0,50.0,10.0,0.0,0.0,1.0,1.0,True,True,True,0.060111183338262056,0.18061799739838857,2.060205999132796,True,True,0.03601738217949968
fig2_plus_fig3_kinetics,199,b,363.0,383.0,100.0,10.0,100.0,10.0,0.0,0.0,1.0,1.0,True,True,True,0.07416176261979435,0.30102999566398125,1.8795880017344073,True,True,0.033511627864439036
fig2_plus_fig3_kinetics,200,b,363.0,383.0,0.1,20.0,0.1,20.0,0.0,0.0,1.0,1.0,True,True,True,0.04940926779630033,0.8795880017344074,0.6989700043360187,True,True,0.049613476832410866
fig2_plus_fig3_kinetics,201,b,363.0,383.0,0.2,20.0,0.1,20.0,0.3010299956639812,0.0,2.0,1.0,True,True,True,0.04933468120545914,0.8795880017344074,0.6989700043360187,True,True,0.049585488029750005
fig2_plus_fig3_kinetics,202,b,363.0,383.0,0.5,20.0,0.5,20.0,0.0,0.0,1.0,1.0,True,True,True,0.05014491745155396,1.0,0.5397940008672035,True,True,0.04882232556070899
fig2_plus_fig3_kinetics,203,b,363.0,383.0,1.0,20.0,1.0,20.0,0.0,0.0,1.0,1.0,True,True,True,0.05034263977129482,1.0,0.5397940008672035,True,True,0.04832779395299769
fig2_plus_fig3_kinetics,204,b,363.0,383.0,2.0,20.0,2.0,20.0,0.0,0.0,1.0,1.0,True,True,True,0.04787507694848999,0.48164799306236994,1.7204119982655923,True,True,0.04727522400231509
fig2_plus_fig3_kinetics,205,b,363.0,383.0,5.0,20.0,5.0,10.0,0.0,0.3010299956639812,1.0,2.0,True,True,True,0.038456288890643744,0.30102999566398114,1.7204119982655923,True,True,0.045519371329950126
fig2_plus_fig3_kinetics,206,b,363.0,383.0,10.0,20.0,10.0,10.0,0.0,0.3010299956639812,1.0,2.0,True,True,True,0.046590250261642895,0.4816479930623697,1.0,True,True,0.044473124665929564
fig2_plus_fig3_kinetics,207,b,363.0,383.0,20.0,20.0,20.0,10.0,0.0,0.3010299956639812,1.0,2.0,True,True,True,0.04685610877054323,0.48164799306236994,1.7204119982655923,True,True,0.042796820977830594
fig2_plus_fig3_kinetics,208,b,363.0,383.0,50.0,20.0,50.0,20.0,0.0,0.0,1.0,1.0,True,True,True,0.04378936496308979,0.18061799739838857,2.060205999132796,True,True,0.03647589409913157
fig2_plus_fig3_kinetics,209,b,363.0,383.0,100.0,20.0,100.0,20.0,0.0,0.0,1.0,1.0,True,True,True,0.04883413320448656,0.7204119982655923,1.7204119982655923,True,True,0.03443169097814184
fig2_plus_fig3_kinetics,210,b,363.0,383.0,0.1,50.0,0.1,50.0,0.0,0.0,1.0,1.0,True,True,True,0.03579064889851665,0.6989700043360187,1.3010299956639813,True,True,0.04672986673394075
fig2_plus_fig3_kinetics,211,b,363.0,383.0,0.2,50.0,0.1,50.0,0.3010299956639812,0.0,2.0,1.0,True,True,True,0.03574082827320662,0.6989700043360187,1.3010299956639813,True,True,0.04669847552127862
fig2_plus_fig3_kinetics,212,b,363.0,383.0,0.5,50.0,0.5,50.0,0.0,0.0,1.0,1.0,True,True,True,0.0366091023035114,0.6989700043360187,1.3010299956639813,True,True,0.046057812719240636
fig2_plus_fig3_kinetics,213,b,363.0,383.0,1.0,50.0,1.0,50.0,0.0,0.0,1.0,1.0,True,True,True,0.03684580683241245,0.8795880017344075,1.1806179973983886,True,True,0.045653407217824155
fig2_plus_fig3_kinetics,214,b,363.0,383.0,2.0,50.0,2.0,50.0,0.0,0.0,1.0,1.0,True,True,True,0.03455365212558292,0.3010299956639812,1.7591760034688149,True,True,0.04478031936710096
fig2_plus_fig3_kinetics,215,b,363.0,383.0,5.0,50.0,5.0,50.0,0.0,0.0,1.0,1.0,True,True,True,0.018998540867659116,0.30102999566398114,1.7591760034688149,True,True,0.04201366525363733
fig2_plus_fig3_kinetics,216,b,363.0,383.0,10.0,50.0,10.0,50.0,0.0,0.0,1.0,1.0,True,True,True,0.015251135157175319,0.30102999566398114,1.7591760034688149,True,True,0.04113031545350604
fig2_plus_fig3_kinetics,217,b,363.0,383.0,20.0,50.0,20.0,50.0,0.0,0.0,1.0,1.0,True,True,True,0.02052498882991952,0.30102999566398125,1.7591760034688149,True,True,0.03986156398071517
fig2_plus_fig3_kinetics,218,b,363.0,383.0,50.0,50.0,50.0,50.0,0.0,0.0,1.0,1.0,True,True,True,0.04515219830254783,0.30102999566398125,1.7591760034688149,True,True,0.03561716821634631
fig2_plus_fig3_kinetics,219,b,363.0,383.0,100.0,50.0,100.0,50.0,0.0,0.0,1.0,1.0,True,True,True,0.058861031654871505,0.30102999566398125,1.7591760034688149,True,True,0.03393891546770301
fig2_plus_fig3_kinetics,220,b,363.0,383.0,0.1,100.0,0.1,1000.0,0.0,1.0,1.0,10.0,False,False,True,0.008058945740676348,0.8795880017344074,0.6989700043360187,True,False,0.03622939504030856
fig2_plus_fig3_kinetics,221,b,363.0,383.0,0.2,100.0,0.1,1000.0,0.3010299956639812,1.0,2.0,10.0,False,False,True,0.008046039756530992,0.8795880017344074,0.6989700043360187,True,False,0.036205591671673865
fig2_plus_fig3_kinetics,222,b,363.0,383.0,0.5,100.0,0.5,1000.0,0.0,1.0,1.0,10.0,False,False,True,0.008267724647100924,0.8795880017344074,0.8795880017344073,True,False,0.035828930861552075
fig2_plus_fig3_kinetics,223,b,363.0,383.0,1.0,100.0,1.0,1000.0,0.0,1.0,1.0,10.0,False,False,True,0.007913893934731507,1.0,0.8795880017344073,True,False,0.03559342422141007
fig2_plus_fig3_kinetics,224,b,363.0,383.0,2.0,100.0,2.0,1000.0,0.0,1.0,1.0,10.0,False,True,True,0.004129101439324467,0.48164799306236994,1.1806179973983888,True,True,0.035057802938600946
fig2_plus_fig3_kinetics,225,b,363.0,383.0,5.0,100.0,5.0,1000.0,0.0,1.0,1.0,10.0,False,True,True,0.014624617912189854,0.30102999566398114,1.1806179973983888,True,True,0.033186870265249295
fig2_plus_fig3_kinetics,226,b,363.0,383.0,10.0,100.0,10.0,1000.0,0.0,1.0,1.0,10.0,False,True,True,0.01946866526764579,0.30102999566398114,1.1806179973983888,True,True,0.032570831451197185
fig2_plus_fig3_kinetics,227,b,363.0,383.0,20.0,100.0,20.0,1000.0,0.0,1.0,1.0,10.0,False,True,True,0.015351699971503752,0.30102999566398125,1.8795880017344075,True,True,0.03176671510818649
fig2_plus_fig3_kinetics,228,b,363.0,383.0,50.0,100.0,50.0,1000.0,0.0,1.0,1.0,10.0,False,True,True,0.011955681347333897,0.30102999566398125,1.8795880017344075,True,True,0.02935989152467675
fig2_plus_fig3_kinetics,229,b,363.0,383.0,100.0,100.0,100.0,1000.0,0.0,1.0,1.0,10.0,False,True,True,0.024830596742856807,0.7204119982655923,1.1806179973983888,True,True,0.028450635638893017
fig2_plus_fig3_kinetics,230,b,363.0,383.0,0.1,200.0,0.2,500.0,0.3010299956639812,0.3979400086720376,2.0,2.5,True,True,True,0.08062984680034868,0.6989700043360187,0.6989700043360187,True,True,0.03784069404904475
fig2_plus_fig3_kinetics,231,b,363.0,383.0,0.2,200.0,0.2,500.0,0.0,0.3979400086720376,1.0,2.5,True,True,True,0.08072751007974598,0.6989700043360187,0.6989700043360187,True,True,0.03785909229839902
fig2_plus_fig3_kinetics,232,b,363.0,383.0,0.5,200.0,0.5,500.0,0.0,0.3979400086720376,1.0,2.5,True,True,True,0.08063153525642755,0.6989700043360187,0.6989700043360187,True,True,0.037613861554765746
fig2_plus_fig3_kinetics,233,b,363.0,383.0,1.0,200.0,1.0,500.0,0.0,0.3979400086720376,1.0,2.5,True,True,True,0.0802259712613804,1.0,0.6989700043360187,True,True,0.03735327252142039
fig2_plus_fig3_kinetics,234,b,363.0,383.0,2.0,200.0,2.0,500.0,0.0,0.3979400086720376,1.0,2.5,True,True,True,0.07647153671361016,0.48164799306236994,1.1806179973983888,True,True,0.03676786505583587
fig2_plus_fig3_kinetics,235,b,363.0,383.0,5.0,200.0,5.0,500.0,0.0,0.3979400086720376,1.0,2.5,True,True,True,0.05776308180919356,0.30102999566398114,1.1806179973983888,True,True,0.03479239394278685
fig2_plus_fig3_kinetics,236,b,363.0,383.0,10.0,200.0,10.0,500.0,0.0,0.3979400086720376,1.0,2.5,True,True,True,0.05295038897386893,0.30102999566398114,1.1806179973983888,True,True,0.03414894216200935
fig2_plus_fig3_kinetics,237,b,363.0,383.0,20.0,200.0,20.0,500.0,0.0,0.3979400086720376,1.0,2.5,True,True,True,0.05725994880933551,0.30102999566398125,1.5397940008672037,True,True,0.03326342825653378
fig2_plus_fig3_kinetics,238,b,363.0,383.0,50.0,200.0,50.0,500.0,0.0,0.3979400086720376,1.0,2.5,True,True,True,0.07946830246504981,0.30102999566398125,1.8795880017344075,True,True,0.030474580288926762
fig2_plus_fig3_kinetics,239,b,363.0,383.0,100.0,200.0,100.0,500.0,0.0,0.3979400086720376,1.0,2.5,True,True,True,0.09043835580707771,0.7204119982655923,1.1806179973983888,True,True,0.029363839541093388
fig2_plus_fig3_kinetics,240,b,363.0,383.0,0.1,500.0,0.2,500.0,0.3010299956639812,0.0,2.0,1.0,True,True,True,0.09885384593994949,0.6989700043360187,0.6989700043360187,True,True,0.03761905095115037
fig2_plus_fig3_kinetics,241,b,363.0,383.0,0.2,500.0,0.2,500.0,0.0,0.0,1.0,1.0,True,True,True,0.09898601094346689,0.6989700043360187,0.6989700043360187,True,True,0.037627526765714986
fig2_plus_fig3_kinetics,242,b,363.0,383.0,0.5,500.0,0.5,500.0,0.0,0.0,1.0,1.0,True,True,True,0.09883325376023284,0.8795880017344074,0.6989700043360187,True,True,0.037399043607147284
fig2_plus_fig3_kinetics,243,b,363.0,383.0,1.0,500.0,1.0,500.0,0.0,0.0,1.0,1.0,True,True,True,0.09843479633254174,1.0,0.6989700043360187,True,True,0.03713696277448262
fig2_plus_fig3_kinetics,244,b,363.0,383.0,2.0,500.0,2.0,500.0,0.0,0.0,1.0,1.0,True,True,True,0.09475591354518145,0.48164799306236994,1.1806179973983888,True,True,0.0365309329173001
fig2_plus_fig3_kinetics,245,b,363.0,383.0,5.0,500.0,5.0,500.0,0.0,0.0,1.0,1.0,True,True,True,0.0762457127274289,0.30102999566398114,1.1806179973983888,True,True,0.034498605978742394
fig2_plus_fig3_kinetics,246,b,363.0,383.0,10.0,500.0,10.0,500.0,0.0,0.0,1.0,1.0,True,True,True,0.07149509997105978,0.30102999566398114,1.1806179973983888,True,True,0.03383648001581537
fig2_plus_fig3_kinetics,247,b,363.0,383.0,20.0,500.0,20.0,500.0,0.0,0.0,1.0,1.0,True,True,True,0.07592564171392079,0.30102999566398125,1.5397940008672037,True,True,0.032917485983568126
fig2_plus_fig3_kinetics,248,b,363.0,383.0,50.0,500.0,50.0,500.0,0.0,0.0,1.0,1.0,True,True,True,0.0985095337276619,0.30102999566398125,1.8795880017344075,True,True,0.030024942984140685
fig2_plus_fig3_kinetics,249,b,363.0,383.0,100.0,500.0,100.0,500.0,0.0,0.0,1.0,1.0,True,True,True,0.1097159548411294,0.7204119982655923,1.1806179973983888,True,True,0.028849816217744316
fig2_plus_fig3_kinetics,250,b,363.0,383.0,0.1,1000.0,0.2,1000.0,0.3010299956639812,0.0,2.0,1.0,True,True,True,0.08788292366020338,0.8795880017344074,0.8795880017344073,True,True,0.03583873169048401
fig2_plus_fig3_kinetics,251,b,363.0,383.0,0.2,1000.0,0.2,1000.0,0.0,0.0,1.0,1.0,True,True,True,0.08801283852916329,0.8795880017344074,1.0,True,True,0.0358512131101174
fig2_plus_fig3_kinetics,252,b,363.0,383.0,0.5,1000.0,0.5,1000.0,0.0,0.0,1.0,1.0,True,True,True,0.08791924420715096,0.8795880017344074,0.8795880017344073,True,True,0.03563811284288089
fig2_plus_fig3_kinetics,253,b,363.0,383.0,1.0,1000.0,1.0,1000.0,0.0,0.0,1.0,1.0,True,True,True,0.0875892254559836,1.0,0.8795880017344073,True,True,0.03540229275353361
fig2_plus_fig3_kinetics,254,b,363.0,383.0,2.0,1000.0,2.0,1000.0,0.0,0.0,1.0,1.0,True,True,True,0.08405756917090727,0.48164799306236994,1.1806179973983888,True,True,0.03485954350286335
fig2_plus_fig3_kinetics,255,b,363.0,383.0,5.0,1000.0,5.0,1000.0,0.0,0.0,1.0,1.0,True,True,True,0.06646713770527542,0.30102999566398114,1.1806179973983888,True,True,0.03298775393204627
fig2_plus_fig3_kinetics,256,b,363.0,383.0,10.0,1000.0,10.0,1000.0,0.0,0.0,1.0,1.0,True,True,True,0.06181066043687538,0.30102999566398114,1.1806179973983888,True,True,0.03237427660571976
fig2_plus_fig3_kinetics,257,b,363.0,383.0,20.0,1000.0,20.0,1000.0,0.0,0.0,1.0,1.0,True,True,True,0.06636999556686829,0.30102999566398125,1.8795880017344075,True,True,0.03153611793789099
fig2_plus_fig3_kinetics,258,b,363.0,383.0,50.0,1000.0,50.0,1000.0,0.0,0.0,1.0,1.0,True,True,True,0.08955396920266298,0.30102999566398125,1.8795880017344075,True,True,0.028936265018403767
fig2_plus_fig3_kinetics,259,b,363.0,383.0,100.0,1000.0,100.0,1000.0,0.0,0.0,1.0,1.0,True,True,True,0.10116353224057884,0.8795880017344073,1.1806179973983888,True,True,0.027896086677601843
fig2_plus_fig3_kinetics,260,c,373.0,383.0,0.1,0.1,0.1,0.1,0.0,0.0,1.0,1.0,True,True,True,0.15321722192564727,0.6989700043360187,0.6989700043360187,True,True,0.04059759381878742
fig2_plus_fig3_kinetics,261,c,373.0,383.0,0.2,0.1,0.1,0.1,0.3010299956639812,0.0,2.0,1.0,True,True,True,0.10872169848356898,0.6989700043360187,0.6989700043360187,True,True,0.04203392867773148
fig2_plus_fig3_kinetics,262,c,373.0,383.0,0.5,0.1,0.5,0.1,0.0,0.0,1.0,1.0,True,True,True,0.07869205019726197,0.8795880017344074,0.6989700043360187,True,True,0.043163717124249115
fig2_plus_fig3_kinetics,263,c,373.0,383.0,1.0,0.1,1.0,0.2,0.0,0.3010299956639812,1.0,2.0,True,True,True,0.0642077320602932,0.8795880017344075,0.6989700043360187,True,True,0.04430316198312074
fig2_plus_fig3_kinetics,264,c,373.0,383.0,2.0,0.1,2.0,0.2,0.0,0.3010299956639812,1.0,2.0,True,True,True,0.12118383520784563,0.48164799306236994,1.0,True,True,0.04502578772934848
fig2_plus_fig3_kinetics,265,c,373.0,383.0,5.0,0.1,5.0,0.1,0.0,0.0,1.0,1.0,True,True,True,0.10171516081865047,0.39794000867203766,1.1806179973983886,True,True,0.048468266630989
fig2_plus_fig3_kinetics,266,c,373.0,383.0,10.0,0.1,10.0,0.1,0.0,0.0,1.0,1.0,True,True,True,0.14961754919022296,0.4816479930623697,1.1806179973983886,True,True,0.05505962877329993
fig2_plus_fig3_kinetics,267,c,373.0,383.0,20.0,0.1,20.0,0.1,0.0,0.0,1.0,1.0,True,True,True,0.0619549842054946,0.6989700043360187,0.8795880017344074,True,True,0.048264740875371435
fig2_plus_fig3_kinetics,268,c,373.0,383.0,50.0,0.1,100.0,0.1,0.3010299956639812,0.0,2.0,1.0,True,True,True,0.031457615513416325,0.6020599913279625,0.6989700043360187,True,True,0.037763840506062296
fig2_plus_fig3_kinetics,269,c,373.0,383.0,100.0,0.1,1000.0,0.1,1.0,0.0,10.0,1.0,False,True,True,0.08135403322008354,1.0,0.5397940008672036,True,True,0.02674845448604911
fig2_plus_fig3_kinetics,270,c,373.0,383.0,0.1,0.2,0.1,0.1,0.0,0.3010299956639812,1.0,2.0,True,True,True,0.13711034761237223,0.6989700043360187,0.6989700043360187,True,True,0.04138486332707182
fig2_plus_fig3_kinetics,271,c,373.0,383.0,0.2,0.2,0.1,0.1,0.3010299956639812,0.3010299956639812,2.0,2.0,True,True,True,0.12154651333369274,0.6989700043360187,0.6989700043360187,True,True,0.04182161936314309
fig2_plus_fig3_kinetics,272,c,373.0,383.0,0.5,0.2,0.1,0.1,0.6989700043360187,0.3010299956639812,5.0,2.0,False,True,True,0.10579859541073731,0.6989700043360187,0.6989700043360187,True,True,0.04215893014656684
fig2_plus_fig3_kinetics,273,c,373.0,383.0,1.0,0.2,1.0,0.1,0.0,0.3010299956639812,1.0,2.0,True,True,True,0.08577836276909213,1.0,0.5397940008672036,True,True,0.0437845227571295
fig2_plus_fig3_kinetics,274,c,373.0,383.0,2.0,0.2,2.0,0.1,0.0,0.3010299956639812,1.0,2.0,True,True,True,0.07654352647089457,0.6020599913279624,0.8795880017344074,True,True,0.045382458346050744
fig2_plus_fig3_kinetics,275,c,373.0,383.0,5.0,0.2,5.0,0.2,0.0,0.0,1.0,1.0,True,True,True,0.09807902897199675,0.39794000867203766,1.1806179973983886,True,True,0.04834525918857318
fig2_plus_fig3_kinetics,276,c,373.0,383.0,10.0,0.2,10.0,0.2,0.0,0.0,1.0,1.0,True,True,True,0.16117069282742838,0.4816479930623697,1.1806179973983886,True,True,0.05417841884048647
fig2_plus_fig3_kinetics,277,c,373.0,383.0,20.0,0.2,20.0,0.2,0.0,0.0,1.0,1.0,True,True,True,0.06786373399141313,0.6989700043360187,0.8795880017344074,True,True,0.04739968725194495
fig2_plus_fig3_kinetics,278,c,373.0,383.0,50.0,0.2,100.0,0.2,0.3010299956639812,0.0,2.0,1.0,True,True,True,0.023993443300851562,0.6020599913279625,0.6989700043360187,True,True,0.037473129427135314
fig2_plus_fig3_kinetics,279,c,373.0,383.0,100.0,0.2,1000.0,0.1,1.0,0.3010299956639812,10.0,2.0,False,True,True,0.0749410116004664,1.0,0.5397940008672036,True,True,0.027241060950199965
fig2_plus_fig3_kinetics,280,c,373.0,383.0,0.1,0.5,0.1,0.5,0.0,0.0,1.0,1.0,True,True,True,0.09237944931572552,0.6989700043360187,0.6989700043360187,True,True,0.04414882337581578
fig2_plus_fig3_kinetics,281,c,373.0,383.0,0.2,0.5,0.1,0.5,0.3010299956639812,0.0,2.0,1.0,True,True,True,0.08039405512056978,0.6989700043360187,0.6989700043360187,True,True,0.04422442256326115
fig2_plus_fig3_kinetics,282,c,373.0,383.0,0.5,0.5,0.5,0.5,0.0,0.0,1.0,1.0,True,True,True,0.07050497837301445,0.8795880017344075,0.759176003468815,True,True,0.0445985542127276
fig2_plus_fig3_kinetics,283,c,373.0,383.0,1.0,0.5,1.0,0.5,0.0,0.0,1.0,1.0,True,True,True,0.061035688560114605,0.8795880017344075,0.8795880017344074,True,True,0.04502369466593159
fig2_plus_fig3_kinetics,284,c,373.0,383.0,2.0,0.5,2.0,0.5,0.0,0.0,1.0,1.0,True,True,True,0.10750188358078747,0.48164799306236994,1.0,True,True,0.04566295064832562
fig2_plus_fig3_kinetics,285,c,373.0,383.0,5.0,0.5,5.0,0.5,0.0,0.0,1.0,1.0,True,True,True,0.13204900962897678,0.39794000867203766,1.1806179973983886,True,True,0.04777888576249653
fig2_plus_fig3_kinetics,286,c,373.0,383.0,10.0,0.5,10.0,0.5,0.0,0.0,1.0,1.0,True,True,True,0.038011764497295424,0.30102999566398125,1.1806179973983886,True,True,0.05382835970400496
fig2_plus_fig3_kinetics,287,c,373.0,383.0,20.0,0.5,20.0,0.5,0.0,0.0,1.0,1.0,True,True,True,0.07732734529202798,0.5785580060704261,1.0,True,True,0.04620236931736933
fig2_plus_fig3_kinetics,288,c,373.0,383.0,50.0,0.5,50.0,0.5,0.0,0.0,1.0,1.0,True,True,True,0.016225167735521958,0.48164799306236983,1.0,True,True,0.040555458442582924
fig2_plus_fig3_kinetics,289,c,373.0,383.0,100.0,0.5,1000.0,0.5,1.0,0.0,10.0,1.0,False,True,True,0.06464790773080933,0.8795880017344073,0.6989700043360187,False,True,0.027962325405724027
fig2_plus_fig3_kinetics,290,c,373.0,383.0,0.1,1.0,0.2,1.0,0.3010299956639812,0.0,2.0,1.0,True,True,True,0.07276029134339815,1.0,0.5397940008672037,True,True,0.045730551294058244
fig2_plus_fig3_kinetics,291,c,373.0,383.0,0.2,1.0,0.2,1.0,0.0,0.0,1.0,1.0,True,True,True,0.09196156963259872,1.0,0.5397940008672037,True,True,0.04563317739580185
fig2_plus_fig3_kinetics,292,c,373.0,383.0,0.5,1.0,0.5,1.0,0.0,0.0,1.0,1.0,True,True,True,0.0834721939566729,1.0,0.5397940008672037,True,True,0.045782366971261576
fig2_plus_fig3_kinetics,293,c,373.0,383.0,1.0,1.0,1.0,1.0,0.0,0.0,1.0,1.0,True,True,True,0.11256867038436627,1.0602059991327961,0.8795880017344075,True,True,0.0456389444225713
fig2_plus_fig3_kinetics,294,c,373.0,383.0,2.0,1.0,2.0,1.0,0.0,0.0,1.0,1.0,True,True,True,0.14243578537439391,0.840823996531185,1.0602059991327961,True,True,0.04560385885877931
fig2_plus_fig3_kinetics,295,c,373.0,383.0,5.0,1.0,5.0,1.0,0.0,0.0,1.0,1.0,True,True,True,0.129651212302682,0.39794000867203766,1.1806179973983886,True,True,0.047900191036662536
fig2_plus_fig3_kinetics,296,c,373.0,383.0,10.0,1.0,10.0,1.0,0.0,0.0,1.0,1.0,True,True,True,0.03028060710436481,0.30102999566398125,1.1806179973983886,True,True,0.0527214444858584
fig2_plus_fig3_kinetics,297,c,373.0,383.0,20.0,1.0,20.0,1.0,0.0,0.0,1.0,1.0,True,True,True,0.043256759872308426,1.578558006070426,0.8795880017344075,True,True,0.04510469461186718
fig2_plus_fig3_kinetics,298,c,373.0,383.0,50.0,1.0,50.0,1.0,0.0,0.0,1.0,1.0,True,True,True,0.007586430277338812,1.1806179973983886,0.8795880017344075,True,True,0.03978973934472687
fig2_plus_fig3_kinetics,299,c,373.0,383.0,100.0,1.0,1000.0,1.0,1.0,0.0,10.0,1.0,False,True,True,0.06224339653183512,1.1806179973983888,0.8795880017344075,True,True,0.028156449316631138
fig2_plus_fig3_kinetics,300,c,373.0,383.0,0.1,2.0,0.2,2.0,0.3010299956639812,0.0,2.0,1.0,True,True,True,0.07934291683929835,1.1806179973983886,0.3010299956639812,True,True,0.052621691916408385
fig2_plus_fig3_kinetics,301,c,373.0,383.0,0.2,2.0,0.2,2.0,0.0,0.0,1.0,1.0,True,True,True,0.11125670587694747,1.1806179973983886,0.3010299956639812,True,True,0.052368573656085146
fig2_plus_fig3_kinetics,302,c,373.0,383.0,0.5,2.0,0.5,2.0,0.0,0.0,1.0,1.0,True,True,True,0.10391319734312608,1.1806179973983886,0.3010299956639812,True,True,0.05209062200075347
fig2_plus_fig3_kinetics,303,c,373.0,383.0,1.0,2.0,1.0,2.0,0.0,0.0,1.0,1.0,True,True,True,0.12819763102183884,1.0602059991327961,0.48164799306236994,True,True,0.05136958240723472
fig2_plus_fig3_kinetics,304,c,373.0,383.0,2.0,2.0,2.0,2.0,0.0,0.0,1.0,1.0,True,True,True,0.14187911156516075,1.419382002601611,0.840823996531185,True,True,0.05065290627004087
fig2_plus_fig3_kinetics,305,c,373.0,383.0,5.0,2.0,5.0,2.0,0.0,0.0,1.0,1.0,True,True,True,0.13751751308988516,1.0602059991327961,1.1806179973983888,True,True,0.05025215393645782
fig2_plus_fig3_kinetics,306,c,373.0,383.0,10.0,2.0,10.0,2.0,0.0,0.0,1.0,1.0,True,True,True,0.03044620673310297,1.479588001734407,1.1806179973983888,True,True,0.050668408320285914
fig2_plus_fig3_kinetics,307,c,373.0,383.0,20.0,2.0,20.0,2.0,0.0,0.0,1.0,1.0,True,True,True,0.027161770543898883,1.578558006070426,0.48164799306236994,True,True,0.04229071670342815
fig2_plus_fig3_kinetics,308,c,373.0,383.0,50.0,2.0,50.0,2.0,0.0,0.0,1.0,1.0,True,True,True,0.015526835299291173,1.419382002601611,0.48164799306236994,True,True,0.03737006459921783
fig2_plus_fig3_kinetics,309,c,373.0,383.0,100.0,2.0,100.0,2.0,0.0,0.0,1.0,1.0,True,True,True,0.058389577361748934,1.5397940008672037,0.3010299956639812,True,True,0.03380590184408095
fig2_plus_fig3_kinetics,310,c,373.0,383.0,0.1,5.0,0.1,5.0,0.0,0.0,1.0,1.0,True,True,True,0.26516515313723366,1.1806179973983886,0.30102999566398114,True,True,0.05187623274734688
fig2_plus_fig3_kinetics,311,c,373.0,383.0,0.2,5.0,0.1,5.0,0.3010299956639812,0.0,2.0,1.0,True,True,True,0.24262975158612768,1.1806179973983886,0.30102999566398114,True,True,0.05253076600310231
fig2_plus_fig3_kinetics,312,c,373.0,383.0,0.5,5.0,0.5,5.0,0.0,0.0,1.0,1.0,True,True,True,0.24765125150746187,1.1806179973983886,0.30102999566398114,True,True,0.05079225742219611
fig2_plus_fig3_kinetics,313,c,373.0,383.0,1.0,5.0,1.0,5.0,0.0,0.0,1.0,1.0,True,True,True,0.08706344914068473,1.1806179973983886,0.30102999566398114,True,True,0.050911569497635596
fig2_plus_fig3_kinetics,314,c,373.0,383.0,2.0,5.0,2.0,5.0,0.0,0.0,1.0,1.0,True,True,True,0.10069887388384557,1.1806179973983888,0.8408239965311847,True,True,0.04876017309775391
fig2_plus_fig3_kinetics,315,c,373.0,383.0,5.0,5.0,5.0,5.0,0.0,0.0,1.0,1.0,True,True,True,0.12180612661391697,0.5785580060704264,1.840823996531185,True,True,0.04378362282699639
fig2_plus_fig3_kinetics,316,c,373.0,383.0,10.0,5.0,10.0,5.0,0.0,0.0,1.0,1.0,True,True,True,0.1476467995774971,0.18061799739838857,2.1806179973983886,True,True,0.03579098989157321
fig2_plus_fig3_kinetics,317,c,373.0,383.0,20.0,5.0,20.0,5.0,0.0,0.0,1.0,1.0,True,True,True,0.06024383807166874,1.6989700043360187,0.30102999566398114,True,True,0.03084232557270117
fig2_plus_fig3_kinetics,318,c,373.0,383.0,50.0,5.0,50.0,5.0,0.0,0.0,1.0,1.0,True,True,True,0.06798940680459058,1.419382002601611,0.30102999566398114,True,True,0.026846711649757552
fig2_plus_fig3_kinetics,319,c,373.0,383.0,100.0,5.0,100.0,5.0,0.0,0.0,1.0,1.0,True,True,True,0.02685653436775632,1.419382002601611,0.30102999566398114,True,True,0.025977654415090624
fig2_plus_fig3_kinetics,320,c,373.0,383.0,0.1,10.0,0.1,10.0,0.0,0.0,1.0,1.0,True,True,True,0.11072754577659308,0.8795880017344074,0.6020599913279624,True,True,0.04817341198764468
fig2_plus_fig3_kinetics,321,c,373.0,383.0,0.2,10.0,0.1,10.0,0.3010299956639812,0.0,2.0,1.0,True,True,True,0.11051375931484951,0.8795880017344074,0.6020599913279624,True,True,0.04814296217158884
fig2_plus_fig3_kinetics,322,c,373.0,383.0,0.5,10.0,0.5,10.0,0.0,0.0,1.0,1.0,True,True,True,0.08966018213456402,1.0,0.5397940008672035,True,True,0.04684804414468364
fig2_plus_fig3_kinetics,323,c,373.0,383.0,1.0,10.0,1.0,10.0,0.0,0.0,1.0,1.0,True,True,True,0.09328683927840872,1.0602059991327961,0.7204119982655922,True,True,0.045876075588981546
fig2_plus_fig3_kinetics,324,c,373.0,383.0,2.0,10.0,2.0,10.0,0.0,0.0,1.0,1.0,True,True,True,0.10340124248635166,1.1806179973983888,1.060205999132796,True,True,0.04419252746608653
fig2_plus_fig3_kinetics,325,c,373.0,383.0,5.0,10.0,5.0,10.0,0.0,0.0,1.0,1.0,True,True,True,0.05907346470373959,0.2387640052032226,2.060205999132796,True,True,0.04066988018034916
fig2_plus_fig3_kinetics,326,c,373.0,383.0,10.0,10.0,10.0,10.0,0.0,0.0,1.0,1.0,True,True,True,0.06978824956303077,0.18061799739838857,2.060205999132796,True,True,0.03556926516035821
fig2_plus_fig3_kinetics,327,c,373.0,383.0,20.0,10.0,20.0,10.0,0.0,0.0,1.0,1.0,True,True,True,0.076787741952307,1.6989700043360187,1.1806179973983886,True,True,0.030358524504791463
fig2_plus_fig3_kinetics,328,c,373.0,383.0,50.0,10.0,50.0,10.0,0.0,0.0,1.0,1.0,True,True,True,0.03947114608451816,1.1806179973983886,0.5397940008672035,True,True,0.02755730431570688
fig2_plus_fig3_kinetics,329,c,373.0,383.0,100.0,10.0,100.0,10.0,0.0,0.0,1.0,1.0,True,True,True,0.04071910868636558,1.1806179973983886,0.5397940008672035,True,True,0.02578668848117073
fig2_plus_fig3_kinetics,330,c,373.0,383.0,0.1,20.0,0.1,10.0,0.0,0.3010299956639812,1.0,2.0,True,True,True,0.041351997463934975,1.0,0.5397940008672035,True,True,0.048477455537295155
fig2_plus_fig3_kinetics,331,c,373.0,383.0,0.2,20.0,0.1,10.0,0.3010299956639812,0.3010299956639812,2.0,2.0,True,True,True,0.041329545311523906,1.0,0.5397940008672035,True,True,0.048431762959090116
fig2_plus_fig3_kinetics,332,c,373.0,383.0,0.5,20.0,0.5,10.0,0.0,0.3010299956639812,1.0,2.0,True,True,True,0.034909724771958764,1.0,0.5397940008672035,True,True,0.046938929782376515
fig2_plus_fig3_kinetics,333,c,373.0,383.0,1.0,20.0,1.0,10.0,0.0,0.3010299956639812,1.0,2.0,True,True,True,0.037862671367854484,1.0,0.5397940008672035,True,True,0.045991588052423274
fig2_plus_fig3_kinetics,334,c,373.0,383.0,2.0,20.0,2.0,10.0,0.0,0.3010299956639812,1.0,2.0,True,True,True,0.04744909989243671,1.1806179973983888,0.8795880017344073,True,True,0.044387272707349934
fig2_plus_fig3_kinetics,335,c,373.0,383.0,5.0,20.0,5.0,10.0,0.0,0.3010299956639812,1.0,2.0,True,True,True,0.07260895816987877,0.2387640052032226,2.060205999132796,True,True,0.040640805620318944
fig2_plus_fig3_kinetics,336,c,373.0,383.0,10.0,20.0,10.0,10.0,0.0,0.3010299956639812,1.0,2.0,True,True,True,0.0831479728291518,0.18061799739838857,2.060205999132796,True,True,0.035635797331143956
fig2_plus_fig3_kinetics,337,c,373.0,383.0,20.0,20.0,20.0,20.0,0.0,0.0,1.0,1.0,True,True,True,0.0860719378670487,1.6989700043360187,0.8795880017344073,True,True,0.030253534708210024
fig2_plus_fig3_kinetics,338,c,373.0,383.0,50.0,20.0,50.0,20.0,0.0,0.0,1.0,1.0,True,True,True,0.050824452910811606,1.3010299956639813,0.30102999566398125,True,True,0.027494157199942602
fig2_plus_fig3_kinetics,339,c,373.0,383.0,100.0,20.0,100.0,20.0,0.0,0.0,1.0,1.0,True,True,True,0.05103304707173234,1.1806179973983886,0.30102999566398125,True,True,0.02574288967608142
fig2_plus_fig3_kinetics,340,c,373.0,383.0,0.1,50.0,0.2,50.0,0.3010299956639812,0.0,2.0,1.0,True,True,True,0.026979286101261178,0.6989700043360187,1.0214419939295736,True,True,0.041857575833132876
fig2_plus_fig3_kinetics,341,c,373.0,383.0,0.2,50.0,0.2,50.0,0.0,0.0,1.0,1.0,True,True,True,0.027017462021039808,0.6989700043360187,1.0214419939295736,True,True,0.041883578633896926
fig2_plus_fig3_kinetics,342,c,373.0,383.0,0.5,50.0,0.5,50.0,0.0,0.0,1.0,1.0,True,True,True,0.026048652267698397,0.8795880017344074,1.0214419939295736,True,True,0.041218116059073204
fig2_plus_fig3_kinetics,343,c,373.0,383.0,1.0,50.0,1.0,50.0,0.0,0.0,1.0,1.0,True,True,True,0.025516031941650915,0.5397940008672037,1.419382002601611,True,True,0.04054736689086469
fig2_plus_fig3_kinetics,344,c,373.0,383.0,2.0,50.0,2.0,50.0,0.0,0.0,1.0,1.0,True,True,True,0.027562634617643106,0.3010299956639812,1.7591760034688149,True,True,0.03949849842585336
fig2_plus_fig3_kinetics,345,c,373.0,383.0,5.0,50.0,5.0,50.0,0.0,0.0,1.0,1.0,True,True,True,0.04175379633260323,0.2387640052032226,2.060205999132796,True,True,0.037220862514506944
fig2_plus_fig3_kinetics,346,c,373.0,383.0,10.0,50.0,10.0,50.0,0.0,0.0,1.0,1.0,True,True,True,0.032474086057086106,0.18061799739838857,2.060205999132796,True,True,0.03371046986763265
fig2_plus_fig3_kinetics,347,c,373.0,383.0,20.0,50.0,20.0,50.0,0.0,0.0,1.0,1.0,True,True,True,0.020997524638485345,1.6989700043360187,1.5999999999999999,True,True,0.029800451922491394
fig2_plus_fig3_kinetics,348,c,373.0,383.0,50.0,50.0,50.0,50.0,0.0,0.0,1.0,1.0,True,True,True,0.018968146682741834,0.48164799306236983,1.0,True,True,0.02683974188549812
fig2_plus_fig3_kinetics,349,c,373.0,383.0,100.0,50.0,100.0,50.0,0.0,0.0,1.0,1.0,True,True,True,0.01767883254954401,1.0214419939295736,0.8795880017344073,True,True,0.02525829251040198
fig2_plus_fig3_kinetics,350,c,373.0,383.0,0.1,100.0,0.2,100.0,0.3010299956639812,0.0,2.0,1.0,True,True,True,0.024617794232827877,0.6989700043360187,1.0214419939295736,True,True,0.0387944905789524
fig2_plus_fig3_kinetics,351,c,373.0,383.0,0.2,100.0,0.2,100.0,0.0,0.0,1.0,1.0,True,True,True,0.024652813321596995,0.6989700043360187,1.0214419939295736,True,True,0.0388200539829262
fig2_plus_fig3_kinetics,352,c,373.0,383.0,0.5,100.0,0.5,100.0,0.0,0.0,1.0,1.0,True,True,True,0.023622873262414346,0.8795880017344074,1.0214419939295736,True,True,0.038240581317793135
fig2_plus_fig3_kinetics,353,c,373.0,383.0,1.0,100.0,1.0,1000.0,0.0,1.0,1.0,10.0,False,True,True,0.03890183601434554,0.3010299956639812,1.3010299956639813,True,True,0.030791613030914534
fig2_plus_fig3_kinetics,354,c,373.0,383.0,2.0,100.0,2.0,1000.0,0.0,1.0,1.0,10.0,False,True,True,0.04095499520591241,0.3010299956639812,1.8795880017344075,True,True,0.030298327795635363
fig2_plus_fig3_kinetics,355,c,373.0,383.0,5.0,100.0,5.0,1000.0,0.0,1.0,1.0,10.0,False,True,True,0.05623747315226318,0.2387640052032226,2.1806179973983886,True,True,0.029413140794579247
fig2_plus_fig3_kinetics,356,c,373.0,383.0,10.0,100.0,10.0,1000.0,0.0,1.0,1.0,10.0,False,True,True,0.04782541107539406,0.18061799739838857,2.060205999132796,True,True,0.02728740283972261
fig2_plus_fig3_kinetics,357,c,373.0,383.0,20.0,100.0,20.0,1000.0,0.0,1.0,1.0,10.0,False,True,True,0.03832094216633628,1.6989700043360187,1.7591760034688149,True,True,0.024753510895261045
fig2_plus_fig3_kinetics,358,c,373.0,383.0,50.0,100.0,100.0,100.0,0.3010299956639812,0.0,2.0,1.0,True,True,True,0.03253048231344846,1.0214419939295736,1.3010299956639813,True,True,0.024234290103868517
fig2_plus_fig3_kinetics,359,c,373.0,383.0,100.0,100.0,100.0,100.0,0.0,0.0,1.0,1.0,True,True,True,0.027818517888732196,1.0214419939295736,1.1806179973983888,True,True,0.02432620452101856
fig2_plus_fig3_kinetics,360,c,373.0,383.0,0.1,200.0,0.2,200.0,0.3010299956639812,0.0,2.0,1.0,True,True,True,0.04784774594786721,0.6989700043360187,0.8795880017344073,True,True,0.03602625002286461
fig2_plus_fig3_kinetics,361,c,373.0,383.0,0.2,200.0,0.2,200.0,0.0,0.0,1.0,1.0,True,True,True,0.04791791083641133,0.6989700043360187,0.8795880017344073,True,True,0.036047265148648776
fig2_plus_fig3_kinetics,362,c,373.0,383.0,0.5,200.0,0.5,200.0,0.0,0.0,1.0,1.0,True,True,True,0.04681650075497434,0.6989700043360187,1.0602059991327961,True,True,0.035541745220378715
fig2_plus_fig3_kinetics,363,c,373.0,383.0,1.0,200.0,1.0,200.0,0.0,0.0,1.0,1.0,True,True,True,0.04618519050175973,0.5397940008672037,1.1806179973983888,True,True,0.03504536080072006
fig2_plus_fig3_kinetics,364,c,373.0,383.0,2.0,200.0,2.0,200.0,0.0,0.0,1.0,1.0,True,True,True,0.04818617915381262,0.3010299956639812,1.7591760034688149,True,True,0.034343508525715556
fig2_plus_fig3_kinetics,365,c,373.0,383.0,5.0,200.0,5.0,200.0,0.0,0.0,1.0,1.0,True,True,True,0.06295152428180449,0.2387640052032226,2.060205999132796,True,True,0.03295734694252701
fig2_plus_fig3_kinetics,366,c,373.0,383.0,10.0,200.0,10.0,200.0,0.0,0.0,1.0,1.0,True,True,True,0.05380810412874088,0.18061799739838857,2.060205999132796,True,True,0.030310495713061554
fig2_plus_fig3_kinetics,367,c,373.0,383.0,20.0,200.0,20.0,200.0,0.0,0.0,1.0,1.0,True,True,True,0.04170350601316876,1.6989700043360187,1.5999999999999999,True,True,0.027207759506542015
fig2_plus_fig3_kinetics,368,c,373.0,383.0,50.0,200.0,50.0,200.0,0.0,0.0,1.0,1.0,True,True,True,0.0327199688056266,1.3010299956639813,0.5785580060704261,True,True,0.024735363930528352
fig2_plus_fig3_kinetics,369,c,373.0,383.0,100.0,200.0,100.0,200.0,0.0,0.0,1.0,1.0,True,True,True,0.028102832778404925,1.3010299956639813,0.3979400086720375,True,True,0.02343179563680982
fig2_plus_fig3_kinetics,370,c,373.0,383.0,0.1,500.0,0.2,500.0,0.3010299956639812,0.0,2.0,1.0,True,True,True,0.05782946047007652,0.6989700043360187,0.8795880017344073,True,True,0.033272640628319486
fig2_plus_fig3_kinetics,371,c,373.0,383.0,0.2,500.0,0.2,500.0,0.0,0.0,1.0,1.0,True,True,True,0.05792220066040671,0.6989700043360187,0.8795880017344073,True,True,0.03329075729329843
fig2_plus_fig3_kinetics,372,c,373.0,383.0,0.5,500.0,0.5,500.0,0.0,0.0,1.0,1.0,True,True,True,0.05678504886421703,0.8795880017344074,0.7591760034688146,True,True,0.03284913298697775
fig2_plus_fig3_kinetics,373,c,373.0,383.0,1.0,500.0,1.0,500.0,0.0,0.0,1.0,1.0,True,True,True,0.05616558392163118,0.8795880017344075,1.0602059991327961,True,True,0.03241961822928373
fig2_plus_fig3_kinetics,374,c,373.0,383.0,2.0,500.0,2.0,500.0,0.0,0.0,1.0,1.0,True,True,True,0.05830053424935128,0.3010299956639812,1.7591760034688149,True,True,0.03184777329287931
fig2_plus_fig3_kinetics,375,c,373.0,383.0,5.0,500.0,5.0,500.0,0.0,0.0,1.0,1.0,True,True,True,0.04493243371734436,0.2387640052032226,2.060205999132796,True,True,0.030553806095516858
fig2_plus_fig3_kinetics,376,c,373.0,383.0,10.0,500.0,10.0,500.0,0.0,0.0,1.0,1.0,True,True,True,0.037851927888239816,0.30102999566398125,1.8795880017344075,True,True,0.02820374411837378
fig2_plus_fig3_kinetics,377,c,373.0,383.0,20.0,500.0,20.0,500.0,0.0,0.0,1.0,1.0,True,True,True,0.04435950188774538,1.6989700043360187,1.1806179973983888,True,True,0.025439749682552693
fig2_plus_fig3_kinetics,378,c,373.0,383.0,50.0,500.0,50.0,500.0,0.0,0.0,1.0,1.0,True,True,True,0.04941525067248219,0.6020599913279625,0.6989700043360187,True,True,0.023150710048887965
fig2_plus_fig3_kinetics,379,c,373.0,383.0,100.0,500.0,100.0,500.0,0.0,0.0,1.0,1.0,True,True,True,0.05300843394156851,0.6020599913279625,0.6989700043360187,True,True,0.021845643635105494
fig2_plus_fig3_kinetics,380,c,373.0,383.0,0.1,1000.0,0.2,1000.0,0.3010299956639812,0.0,2.0,1.0,True,True,True,0.06981967986047312,0.6989700043360187,1.3010299956639813,True,True,0.031392043958222614
fig2_plus_fig3_kinetics,381,c,373.0,383.0,0.2,1000.0,0.2,1000.0,0.0,0.0,1.0,1.0,True,True,True,0.06994312744698625,0.6989700043360187,1.3010299956639813,True,True,0.03140359995742223
fig2_plus_fig3_kinetics,382,c,373.0,383.0,0.5,1000.0,0.5,1000.0,0.0,0.0,1.0,1.0,True,True,True,0.06876705391608681,0.6989700043360187,1.1806179973983888,True,True,0.031007866529892406
fig2_plus_fig3_kinetics,383,c,373.0,383.0,1.0,1000.0,1.0,1000.0,0.0,0.0,1.0,1.0,True,True,True,0.06817708544835635,0.3010299956639812,1.3010299956639813,True,True,0.030616149317157157
fig2_plus_fig3_kinetics,384,c,373.0,383.0,2.0,1000.0,2.0,1000.0,0.0,0.0,1.0,1.0,True,True,True,0.07048926561238625,0.3010299956639812,1.8795880017344075,True,True,0.030107274950314532
fig2_plus_fig3_kinetics,385,c,373.0,383.0,5.0,1000.0,5.0,1000.0,0.0,0.0,1.0,1.0,True,True,True,0.045194182435171405,0.39794000867203766,1.8795880017344075,True,True,0.02920444932593899
fig2_plus_fig3_kinetics,386,c,373.0,383.0,10.0,1000.0,10.0,1000.0,0.0,0.0,1.0,1.0,True,True,True,0.03634237212399316,0.30102999566398125,1.8795880017344075,True,True,0.02706780638496005
fig2_plus_fig3_kinetics,387,c,373.0,383.0,20.0,1000.0,20.0,1000.0,0.0,0.0,1.0,1.0,True,True,True,0.03942418569278031,1.578558006070426,1.5397940008672037,True,True,0.024519208456089688
fig2_plus_fig3_kinetics,388,c,373.0,383.0,50.0,1000.0,50.0,1000.0,0.0,0.0,1.0,1.0,True,True,True,0.044885465664764715,0.840823996531185,1.0,True,True,0.02238383892351937
fig2_plus_fig3_kinetics,389,c,373.0,383.0,100.0,1000.0,100.0,1000.0,0.0,0.0,1.0,1.0,True,True,True,0.04869035400258379,0.840823996531185,1.0,True,True,0.021171329769653812
